ISO-10303-21;
HEADER;
/* Generated by software containing ST-Developer
 * from STEP Tools, Inc. (www.steptools.com) 
 */
/* OPTION: using custom renumber hook */

FILE_DESCRIPTION(
/* description */ ('STEP AP242 Edition 2',
'CAx-IF Rec.Pracs.---Representation and Presentation of Product Manufa
cturing Information (PMI)---4.0---2014-10-13',
'CAx-IF Rec.Pracs.---3D Tessellated Geometry---0.4---2014-09-14','2;1',
'CAx-IF Rec.Pracs.---User Defined Attributes---1.5---2016-08-15'),
/* implementation_level */ '2;1');

FILE_NAME(
/* name */ 'Part Studio 1',
/* time_stamp */ '2026-06-03T08:42:50Z',
/* author */ (''),
/* organization */ (''),
/* preprocessor_version */ 'ST-DEVELOPER v20',
/* originating_system */ 'ONSHAPE BY PTC INC, 1.215',
/* authorisation */ '  ');

FILE_SCHEMA (('AP242_MANAGED_MODEL_BASED_3D_ENGINEERING_MIM_LF { 1 0 10303 442 3 1 4 }'));
ENDSEC;

DATA;
#10=B_SPLINE_SURFACE_WITH_KNOTS('',3,1,((#12376,#12377),(#12378,#12379),
(#12380,#12381),(#12382,#12383)),.SURF_OF_LINEAR_EXTRUSION.,.F.,.F.,.F.,
(4,4),(2,2),(0.,1.),(0.,1.),.PIECEWISE_BEZIER_KNOTS.);
#11=B_SPLINE_SURFACE_WITH_KNOTS('',3,1,((#12395,#12396),(#12397,#12398),
(#12399,#12400),(#12401,#12402)),.SURF_OF_LINEAR_EXTRUSION.,.F.,.F.,.F.,
(4,4),(2,2),(0.,1.),(0.,1.),.PIECEWISE_BEZIER_KNOTS.);
#12=B_SPLINE_SURFACE_WITH_KNOTS('',3,1,((#12412,#12413),(#12414,#12415),
(#12416,#12417),(#12418,#12419)),.SURF_OF_LINEAR_EXTRUSION.,.F.,.F.,.F.,
(4,4),(2,2),(0.,1.),(0.,1.),.PIECEWISE_BEZIER_KNOTS.);
#13=B_SPLINE_SURFACE_WITH_KNOTS('',3,1,((#12429,#12430),(#12431,#12432),
(#12433,#12434),(#12435,#12436)),.SURF_OF_LINEAR_EXTRUSION.,.F.,.F.,.F.,
(4,4),(2,2),(0.,1.),(0.,1.),.PIECEWISE_BEZIER_KNOTS.);
#14=B_SPLINE_SURFACE_WITH_KNOTS('',3,1,((#12454,#12455),(#12456,#12457),
(#12458,#12459),(#12460,#12461)),.SURF_OF_LINEAR_EXTRUSION.,.F.,.F.,.F.,
(4,4),(2,2),(0.,1.),(0.,1.),.PIECEWISE_BEZIER_KNOTS.);
#15=B_SPLINE_SURFACE_WITH_KNOTS('',3,1,((#12471,#12472),(#12473,#12474),
(#12475,#12476),(#12477,#12478)),.SURF_OF_LINEAR_EXTRUSION.,.F.,.F.,.F.,
(4,4),(2,2),(0.,1.),(0.,1.),.PIECEWISE_BEZIER_KNOTS.);
#16=B_SPLINE_SURFACE_WITH_KNOTS('',3,1,((#12487,#12488),(#12489,#12490),
(#12491,#12492),(#12493,#12494)),.SURF_OF_LINEAR_EXTRUSION.,.F.,.F.,.F.,
(4,4),(2,2),(0.,1.),(0.,1.),.PIECEWISE_BEZIER_KNOTS.);
#17=B_SPLINE_SURFACE_WITH_KNOTS('',3,1,((#12513,#12514),(#12515,#12516),
(#12517,#12518),(#12519,#12520)),.SURF_OF_LINEAR_EXTRUSION.,.F.,.F.,.F.,
(4,4),(2,2),(0.,1.),(0.,1.),.PIECEWISE_BEZIER_KNOTS.);
#18=B_SPLINE_SURFACE_WITH_KNOTS('',3,1,((#12530,#12531),(#12532,#12533),
(#12534,#12535),(#12536,#12537)),.SURF_OF_LINEAR_EXTRUSION.,.F.,.F.,.F.,
(4,4),(2,2),(0.,1.),(0.,1.),.PIECEWISE_BEZIER_KNOTS.);
#19=B_SPLINE_SURFACE_WITH_KNOTS('',3,1,((#12553,#12554),(#12555,#12556),
(#12557,#12558),(#12559,#12560)),.SURF_OF_LINEAR_EXTRUSION.,.F.,.F.,.F.,
(4,4),(2,2),(0.,1.),(0.,1.),.PIECEWISE_BEZIER_KNOTS.);
#20=B_SPLINE_SURFACE_WITH_KNOTS('',3,1,((#12570,#12571),(#12572,#12573),
(#12574,#12575),(#12576,#12577)),.SURF_OF_LINEAR_EXTRUSION.,.F.,.F.,.F.,
(4,4),(2,2),(0.,1.),(0.,1.),.PIECEWISE_BEZIER_KNOTS.);
#21=B_SPLINE_SURFACE_WITH_KNOTS('',3,1,((#12593,#12594),(#12595,#12596),
(#12597,#12598),(#12599,#12600)),.SURF_OF_LINEAR_EXTRUSION.,.F.,.F.,.F.,
(4,4),(2,2),(0.,1.),(0.,1.),.PIECEWISE_BEZIER_KNOTS.);
#22=B_SPLINE_SURFACE_WITH_KNOTS('',3,1,((#12610,#12611),(#12612,#12613),
(#12614,#12615),(#12616,#12617)),.SURF_OF_LINEAR_EXTRUSION.,.F.,.F.,.F.,
(4,4),(2,2),(0.,1.),(0.,1.),.PIECEWISE_BEZIER_KNOTS.);
#23=B_SPLINE_SURFACE_WITH_KNOTS('',3,1,((#12636,#12637),(#12638,#12639),
(#12640,#12641),(#12642,#12643)),.SURF_OF_LINEAR_EXTRUSION.,.F.,.F.,.F.,
(4,4),(2,2),(0.,1.),(0.,1.),.PIECEWISE_BEZIER_KNOTS.);
#24=B_SPLINE_SURFACE_WITH_KNOTS('',3,1,((#12653,#12654),(#12655,#12656),
(#12657,#12658),(#12659,#12660)),.SURF_OF_LINEAR_EXTRUSION.,.F.,.F.,.F.,
(4,4),(2,2),(0.,1.),(0.,1.),.PIECEWISE_BEZIER_KNOTS.);
#25=B_SPLINE_SURFACE_WITH_KNOTS('',3,1,((#12676,#12677),(#12678,#12679),
(#12680,#12681),(#12682,#12683)),.SURF_OF_LINEAR_EXTRUSION.,.F.,.F.,.F.,
(4,4),(2,2),(0.,1.),(0.,1.),.PIECEWISE_BEZIER_KNOTS.);
#26=B_SPLINE_SURFACE_WITH_KNOTS('',3,1,((#12693,#12694),(#12695,#12696),
(#12697,#12698),(#12699,#12700)),.SURF_OF_LINEAR_EXTRUSION.,.F.,.F.,.F.,
(4,4),(2,2),(0.,1.),(0.,1.),.PIECEWISE_BEZIER_KNOTS.);
#27=B_SPLINE_SURFACE_WITH_KNOTS('',3,1,((#12716,#12717),(#12718,#12719),
(#12720,#12721),(#12722,#12723)),.SURF_OF_LINEAR_EXTRUSION.,.F.,.F.,.F.,
(4,4),(2,2),(0.,1.),(0.,1.),.PIECEWISE_BEZIER_KNOTS.);
#28=B_SPLINE_SURFACE_WITH_KNOTS('',3,1,((#12733,#12734),(#12735,#12736),
(#12737,#12738),(#12739,#12740)),.SURF_OF_LINEAR_EXTRUSION.,.F.,.F.,.F.,
(4,4),(2,2),(0.,1.),(0.,1.),.PIECEWISE_BEZIER_KNOTS.);
#29=B_SPLINE_SURFACE_WITH_KNOTS('',3,1,((#12752,#12753),(#12754,#12755),
(#12756,#12757),(#12758,#12759)),.SURF_OF_LINEAR_EXTRUSION.,.F.,.F.,.F.,
(4,4),(2,2),(0.,1.),(0.,1.),.PIECEWISE_BEZIER_KNOTS.);
#30=B_SPLINE_SURFACE_WITH_KNOTS('',3,1,((#12769,#12770),(#12771,#12772),
(#12773,#12774),(#12775,#12776)),.SURF_OF_LINEAR_EXTRUSION.,.F.,.F.,.F.,
(4,4),(2,2),(0.,1.),(0.,1.),.PIECEWISE_BEZIER_KNOTS.);
#31=B_SPLINE_SURFACE_WITH_KNOTS('',3,1,((#12782,#12783),(#12784,#12785),
(#12786,#12787),(#12788,#12789)),.SURF_OF_LINEAR_EXTRUSION.,.F.,.F.,.F.,
(4,4),(2,2),(0.,1.),(0.,1.),.PIECEWISE_BEZIER_KNOTS.);
#32=B_SPLINE_SURFACE_WITH_KNOTS('',3,1,((#12799,#12800),(#12801,#12802),
(#12803,#12804),(#12805,#12806)),.SURF_OF_LINEAR_EXTRUSION.,.F.,.F.,.F.,
(4,4),(2,2),(0.,1.),(0.,1.),.PIECEWISE_BEZIER_KNOTS.);
#33=B_SPLINE_SURFACE_WITH_KNOTS('',3,1,((#12812,#12813),(#12814,#12815),
(#12816,#12817),(#12818,#12819)),.SURF_OF_LINEAR_EXTRUSION.,.F.,.F.,.F.,
(4,4),(2,2),(0.,1.),(0.,1.),.PIECEWISE_BEZIER_KNOTS.);
#34=B_SPLINE_SURFACE_WITH_KNOTS('',3,1,((#12825,#12826),(#12827,#12828),
(#12829,#12830),(#12831,#12832)),.SURF_OF_LINEAR_EXTRUSION.,.F.,.F.,.F.,
(4,4),(2,2),(0.,1.),(0.,1.),.PIECEWISE_BEZIER_KNOTS.);
#35=B_SPLINE_SURFACE_WITH_KNOTS('',3,1,((#12842,#12843),(#12844,#12845),
(#12846,#12847),(#12848,#12849)),.SURF_OF_LINEAR_EXTRUSION.,.F.,.F.,.F.,
(4,4),(2,2),(0.,1.),(0.,1.),.PIECEWISE_BEZIER_KNOTS.);
#36=B_SPLINE_SURFACE_WITH_KNOTS('',3,1,((#12855,#12856),(#12857,#12858),
(#12859,#12860),(#12861,#12862)),.SURF_OF_LINEAR_EXTRUSION.,.F.,.F.,.F.,
(4,4),(2,2),(0.,1.),(0.,1.),.PIECEWISE_BEZIER_KNOTS.);
#37=B_SPLINE_SURFACE_WITH_KNOTS('',3,1,((#12878,#12879),(#12880,#12881),
(#12882,#12883),(#12884,#12885)),.SURF_OF_LINEAR_EXTRUSION.,.F.,.F.,.F.,
(4,4),(2,2),(0.,1.),(0.,1.),.PIECEWISE_BEZIER_KNOTS.);
#38=B_SPLINE_SURFACE_WITH_KNOTS('',3,1,((#12897,#12898),(#12899,#12900),
(#12901,#12902),(#12903,#12904)),.SURF_OF_LINEAR_EXTRUSION.,.F.,.F.,.F.,
(4,4),(2,2),(0.,1.),(0.,1.),.PIECEWISE_BEZIER_KNOTS.);
#39=B_SPLINE_SURFACE_WITH_KNOTS('',3,1,((#12914,#12915),(#12916,#12917),
(#12918,#12919),(#12920,#12921)),.SURF_OF_LINEAR_EXTRUSION.,.F.,.F.,.F.,
(4,4),(2,2),(0.,1.),(0.,1.),.PIECEWISE_BEZIER_KNOTS.);
#40=B_SPLINE_SURFACE_WITH_KNOTS('',3,1,((#12931,#12932),(#12933,#12934),
(#12935,#12936),(#12937,#12938)),.SURF_OF_LINEAR_EXTRUSION.,.F.,.F.,.F.,
(4,4),(2,2),(0.,1.),(0.,1.),.PIECEWISE_BEZIER_KNOTS.);
#41=B_SPLINE_SURFACE_WITH_KNOTS('',3,1,((#12948,#12949),(#12950,#12951),
(#12952,#12953),(#12954,#12955)),.SURF_OF_LINEAR_EXTRUSION.,.F.,.F.,.F.,
(4,4),(2,2),(0.,1.),(0.,1.),.PIECEWISE_BEZIER_KNOTS.);
#42=B_SPLINE_SURFACE_WITH_KNOTS('',3,1,((#12965,#12966),(#12967,#12968),
(#12969,#12970),(#12971,#12972)),.SURF_OF_LINEAR_EXTRUSION.,.F.,.F.,.F.,
(4,4),(2,2),(0.,1.),(0.,1.),.PIECEWISE_BEZIER_KNOTS.);
#43=B_SPLINE_SURFACE_WITH_KNOTS('',3,1,((#12978,#12979),(#12980,#12981),
(#12982,#12983),(#12984,#12985)),.SURF_OF_LINEAR_EXTRUSION.,.F.,.F.,.F.,
(4,4),(2,2),(0.,1.),(0.,1.),.PIECEWISE_BEZIER_KNOTS.);
#44=B_SPLINE_SURFACE_WITH_KNOTS('',3,1,((#13027,#13028),(#13029,#13030),
(#13031,#13032),(#13033,#13034)),.SURF_OF_LINEAR_EXTRUSION.,.F.,.F.,.F.,
(4,4),(2,2),(0.,1.),(0.,1.),.PIECEWISE_BEZIER_KNOTS.);
#45=B_SPLINE_SURFACE_WITH_KNOTS('',3,1,((#13040,#13041),(#13042,#13043),
(#13044,#13045),(#13046,#13047)),.SURF_OF_LINEAR_EXTRUSION.,.F.,.F.,.F.,
(4,4),(2,2),(0.,1.),(0.,1.),.PIECEWISE_BEZIER_KNOTS.);
#46=B_SPLINE_SURFACE_WITH_KNOTS('',3,1,((#13059,#13060),(#13061,#13062),
(#13063,#13064),(#13065,#13066)),.SURF_OF_LINEAR_EXTRUSION.,.F.,.F.,.F.,
(4,4),(2,2),(0.,1.),(0.,1.),.PIECEWISE_BEZIER_KNOTS.);
#47=B_SPLINE_SURFACE_WITH_KNOTS('',3,1,((#13076,#13077),(#13078,#13079),
(#13080,#13081),(#13082,#13083)),.SURF_OF_LINEAR_EXTRUSION.,.F.,.F.,.F.,
(4,4),(2,2),(0.,1.),(0.,1.),.PIECEWISE_BEZIER_KNOTS.);
#48=B_SPLINE_SURFACE_WITH_KNOTS('',3,1,((#13093,#13094),(#13095,#13096),
(#13097,#13098),(#13099,#13100)),.SURF_OF_LINEAR_EXTRUSION.,.F.,.F.,.F.,
(4,4),(2,2),(0.,1.),(0.,1.),.PIECEWISE_BEZIER_KNOTS.);
#49=B_SPLINE_SURFACE_WITH_KNOTS('',3,1,((#13109,#13110),(#13111,#13112),
(#13113,#13114),(#13115,#13116)),.SURF_OF_LINEAR_EXTRUSION.,.F.,.F.,.F.,
(4,4),(2,2),(0.,1.),(0.,1.),.PIECEWISE_BEZIER_KNOTS.);
#50=B_SPLINE_SURFACE_WITH_KNOTS('',3,1,((#13128,#13129),(#13130,#13131),
(#13132,#13133),(#13134,#13135)),.SURF_OF_LINEAR_EXTRUSION.,.F.,.F.,.F.,
(4,4),(2,2),(0.,1.),(0.,1.),.PIECEWISE_BEZIER_KNOTS.);
#51=B_SPLINE_SURFACE_WITH_KNOTS('',3,1,((#13145,#13146),(#13147,#13148),
(#13149,#13150),(#13151,#13152)),.SURF_OF_LINEAR_EXTRUSION.,.F.,.F.,.F.,
(4,4),(2,2),(0.,1.),(0.,1.),.PIECEWISE_BEZIER_KNOTS.);
#52=B_SPLINE_SURFACE_WITH_KNOTS('',3,1,((#13162,#13163),(#13164,#13165),
(#13166,#13167),(#13168,#13169)),.SURF_OF_LINEAR_EXTRUSION.,.F.,.F.,.F.,
(4,4),(2,2),(0.,1.),(0.,1.),.PIECEWISE_BEZIER_KNOTS.);
#53=B_SPLINE_SURFACE_WITH_KNOTS('',3,1,((#13178,#13179),(#13180,#13181),
(#13182,#13183),(#13184,#13185)),.SURF_OF_LINEAR_EXTRUSION.,.F.,.F.,.F.,
(4,4),(2,2),(0.,1.),(0.,1.),.PIECEWISE_BEZIER_KNOTS.);
#54=B_SPLINE_SURFACE_WITH_KNOTS('',3,1,((#13197,#13198),(#13199,#13200),
(#13201,#13202),(#13203,#13204)),.SURF_OF_LINEAR_EXTRUSION.,.F.,.F.,.F.,
(4,4),(2,2),(0.,1.),(0.,1.),.PIECEWISE_BEZIER_KNOTS.);
#55=B_SPLINE_SURFACE_WITH_KNOTS('',3,1,((#13214,#13215),(#13216,#13217),
(#13218,#13219),(#13220,#13221)),.SURF_OF_LINEAR_EXTRUSION.,.F.,.F.,.F.,
(4,4),(2,2),(0.,1.),(0.,1.),.PIECEWISE_BEZIER_KNOTS.);
#56=B_SPLINE_SURFACE_WITH_KNOTS('',3,1,((#13231,#13232),(#13233,#13234),
(#13235,#13236),(#13237,#13238)),.SURF_OF_LINEAR_EXTRUSION.,.F.,.F.,.F.,
(4,4),(2,2),(0.,1.),(0.,1.),.PIECEWISE_BEZIER_KNOTS.);
#57=B_SPLINE_SURFACE_WITH_KNOTS('',3,1,((#13248,#13249),(#13250,#13251),
(#13252,#13253),(#13254,#13255)),.SURF_OF_LINEAR_EXTRUSION.,.F.,.F.,.F.,
(4,4),(2,2),(0.,1.),(0.,1.),.PIECEWISE_BEZIER_KNOTS.);
#58=B_SPLINE_SURFACE_WITH_KNOTS('',3,1,((#13265,#13266),(#13267,#13268),
(#13269,#13270),(#13271,#13272)),.SURF_OF_LINEAR_EXTRUSION.,.F.,.F.,.F.,
(4,4),(2,2),(0.,1.),(0.,1.),.PIECEWISE_BEZIER_KNOTS.);
#59=B_SPLINE_SURFACE_WITH_KNOTS('',3,1,((#13282,#13283),(#13284,#13285),
(#13286,#13287),(#13288,#13289)),.SURF_OF_LINEAR_EXTRUSION.,.F.,.F.,.F.,
(4,4),(2,2),(0.,1.),(0.,1.),.PIECEWISE_BEZIER_KNOTS.);
#60=B_SPLINE_SURFACE_WITH_KNOTS('',3,1,((#13299,#13300),(#13301,#13302),
(#13303,#13304),(#13305,#13306)),.SURF_OF_LINEAR_EXTRUSION.,.F.,.F.,.F.,
(4,4),(2,2),(0.,1.),(0.,1.),.PIECEWISE_BEZIER_KNOTS.);
#61=B_SPLINE_SURFACE_WITH_KNOTS('',3,1,((#13316,#13317),(#13318,#13319),
(#13320,#13321),(#13322,#13323)),.SURF_OF_LINEAR_EXTRUSION.,.F.,.F.,.F.,
(4,4),(2,2),(0.,1.),(0.,1.),.PIECEWISE_BEZIER_KNOTS.);
#62=B_SPLINE_SURFACE_WITH_KNOTS('',3,1,((#13333,#13334),(#13335,#13336),
(#13337,#13338),(#13339,#13340)),.SURF_OF_LINEAR_EXTRUSION.,.F.,.F.,.F.,
(4,4),(2,2),(0.,1.),(0.,1.),.PIECEWISE_BEZIER_KNOTS.);
#63=B_SPLINE_SURFACE_WITH_KNOTS('',3,1,((#13350,#13351),(#13352,#13353),
(#13354,#13355),(#13356,#13357)),.SURF_OF_LINEAR_EXTRUSION.,.F.,.F.,.F.,
(4,4),(2,2),(0.,1.),(0.,1.),.PIECEWISE_BEZIER_KNOTS.);
#64=B_SPLINE_SURFACE_WITH_KNOTS('',3,1,((#13367,#13368),(#13369,#13370),
(#13371,#13372),(#13373,#13374)),.SURF_OF_LINEAR_EXTRUSION.,.F.,.F.,.F.,
(4,4),(2,2),(0.,1.),(0.,1.),.PIECEWISE_BEZIER_KNOTS.);
#65=B_SPLINE_SURFACE_WITH_KNOTS('',3,1,((#13383,#13384),(#13385,#13386),
(#13387,#13388),(#13389,#13390)),.SURF_OF_LINEAR_EXTRUSION.,.F.,.F.,.F.,
(4,4),(2,2),(0.,1.),(0.,1.),.PIECEWISE_BEZIER_KNOTS.);
#66=B_SPLINE_SURFACE_WITH_KNOTS('',3,1,((#13402,#13403),(#13404,#13405),
(#13406,#13407),(#13408,#13409)),.SURF_OF_LINEAR_EXTRUSION.,.F.,.F.,.F.,
(4,4),(2,2),(0.,1.),(0.,1.),.PIECEWISE_BEZIER_KNOTS.);
#67=B_SPLINE_SURFACE_WITH_KNOTS('',3,1,((#13419,#13420),(#13421,#13422),
(#13423,#13424),(#13425,#13426)),.SURF_OF_LINEAR_EXTRUSION.,.F.,.F.,.F.,
(4,4),(2,2),(0.,1.),(0.,1.),.PIECEWISE_BEZIER_KNOTS.);
#68=B_SPLINE_SURFACE_WITH_KNOTS('',3,1,((#13432,#13433),(#13434,#13435),
(#13436,#13437),(#13438,#13439)),.SURF_OF_LINEAR_EXTRUSION.,.F.,.F.,.F.,
(4,4),(2,2),(0.,1.),(0.,1.),.PIECEWISE_BEZIER_KNOTS.);
#69=B_SPLINE_SURFACE_WITH_KNOTS('',3,1,((#13449,#13450),(#13451,#13452),
(#13453,#13454),(#13455,#13456)),.SURF_OF_LINEAR_EXTRUSION.,.F.,.F.,.F.,
(4,4),(2,2),(0.,1.),(0.,1.),.PIECEWISE_BEZIER_KNOTS.);
#70=B_SPLINE_SURFACE_WITH_KNOTS('',3,1,((#13462,#13463),(#13464,#13465),
(#13466,#13467),(#13468,#13469)),.SURF_OF_LINEAR_EXTRUSION.,.F.,.F.,.F.,
(4,4),(2,2),(0.,1.),(0.,1.),.PIECEWISE_BEZIER_KNOTS.);
#71=B_SPLINE_SURFACE_WITH_KNOTS('',3,1,((#13479,#13480),(#13481,#13482),
(#13483,#13484),(#13485,#13486)),.SURF_OF_LINEAR_EXTRUSION.,.F.,.F.,.F.,
(4,4),(2,2),(0.,1.),(0.,1.),.PIECEWISE_BEZIER_KNOTS.);
#72=B_SPLINE_SURFACE_WITH_KNOTS('',3,1,((#13496,#13497),(#13498,#13499),
(#13500,#13501),(#13502,#13503)),.SURF_OF_LINEAR_EXTRUSION.,.F.,.F.,.F.,
(4,4),(2,2),(0.,1.),(0.,1.),.PIECEWISE_BEZIER_KNOTS.);
#73=B_SPLINE_SURFACE_WITH_KNOTS('',3,1,((#13513,#13514),(#13515,#13516),
(#13517,#13518),(#13519,#13520)),.SURF_OF_LINEAR_EXTRUSION.,.F.,.F.,.F.,
(4,4),(2,2),(0.,1.),(0.,1.),.PIECEWISE_BEZIER_KNOTS.);
#74=B_SPLINE_SURFACE_WITH_KNOTS('',3,1,((#13526,#13527),(#13528,#13529),
(#13530,#13531),(#13532,#13533)),.SURF_OF_LINEAR_EXTRUSION.,.F.,.F.,.F.,
(4,4),(2,2),(0.,1.),(0.,1.),.PIECEWISE_BEZIER_KNOTS.);
#75=B_SPLINE_SURFACE_WITH_KNOTS('',3,1,((#13543,#13544),(#13545,#13546),
(#13547,#13548),(#13549,#13550)),.SURF_OF_LINEAR_EXTRUSION.,.F.,.F.,.F.,
(4,4),(2,2),(0.,1.),(0.,1.),.PIECEWISE_BEZIER_KNOTS.);
#76=B_SPLINE_SURFACE_WITH_KNOTS('',3,1,((#13556,#13557),(#13558,#13559),
(#13560,#13561),(#13562,#13563)),.SURF_OF_LINEAR_EXTRUSION.,.F.,.F.,.F.,
(4,4),(2,2),(0.,1.),(0.,1.),.PIECEWISE_BEZIER_KNOTS.);
#77=B_SPLINE_SURFACE_WITH_KNOTS('',3,1,((#13572,#13573),(#13574,#13575),
(#13576,#13577),(#13578,#13579)),.SURF_OF_LINEAR_EXTRUSION.,.F.,.F.,.F.,
(4,4),(2,2),(0.,1.),(0.,1.),.PIECEWISE_BEZIER_KNOTS.);
#78=B_SPLINE_SURFACE_WITH_KNOTS('',3,1,((#13591,#13592),(#13593,#13594),
(#13595,#13596),(#13597,#13598)),.SURF_OF_LINEAR_EXTRUSION.,.F.,.F.,.F.,
(4,4),(2,2),(0.,1.),(0.,1.),.PIECEWISE_BEZIER_KNOTS.);
#79=B_SPLINE_SURFACE_WITH_KNOTS('',3,1,((#13608,#13609),(#13610,#13611),
(#13612,#13613),(#13614,#13615)),.SURF_OF_LINEAR_EXTRUSION.,.F.,.F.,.F.,
(4,4),(2,2),(0.,1.),(0.,1.),.PIECEWISE_BEZIER_KNOTS.);
#80=B_SPLINE_SURFACE_WITH_KNOTS('',3,1,((#13625,#13626),(#13627,#13628),
(#13629,#13630),(#13631,#13632)),.SURF_OF_LINEAR_EXTRUSION.,.F.,.F.,.F.,
(4,4),(2,2),(0.,1.),(0.,1.),.PIECEWISE_BEZIER_KNOTS.);
#81=B_SPLINE_SURFACE_WITH_KNOTS('',3,1,((#13646,#13647),(#13648,#13649),
(#13650,#13651),(#13652,#13653)),.SURF_OF_LINEAR_EXTRUSION.,.F.,.F.,.F.,
(4,4),(2,2),(0.,1.),(0.,1.),.PIECEWISE_BEZIER_KNOTS.);
#82=B_SPLINE_SURFACE_WITH_KNOTS('',3,1,((#13667,#13668),(#13669,#13670),
(#13671,#13672),(#13673,#13674)),.SURF_OF_LINEAR_EXTRUSION.,.F.,.F.,.F.,
(4,4),(2,2),(0.,1.),(0.,1.),.PIECEWISE_BEZIER_KNOTS.);
#83=B_SPLINE_SURFACE_WITH_KNOTS('',3,1,((#13680,#13681),(#13682,#13683),
(#13684,#13685),(#13686,#13687)),.SURF_OF_LINEAR_EXTRUSION.,.F.,.F.,.F.,
(4,4),(2,2),(0.,1.),(0.,1.),.PIECEWISE_BEZIER_KNOTS.);
#84=B_SPLINE_SURFACE_WITH_KNOTS('',3,1,((#13697,#13698),(#13699,#13700),
(#13701,#13702),(#13703,#13704)),.SURF_OF_LINEAR_EXTRUSION.,.F.,.F.,.F.,
(4,4),(2,2),(0.,1.),(0.,1.),.PIECEWISE_BEZIER_KNOTS.);
#85=B_SPLINE_SURFACE_WITH_KNOTS('',3,1,((#13710,#13711),(#13712,#13713),
(#13714,#13715),(#13716,#13717)),.SURF_OF_LINEAR_EXTRUSION.,.F.,.F.,.F.,
(4,4),(2,2),(0.,1.),(0.,1.),.PIECEWISE_BEZIER_KNOTS.);
#86=B_SPLINE_SURFACE_WITH_KNOTS('',3,1,((#13727,#13728),(#13729,#13730),
(#13731,#13732),(#13733,#13734)),.SURF_OF_LINEAR_EXTRUSION.,.F.,.F.,.F.,
(4,4),(2,2),(0.,1.),(0.,1.),.PIECEWISE_BEZIER_KNOTS.);
#87=B_SPLINE_SURFACE_WITH_KNOTS('',3,1,((#13744,#13745),(#13746,#13747),
(#13748,#13749),(#13750,#13751)),.SURF_OF_LINEAR_EXTRUSION.,.F.,.F.,.F.,
(4,4),(2,2),(0.,1.),(0.,1.),.PIECEWISE_BEZIER_KNOTS.);
#88=B_SPLINE_SURFACE_WITH_KNOTS('',3,1,((#13761,#13762),(#13763,#13764),
(#13765,#13766),(#13767,#13768)),.SURF_OF_LINEAR_EXTRUSION.,.F.,.F.,.F.,
(4,4),(2,2),(0.,1.),(0.,1.),.PIECEWISE_BEZIER_KNOTS.);
#89=B_SPLINE_SURFACE_WITH_KNOTS('',3,1,((#13774,#13775),(#13776,#13777),
(#13778,#13779),(#13780,#13781)),.SURF_OF_LINEAR_EXTRUSION.,.F.,.F.,.F.,
(4,4),(2,2),(0.,1.),(0.,1.),.PIECEWISE_BEZIER_KNOTS.);
#90=B_SPLINE_SURFACE_WITH_KNOTS('',3,1,((#13791,#13792),(#13793,#13794),
(#13795,#13796),(#13797,#13798)),.SURF_OF_LINEAR_EXTRUSION.,.F.,.F.,.F.,
(4,4),(2,2),(0.,1.),(0.,1.),.PIECEWISE_BEZIER_KNOTS.);
#91=B_SPLINE_SURFACE_WITH_KNOTS('',3,1,((#13808,#13809),(#13810,#13811),
(#13812,#13813),(#13814,#13815)),.SURF_OF_LINEAR_EXTRUSION.,.F.,.F.,.F.,
(4,4),(2,2),(0.,1.),(0.,1.),.PIECEWISE_BEZIER_KNOTS.);
#92=B_SPLINE_SURFACE_WITH_KNOTS('',3,1,((#13825,#13826),(#13827,#13828),
(#13829,#13830),(#13831,#13832)),.SURF_OF_LINEAR_EXTRUSION.,.F.,.F.,.F.,
(4,4),(2,2),(0.,1.),(0.,1.),.PIECEWISE_BEZIER_KNOTS.);
#93=B_SPLINE_SURFACE_WITH_KNOTS('',3,1,((#13842,#13843),(#13844,#13845),
(#13846,#13847),(#13848,#13849)),.SURF_OF_LINEAR_EXTRUSION.,.F.,.F.,.F.,
(4,4),(2,2),(0.,1.),(0.,1.),.PIECEWISE_BEZIER_KNOTS.);
#94=B_SPLINE_SURFACE_WITH_KNOTS('',3,1,((#13855,#13856),(#13857,#13858),
(#13859,#13860),(#13861,#13862)),.SURF_OF_LINEAR_EXTRUSION.,.F.,.F.,.F.,
(4,4),(2,2),(0.,1.),(0.,1.),.PIECEWISE_BEZIER_KNOTS.);
#95=B_SPLINE_SURFACE_WITH_KNOTS('',3,1,((#13872,#13873),(#13874,#13875),
(#13876,#13877),(#13878,#13879)),.SURF_OF_LINEAR_EXTRUSION.,.F.,.F.,.F.,
(4,4),(2,2),(0.,1.),(0.,1.),.PIECEWISE_BEZIER_KNOTS.);
#96=B_SPLINE_SURFACE_WITH_KNOTS('',3,1,((#13888,#13889),(#13890,#13891),
(#13892,#13893),(#13894,#13895)),.SURF_OF_LINEAR_EXTRUSION.,.F.,.F.,.F.,
(4,4),(2,2),(0.,1.),(0.,1.),.PIECEWISE_BEZIER_KNOTS.);
#97=B_SPLINE_SURFACE_WITH_KNOTS('',3,1,((#13907,#13908),(#13909,#13910),
(#13911,#13912),(#13913,#13914)),.SURF_OF_LINEAR_EXTRUSION.,.F.,.F.,.F.,
(4,4),(2,2),(0.,1.),(0.,1.),.PIECEWISE_BEZIER_KNOTS.);
#98=B_SPLINE_SURFACE_WITH_KNOTS('',3,1,((#13924,#13925),(#13926,#13927),
(#13928,#13929),(#13930,#13931)),.SURF_OF_LINEAR_EXTRUSION.,.F.,.F.,.F.,
(4,4),(2,2),(0.,1.),(0.,1.),.PIECEWISE_BEZIER_KNOTS.);
#99=B_SPLINE_SURFACE_WITH_KNOTS('',3,1,((#13941,#13942),(#13943,#13944),
(#13945,#13946),(#13947,#13948)),.SURF_OF_LINEAR_EXTRUSION.,.F.,.F.,.F.,
(4,4),(2,2),(0.,1.),(0.,1.),.PIECEWISE_BEZIER_KNOTS.);
#100=B_SPLINE_SURFACE_WITH_KNOTS('',3,1,((#13954,#13955),(#13956,#13957),
(#13958,#13959),(#13960,#13961)),.SURF_OF_LINEAR_EXTRUSION.,.F.,.F.,.F.,
(4,4),(2,2),(0.,1.),(0.,1.),.PIECEWISE_BEZIER_KNOTS.);
#101=B_SPLINE_SURFACE_WITH_KNOTS('',3,1,((#13971,#13972),(#13973,#13974),
(#13975,#13976),(#13977,#13978)),.SURF_OF_LINEAR_EXTRUSION.,.F.,.F.,.F.,
(4,4),(2,2),(0.,1.),(0.,1.),.PIECEWISE_BEZIER_KNOTS.);
#102=B_SPLINE_SURFACE_WITH_KNOTS('',3,1,((#13988,#13989),(#13990,#13991),
(#13992,#13993),(#13994,#13995)),.SURF_OF_LINEAR_EXTRUSION.,.F.,.F.,.F.,
(4,4),(2,2),(0.,1.),(0.,1.),.PIECEWISE_BEZIER_KNOTS.);
#103=B_SPLINE_SURFACE_WITH_KNOTS('',3,1,((#14005,#14006),(#14007,#14008),
(#14009,#14010),(#14011,#14012)),.SURF_OF_LINEAR_EXTRUSION.,.F.,.F.,.F.,
(4,4),(2,2),(0.,1.),(0.,1.),.PIECEWISE_BEZIER_KNOTS.);
#104=B_SPLINE_SURFACE_WITH_KNOTS('',3,1,((#14030,#14031),(#14032,#14033),
(#14034,#14035),(#14036,#14037)),.SURF_OF_LINEAR_EXTRUSION.,.F.,.F.,.F.,
(4,4),(2,2),(0.,1.),(0.,1.),.PIECEWISE_BEZIER_KNOTS.);
#105=B_SPLINE_SURFACE_WITH_KNOTS('',3,1,((#14047,#14048),(#14049,#14050),
(#14051,#14052),(#14053,#14054)),.SURF_OF_LINEAR_EXTRUSION.,.F.,.F.,.F.,
(4,4),(2,2),(0.,1.),(0.,1.),.PIECEWISE_BEZIER_KNOTS.);
#106=B_SPLINE_SURFACE_WITH_KNOTS('',3,1,((#14064,#14065),(#14066,#14067),
(#14068,#14069),(#14070,#14071)),.SURF_OF_LINEAR_EXTRUSION.,.F.,.F.,.F.,
(4,4),(2,2),(0.,1.),(0.,1.),.PIECEWISE_BEZIER_KNOTS.);
#107=B_SPLINE_SURFACE_WITH_KNOTS('',3,1,((#14076,#14077),(#14078,#14079),
(#14080,#14081),(#14082,#14083)),.SURF_OF_LINEAR_EXTRUSION.,.F.,.F.,.F.,
(4,4),(2,2),(0.,1.),(0.,1.),.PIECEWISE_BEZIER_KNOTS.);
#108=B_SPLINE_SURFACE_WITH_KNOTS('',3,1,((#14095,#14096),(#14097,#14098),
(#14099,#14100),(#14101,#14102)),.SURF_OF_LINEAR_EXTRUSION.,.F.,.F.,.F.,
(4,4),(2,2),(0.,1.),(0.,1.),.PIECEWISE_BEZIER_KNOTS.);
#109=B_SPLINE_SURFACE_WITH_KNOTS('',3,1,((#14112,#14113),(#14114,#14115),
(#14116,#14117),(#14118,#14119)),.SURF_OF_LINEAR_EXTRUSION.,.F.,.F.,.F.,
(4,4),(2,2),(0.,1.),(0.,1.),.PIECEWISE_BEZIER_KNOTS.);
#110=B_SPLINE_SURFACE_WITH_KNOTS('',3,1,((#14129,#14130),(#14131,#14132),
(#14133,#14134),(#14135,#14136)),.SURF_OF_LINEAR_EXTRUSION.,.F.,.F.,.F.,
(4,4),(2,2),(0.,1.),(0.,1.),.PIECEWISE_BEZIER_KNOTS.);
#111=B_SPLINE_SURFACE_WITH_KNOTS('',3,1,((#14154,#14155),(#14156,#14157),
(#14158,#14159),(#14160,#14161)),.SURF_OF_LINEAR_EXTRUSION.,.F.,.F.,.F.,
(4,4),(2,2),(0.,1.),(0.,1.),.PIECEWISE_BEZIER_KNOTS.);
#112=B_SPLINE_SURFACE_WITH_KNOTS('',3,1,((#14171,#14172),(#14173,#14174),
(#14175,#14176),(#14177,#14178)),.SURF_OF_LINEAR_EXTRUSION.,.F.,.F.,.F.,
(4,4),(2,2),(0.,1.),(0.,1.),.PIECEWISE_BEZIER_KNOTS.);
#113=B_SPLINE_SURFACE_WITH_KNOTS('',3,1,((#14187,#14188),(#14189,#14190),
(#14191,#14192),(#14193,#14194)),.SURF_OF_LINEAR_EXTRUSION.,.F.,.F.,.F.,
(4,4),(2,2),(0.,1.),(0.,1.),.PIECEWISE_BEZIER_KNOTS.);
#114=B_SPLINE_SURFACE_WITH_KNOTS('',3,1,((#14206,#14207),(#14208,#14209),
(#14210,#14211),(#14212,#14213)),.SURF_OF_LINEAR_EXTRUSION.,.F.,.F.,.F.,
(4,4),(2,2),(0.,1.),(0.,1.),.PIECEWISE_BEZIER_KNOTS.);
#115=B_SPLINE_SURFACE_WITH_KNOTS('',3,1,((#14223,#14224),(#14225,#14226),
(#14227,#14228),(#14229,#14230)),.SURF_OF_LINEAR_EXTRUSION.,.F.,.F.,.F.,
(4,4),(2,2),(0.,1.),(0.,1.),.PIECEWISE_BEZIER_KNOTS.);
#116=B_SPLINE_SURFACE_WITH_KNOTS('',3,1,((#14240,#14241),(#14242,#14243),
(#14244,#14245),(#14246,#14247)),.SURF_OF_LINEAR_EXTRUSION.,.F.,.F.,.F.,
(4,4),(2,2),(0.,1.),(0.,1.),.PIECEWISE_BEZIER_KNOTS.);
#117=B_SPLINE_SURFACE_WITH_KNOTS('',3,1,((#14256,#14257),(#14258,#14259),
(#14260,#14261),(#14262,#14263)),.SURF_OF_LINEAR_EXTRUSION.,.F.,.F.,.F.,
(4,4),(2,2),(0.,1.),(0.,1.),.PIECEWISE_BEZIER_KNOTS.);
#118=B_SPLINE_SURFACE_WITH_KNOTS('',3,1,((#14275,#14276),(#14277,#14278),
(#14279,#14280),(#14281,#14282)),.SURF_OF_LINEAR_EXTRUSION.,.F.,.F.,.F.,
(4,4),(2,2),(0.,1.),(0.,1.),.PIECEWISE_BEZIER_KNOTS.);
#119=B_SPLINE_SURFACE_WITH_KNOTS('',3,1,((#14292,#14293),(#14294,#14295),
(#14296,#14297),(#14298,#14299)),.SURF_OF_LINEAR_EXTRUSION.,.F.,.F.,.F.,
(4,4),(2,2),(0.,1.),(0.,1.),.PIECEWISE_BEZIER_KNOTS.);
#120=B_SPLINE_SURFACE_WITH_KNOTS('',3,1,((#14309,#14310),(#14311,#14312),
(#14313,#14314),(#14315,#14316)),.SURF_OF_LINEAR_EXTRUSION.,.F.,.F.,.F.,
(4,4),(2,2),(0.,1.),(0.,1.),.PIECEWISE_BEZIER_KNOTS.);
#121=B_SPLINE_SURFACE_WITH_KNOTS('',3,1,((#14322,#14323),(#14324,#14325),
(#14326,#14327),(#14328,#14329)),.SURF_OF_LINEAR_EXTRUSION.,.F.,.F.,.F.,
(4,4),(2,2),(0.,1.),(0.,1.),.PIECEWISE_BEZIER_KNOTS.);
#122=B_SPLINE_SURFACE_WITH_KNOTS('',3,1,((#14339,#14340),(#14341,#14342),
(#14343,#14344),(#14345,#14346)),.SURF_OF_LINEAR_EXTRUSION.,.F.,.F.,.F.,
(4,4),(2,2),(0.,1.),(0.,1.),.PIECEWISE_BEZIER_KNOTS.);
#123=B_SPLINE_SURFACE_WITH_KNOTS('',3,1,((#14360,#14361),(#14362,#14363),
(#14364,#14365),(#14366,#14367)),.SURF_OF_LINEAR_EXTRUSION.,.F.,.F.,.F.,
(4,4),(2,2),(0.,1.),(0.,1.),.PIECEWISE_BEZIER_KNOTS.);
#124=B_SPLINE_SURFACE_WITH_KNOTS('',3,1,((#14377,#14378),(#14379,#14380),
(#14381,#14382),(#14383,#14384)),.SURF_OF_LINEAR_EXTRUSION.,.F.,.F.,.F.,
(4,4),(2,2),(0.,1.),(0.,1.),.PIECEWISE_BEZIER_KNOTS.);
#125=B_SPLINE_SURFACE_WITH_KNOTS('',3,1,((#14390,#14391),(#14392,#14393),
(#14394,#14395),(#14396,#14397)),.SURF_OF_LINEAR_EXTRUSION.,.F.,.F.,.F.,
(4,4),(2,2),(0.,1.),(0.,1.),.PIECEWISE_BEZIER_KNOTS.);
#126=B_SPLINE_SURFACE_WITH_KNOTS('',3,1,((#14411,#14412),(#14413,#14414),
(#14415,#14416),(#14417,#14418)),.SURF_OF_LINEAR_EXTRUSION.,.F.,.F.,.F.,
(4,4),(2,2),(0.,1.),(0.,1.),.PIECEWISE_BEZIER_KNOTS.);
#127=B_SPLINE_SURFACE_WITH_KNOTS('',3,1,((#14424,#14425),(#14426,#14427),
(#14428,#14429),(#14430,#14431)),.SURF_OF_LINEAR_EXTRUSION.,.F.,.F.,.F.,
(4,4),(2,2),(0.,1.),(0.,1.),.PIECEWISE_BEZIER_KNOTS.);
#128=B_SPLINE_SURFACE_WITH_KNOTS('',3,1,((#14450,#14451),(#14452,#14453),
(#14454,#14455),(#14456,#14457)),.SURF_OF_LINEAR_EXTRUSION.,.F.,.F.,.F.,
(4,4),(2,2),(0.,1.),(0.,1.),.PIECEWISE_BEZIER_KNOTS.);
#129=B_SPLINE_SURFACE_WITH_KNOTS('',3,1,((#14467,#14468),(#14469,#14470),
(#14471,#14472),(#14473,#14474)),.SURF_OF_LINEAR_EXTRUSION.,.F.,.F.,.F.,
(4,4),(2,2),(0.,1.),(0.,1.),.PIECEWISE_BEZIER_KNOTS.);
#130=B_SPLINE_SURFACE_WITH_KNOTS('',3,1,((#14490,#14491),(#14492,#14493),
(#14494,#14495),(#14496,#14497)),.SURF_OF_LINEAR_EXTRUSION.,.F.,.F.,.F.,
(4,4),(2,2),(0.,1.),(0.,1.),.PIECEWISE_BEZIER_KNOTS.);
#131=B_SPLINE_SURFACE_WITH_KNOTS('',3,1,((#14507,#14508),(#14509,#14510),
(#14511,#14512),(#14513,#14514)),.SURF_OF_LINEAR_EXTRUSION.,.F.,.F.,.F.,
(4,4),(2,2),(0.,1.),(0.,1.),.PIECEWISE_BEZIER_KNOTS.);
#132=B_SPLINE_SURFACE_WITH_KNOTS('',3,1,((#14530,#14531),(#14532,#14533),
(#14534,#14535),(#14536,#14537)),.SURF_OF_LINEAR_EXTRUSION.,.F.,.F.,.F.,
(4,4),(2,2),(0.,1.),(0.,1.),.PIECEWISE_BEZIER_KNOTS.);
#133=B_SPLINE_SURFACE_WITH_KNOTS('',3,1,((#14554,#14555),(#14556,#14557),
(#14558,#14559),(#14560,#14561)),.SURF_OF_LINEAR_EXTRUSION.,.F.,.F.,.F.,
(4,4),(2,2),(0.,1.),(0.,1.),.PIECEWISE_BEZIER_KNOTS.);
#134=B_SPLINE_SURFACE_WITH_KNOTS('',3,1,((#14573,#14574),(#14575,#14576),
(#14577,#14578),(#14579,#14580)),.SURF_OF_LINEAR_EXTRUSION.,.F.,.F.,.F.,
(4,4),(2,2),(0.,1.),(0.,1.),.PIECEWISE_BEZIER_KNOTS.);
#135=B_SPLINE_SURFACE_WITH_KNOTS('',3,1,((#14590,#14591),(#14592,#14593),
(#14594,#14595),(#14596,#14597)),.SURF_OF_LINEAR_EXTRUSION.,.F.,.F.,.F.,
(4,4),(2,2),(0.,1.),(0.,1.),.PIECEWISE_BEZIER_KNOTS.);
#136=B_SPLINE_SURFACE_WITH_KNOTS('',3,1,((#14607,#14608),(#14609,#14610),
(#14611,#14612),(#14613,#14614)),.SURF_OF_LINEAR_EXTRUSION.,.F.,.F.,.F.,
(4,4),(2,2),(0.,1.),(0.,1.),.PIECEWISE_BEZIER_KNOTS.);
#137=B_SPLINE_SURFACE_WITH_KNOTS('',3,1,((#14624,#14625),(#14626,#14627),
(#14628,#14629),(#14630,#14631)),.SURF_OF_LINEAR_EXTRUSION.,.F.,.F.,.F.,
(4,4),(2,2),(0.,1.),(0.,1.),.PIECEWISE_BEZIER_KNOTS.);
#138=B_SPLINE_SURFACE_WITH_KNOTS('',3,1,((#14641,#14642),(#14643,#14644),
(#14645,#14646),(#14647,#14648)),.SURF_OF_LINEAR_EXTRUSION.,.F.,.F.,.F.,
(4,4),(2,2),(0.,1.),(0.,1.),.PIECEWISE_BEZIER_KNOTS.);
#139=B_SPLINE_SURFACE_WITH_KNOTS('',3,1,((#14654,#14655),(#14656,#14657),
(#14658,#14659),(#14660,#14661)),.SURF_OF_LINEAR_EXTRUSION.,.F.,.F.,.F.,
(4,4),(2,2),(0.,1.),(0.,1.),.PIECEWISE_BEZIER_KNOTS.);
#140=B_SPLINE_SURFACE_WITH_KNOTS('',3,1,((#14703,#14704),(#14705,#14706),
(#14707,#14708),(#14709,#14710)),.SURF_OF_LINEAR_EXTRUSION.,.F.,.F.,.F.,
(4,4),(2,2),(0.,1.),(0.,1.),.PIECEWISE_BEZIER_KNOTS.);
#141=B_SPLINE_SURFACE_WITH_KNOTS('',3,1,((#14716,#14717),(#14718,#14719),
(#14720,#14721),(#14722,#14723)),.SURF_OF_LINEAR_EXTRUSION.,.F.,.F.,.F.,
(4,4),(2,2),(0.,1.),(0.,1.),.PIECEWISE_BEZIER_KNOTS.);
#142=B_SPLINE_SURFACE_WITH_KNOTS('',3,1,((#14742,#14743),(#14744,#14745),
(#14746,#14747),(#14748,#14749)),.SURF_OF_LINEAR_EXTRUSION.,.F.,.F.,.F.,
(4,4),(2,2),(0.,1.),(0.,1.),.PIECEWISE_BEZIER_KNOTS.);
#143=B_SPLINE_SURFACE_WITH_KNOTS('',3,1,((#14759,#14760),(#14761,#14762),
(#14763,#14764),(#14765,#14766)),.SURF_OF_LINEAR_EXTRUSION.,.F.,.F.,.F.,
(4,4),(2,2),(0.,1.),(0.,1.),.PIECEWISE_BEZIER_KNOTS.);
#144=B_SPLINE_SURFACE_WITH_KNOTS('',3,1,((#14782,#14783),(#14784,#14785),
(#14786,#14787),(#14788,#14789)),.SURF_OF_LINEAR_EXTRUSION.,.F.,.F.,.F.,
(4,4),(2,2),(0.,1.),(0.,1.),.PIECEWISE_BEZIER_KNOTS.);
#145=B_SPLINE_SURFACE_WITH_KNOTS('',3,1,((#14799,#14800),(#14801,#14802),
(#14803,#14804),(#14805,#14806)),.SURF_OF_LINEAR_EXTRUSION.,.F.,.F.,.F.,
(4,4),(2,2),(0.,1.),(0.,1.),.PIECEWISE_BEZIER_KNOTS.);
#146=B_SPLINE_SURFACE_WITH_KNOTS('',3,1,((#14822,#14823),(#14824,#14825),
(#14826,#14827),(#14828,#14829)),.SURF_OF_LINEAR_EXTRUSION.,.F.,.F.,.F.,
(4,4),(2,2),(0.,1.),(0.,1.),.PIECEWISE_BEZIER_KNOTS.);
#147=B_SPLINE_SURFACE_WITH_KNOTS('',3,1,((#14839,#14840),(#14841,#14842),
(#14843,#14844),(#14845,#14846)),.SURF_OF_LINEAR_EXTRUSION.,.F.,.F.,.F.,
(4,4),(2,2),(0.,1.),(0.,1.),.PIECEWISE_BEZIER_KNOTS.);
#148=B_SPLINE_SURFACE_WITH_KNOTS('',3,1,((#14858,#14859),(#14860,#14861),
(#14862,#14863),(#14864,#14865)),.SURF_OF_LINEAR_EXTRUSION.,.F.,.F.,.F.,
(4,4),(2,2),(0.,1.),(0.,1.),.PIECEWISE_BEZIER_KNOTS.);
#149=B_SPLINE_SURFACE_WITH_KNOTS('',3,1,((#14875,#14876),(#14877,#14878),
(#14879,#14880),(#14881,#14882)),.SURF_OF_LINEAR_EXTRUSION.,.F.,.F.,.F.,
(4,4),(2,2),(0.,1.),(0.,1.),.PIECEWISE_BEZIER_KNOTS.);
#150=B_SPLINE_SURFACE_WITH_KNOTS('',3,1,((#14908,#14909),(#14910,#14911),
(#14912,#14913),(#14914,#14915)),.SURF_OF_LINEAR_EXTRUSION.,.F.,.F.,.F.,
(4,4),(2,2),(0.,1.),(0.,1.),.PIECEWISE_BEZIER_KNOTS.);
#151=B_SPLINE_SURFACE_WITH_KNOTS('',3,1,((#14921,#14922),(#14923,#14924),
(#14925,#14926),(#14927,#14928)),.SURF_OF_LINEAR_EXTRUSION.,.F.,.F.,.F.,
(4,4),(2,2),(0.,1.),(0.,1.),.PIECEWISE_BEZIER_KNOTS.);
#152=B_SPLINE_SURFACE_WITH_KNOTS('',3,1,((#14938,#14939),(#14940,#14941),
(#14942,#14943),(#14944,#14945)),.SURF_OF_LINEAR_EXTRUSION.,.F.,.F.,.F.,
(4,4),(2,2),(0.,1.),(0.,1.),.PIECEWISE_BEZIER_KNOTS.);
#153=B_SPLINE_SURFACE_WITH_KNOTS('',3,1,((#14951,#14952),(#14953,#14954),
(#14955,#14956),(#14957,#14958)),.SURF_OF_LINEAR_EXTRUSION.,.F.,.F.,.F.,
(4,4),(2,2),(0.,1.),(0.,1.),.PIECEWISE_BEZIER_KNOTS.);
#154=B_SPLINE_SURFACE_WITH_KNOTS('',3,1,((#14970,#14971),(#14972,#14973),
(#14974,#14975),(#14976,#14977)),.SURF_OF_LINEAR_EXTRUSION.,.F.,.F.,.F.,
(4,4),(2,2),(0.,1.),(0.,1.),.PIECEWISE_BEZIER_KNOTS.);
#155=B_SPLINE_SURFACE_WITH_KNOTS('',3,1,((#14989,#14990),(#14991,#14992),
(#14993,#14994),(#14995,#14996)),.SURF_OF_LINEAR_EXTRUSION.,.F.,.F.,.F.,
(4,4),(2,2),(0.,1.),(0.,1.),.PIECEWISE_BEZIER_KNOTS.);
#156=B_SPLINE_SURFACE_WITH_KNOTS('',3,1,((#15002,#15003),(#15004,#15005),
(#15006,#15007),(#15008,#15009)),.SURF_OF_LINEAR_EXTRUSION.,.F.,.F.,.F.,
(4,4),(2,2),(0.,1.),(0.,1.),.PIECEWISE_BEZIER_KNOTS.);
#157=B_SPLINE_SURFACE_WITH_KNOTS('',3,1,((#15019,#15020),(#15021,#15022),
(#15023,#15024),(#15025,#15026)),.SURF_OF_LINEAR_EXTRUSION.,.F.,.F.,.F.,
(4,4),(2,2),(0.,1.),(0.,1.),.PIECEWISE_BEZIER_KNOTS.);
#158=B_SPLINE_SURFACE_WITH_KNOTS('',3,1,((#15032,#15033),(#15034,#15035),
(#15036,#15037),(#15038,#15039)),.SURF_OF_LINEAR_EXTRUSION.,.F.,.F.,.F.,
(4,4),(2,2),(0.,1.),(0.,1.),.PIECEWISE_BEZIER_KNOTS.);
#159=B_SPLINE_SURFACE_WITH_KNOTS('',3,1,((#15049,#15050),(#15051,#15052),
(#15053,#15054),(#15055,#15056)),.SURF_OF_LINEAR_EXTRUSION.,.F.,.F.,.F.,
(4,4),(2,2),(0.,1.),(0.,1.),.PIECEWISE_BEZIER_KNOTS.);
#160=B_SPLINE_SURFACE_WITH_KNOTS('',3,1,((#15062,#15063),(#15064,#15065),
(#15066,#15067),(#15068,#15069)),.SURF_OF_LINEAR_EXTRUSION.,.F.,.F.,.F.,
(4,4),(2,2),(0.,1.),(0.,1.),.PIECEWISE_BEZIER_KNOTS.);
#161=B_SPLINE_SURFACE_WITH_KNOTS('',3,1,((#15079,#15080),(#15081,#15082),
(#15083,#15084),(#15085,#15086)),.SURF_OF_LINEAR_EXTRUSION.,.F.,.F.,.F.,
(4,4),(2,2),(0.,1.),(0.,1.),.PIECEWISE_BEZIER_KNOTS.);
#162=B_SPLINE_SURFACE_WITH_KNOTS('',3,1,((#15096,#15097),(#15098,#15099),
(#15100,#15101),(#15102,#15103)),.SURF_OF_LINEAR_EXTRUSION.,.F.,.F.,.F.,
(4,4),(2,2),(0.,1.),(0.,1.),.PIECEWISE_BEZIER_KNOTS.);
#163=B_SPLINE_SURFACE_WITH_KNOTS('',3,1,((#15113,#15114),(#15115,#15116),
(#15117,#15118),(#15119,#15120)),.SURF_OF_LINEAR_EXTRUSION.,.F.,.F.,.F.,
(4,4),(2,2),(0.,1.),(0.,1.),.PIECEWISE_BEZIER_KNOTS.);
#164=B_SPLINE_SURFACE_WITH_KNOTS('',3,1,((#15126,#15127),(#15128,#15129),
(#15130,#15131),(#15132,#15133)),.SURF_OF_LINEAR_EXTRUSION.,.F.,.F.,.F.,
(4,4),(2,2),(0.,1.),(0.,1.),.PIECEWISE_BEZIER_KNOTS.);
#165=B_SPLINE_SURFACE_WITH_KNOTS('',3,1,((#15143,#15144),(#15145,#15146),
(#15147,#15148),(#15149,#15150)),.SURF_OF_LINEAR_EXTRUSION.,.F.,.F.,.F.,
(4,4),(2,2),(0.,1.),(0.,1.),.PIECEWISE_BEZIER_KNOTS.);
#166=B_SPLINE_SURFACE_WITH_KNOTS('',3,1,((#15160,#15161),(#15162,#15163),
(#15164,#15165),(#15166,#15167)),.SURF_OF_LINEAR_EXTRUSION.,.F.,.F.,.F.,
(4,4),(2,2),(0.,1.),(0.,1.),.PIECEWISE_BEZIER_KNOTS.);
#167=B_SPLINE_SURFACE_WITH_KNOTS('',3,1,((#15186,#15187),(#15188,#15189),
(#15190,#15191),(#15192,#15193)),.SURF_OF_LINEAR_EXTRUSION.,.F.,.F.,.F.,
(4,4),(2,2),(0.,1.),(0.,1.),.PIECEWISE_BEZIER_KNOTS.);
#168=B_SPLINE_SURFACE_WITH_KNOTS('',3,1,((#15209,#15210),(#15211,#15212),
(#15213,#15214),(#15215,#15216)),.SURF_OF_LINEAR_EXTRUSION.,.F.,.F.,.F.,
(4,4),(2,2),(0.,1.),(0.,1.),.PIECEWISE_BEZIER_KNOTS.);
#169=B_SPLINE_SURFACE_WITH_KNOTS('',3,1,((#15226,#15227),(#15228,#15229),
(#15230,#15231),(#15232,#15233)),.SURF_OF_LINEAR_EXTRUSION.,.F.,.F.,.F.,
(4,4),(2,2),(0.,1.),(0.,1.),.PIECEWISE_BEZIER_KNOTS.);
#170=B_SPLINE_SURFACE_WITH_KNOTS('',3,1,((#15249,#15250),(#15251,#15252),
(#15253,#15254),(#15255,#15256)),.SURF_OF_LINEAR_EXTRUSION.,.F.,.F.,.F.,
(4,4),(2,2),(0.,1.),(0.,1.),.PIECEWISE_BEZIER_KNOTS.);
#171=B_SPLINE_SURFACE_WITH_KNOTS('',3,1,((#15266,#15267),(#15268,#15269),
(#15270,#15271),(#15272,#15273)),.SURF_OF_LINEAR_EXTRUSION.,.F.,.F.,.F.,
(4,4),(2,2),(0.,1.),(0.,1.),.PIECEWISE_BEZIER_KNOTS.);
#172=B_SPLINE_SURFACE_WITH_KNOTS('',3,1,((#15286,#15287),(#15288,#15289),
(#15290,#15291),(#15292,#15293)),.SURF_OF_LINEAR_EXTRUSION.,.F.,.F.,.F.,
(4,4),(2,2),(0.,1.),(0.,1.),.PIECEWISE_BEZIER_KNOTS.);
#173=B_SPLINE_SURFACE_WITH_KNOTS('',3,1,((#15299,#15300),(#15301,#15302),
(#15303,#15304),(#15305,#15306)),.SURF_OF_LINEAR_EXTRUSION.,.F.,.F.,.F.,
(4,4),(2,2),(0.,1.),(0.,1.),.PIECEWISE_BEZIER_KNOTS.);
#174=B_SPLINE_SURFACE_WITH_KNOTS('',3,1,((#15318,#15319),(#15320,#15321),
(#15322,#15323),(#15324,#15325)),.SURF_OF_LINEAR_EXTRUSION.,.F.,.F.,.F.,
(4,4),(2,2),(0.,1.),(0.,1.),.PIECEWISE_BEZIER_KNOTS.);
#175=B_SPLINE_SURFACE_WITH_KNOTS('',3,1,((#15335,#15336),(#15337,#15338),
(#15339,#15340),(#15341,#15342)),.SURF_OF_LINEAR_EXTRUSION.,.F.,.F.,.F.,
(4,4),(2,2),(0.,1.),(0.,1.),.PIECEWISE_BEZIER_KNOTS.);
#176=B_SPLINE_SURFACE_WITH_KNOTS('',3,1,((#15352,#15353),(#15354,#15355),
(#15356,#15357),(#15358,#15359)),.SURF_OF_LINEAR_EXTRUSION.,.F.,.F.,.F.,
(4,4),(2,2),(0.,1.),(0.,1.),.PIECEWISE_BEZIER_KNOTS.);
#177=B_SPLINE_SURFACE_WITH_KNOTS('',3,1,((#15369,#15370),(#15371,#15372),
(#15373,#15374),(#15375,#15376)),.SURF_OF_LINEAR_EXTRUSION.,.F.,.F.,.F.,
(4,4),(2,2),(0.,1.),(0.,1.),.PIECEWISE_BEZIER_KNOTS.);
#178=B_SPLINE_SURFACE_WITH_KNOTS('',3,1,((#15386,#15387),(#15388,#15389),
(#15390,#15391),(#15392,#15393)),.SURF_OF_LINEAR_EXTRUSION.,.F.,.F.,.F.,
(4,4),(2,2),(0.,1.),(0.,1.),.PIECEWISE_BEZIER_KNOTS.);
#179=B_SPLINE_SURFACE_WITH_KNOTS('',3,1,((#15402,#15403),(#15404,#15405),
(#15406,#15407),(#15408,#15409)),.SURF_OF_LINEAR_EXTRUSION.,.F.,.F.,.F.,
(4,4),(2,2),(0.,1.),(0.,1.),.PIECEWISE_BEZIER_KNOTS.);
#180=B_SPLINE_SURFACE_WITH_KNOTS('',3,1,((#15421,#15422),(#15423,#15424),
(#15425,#15426),(#15427,#15428)),.SURF_OF_LINEAR_EXTRUSION.,.F.,.F.,.F.,
(4,4),(2,2),(0.,1.),(0.,1.),.PIECEWISE_BEZIER_KNOTS.);
#181=B_SPLINE_SURFACE_WITH_KNOTS('',3,1,((#15438,#15439),(#15440,#15441),
(#15442,#15443),(#15444,#15445)),.SURF_OF_LINEAR_EXTRUSION.,.F.,.F.,.F.,
(4,4),(2,2),(0.,1.),(0.,1.),.PIECEWISE_BEZIER_KNOTS.);
#182=B_SPLINE_SURFACE_WITH_KNOTS('',3,1,((#15455,#15456),(#15457,#15458),
(#15459,#15460),(#15461,#15462)),.SURF_OF_LINEAR_EXTRUSION.,.F.,.F.,.F.,
(4,4),(2,2),(0.,1.),(0.,1.),.PIECEWISE_BEZIER_KNOTS.);
#183=B_SPLINE_SURFACE_WITH_KNOTS('',3,1,((#15472,#15473),(#15474,#15475),
(#15476,#15477),(#15478,#15479)),.SURF_OF_LINEAR_EXTRUSION.,.F.,.F.,.F.,
(4,4),(2,2),(0.,1.),(0.,1.),.PIECEWISE_BEZIER_KNOTS.);
#184=B_SPLINE_SURFACE_WITH_KNOTS('',3,1,((#15489,#15490),(#15491,#15492),
(#15493,#15494),(#15495,#15496)),.SURF_OF_LINEAR_EXTRUSION.,.F.,.F.,.F.,
(4,4),(2,2),(0.,1.),(0.,1.),.PIECEWISE_BEZIER_KNOTS.);
#185=B_SPLINE_SURFACE_WITH_KNOTS('',3,1,((#15502,#15503),(#15504,#15505),
(#15506,#15507),(#15508,#15509)),.SURF_OF_LINEAR_EXTRUSION.,.F.,.F.,.F.,
(4,4),(2,2),(0.,1.),(0.,1.),.PIECEWISE_BEZIER_KNOTS.);
#186=B_SPLINE_SURFACE_WITH_KNOTS('',3,1,((#15551,#15552),(#15553,#15554),
(#15555,#15556),(#15557,#15558)),.SURF_OF_LINEAR_EXTRUSION.,.F.,.F.,.F.,
(4,4),(2,2),(0.,1.),(0.,1.),.PIECEWISE_BEZIER_KNOTS.);
#187=B_SPLINE_SURFACE_WITH_KNOTS('',3,1,((#15574,#15575),(#15576,#15577),
(#15578,#15579),(#15580,#15581)),.SURF_OF_LINEAR_EXTRUSION.,.F.,.F.,.F.,
(4,4),(2,2),(0.,1.),(0.,1.),.PIECEWISE_BEZIER_KNOTS.);
#188=B_SPLINE_SURFACE_WITH_KNOTS('',3,1,((#15587,#15588),(#15589,#15590),
(#15591,#15592),(#15593,#15594)),.SURF_OF_LINEAR_EXTRUSION.,.F.,.F.,.F.,
(4,4),(2,2),(0.,1.),(0.,1.),.PIECEWISE_BEZIER_KNOTS.);
#189=B_SPLINE_SURFACE_WITH_KNOTS('',3,1,((#15604,#15605),(#15606,#15607),
(#15608,#15609),(#15610,#15611)),.SURF_OF_LINEAR_EXTRUSION.,.F.,.F.,.F.,
(4,4),(2,2),(0.,1.),(0.,1.),.PIECEWISE_BEZIER_KNOTS.);
#190=B_SPLINE_SURFACE_WITH_KNOTS('',3,1,((#15617,#15618),(#15619,#15620),
(#15621,#15622),(#15623,#15624)),.SURF_OF_LINEAR_EXTRUSION.,.F.,.F.,.F.,
(4,4),(2,2),(0.,1.),(0.,1.),.PIECEWISE_BEZIER_KNOTS.);
#191=B_SPLINE_SURFACE_WITH_KNOTS('',3,1,((#15634,#15635),(#15636,#15637),
(#15638,#15639),(#15640,#15641)),.SURF_OF_LINEAR_EXTRUSION.,.F.,.F.,.F.,
(4,4),(2,2),(0.,1.),(0.,1.),.PIECEWISE_BEZIER_KNOTS.);
#192=B_SPLINE_SURFACE_WITH_KNOTS('',3,1,((#15651,#15652),(#15653,#15654),
(#15655,#15656),(#15657,#15658)),.SURF_OF_LINEAR_EXTRUSION.,.F.,.F.,.F.,
(4,4),(2,2),(0.,1.),(0.,1.),.PIECEWISE_BEZIER_KNOTS.);
#193=B_SPLINE_SURFACE_WITH_KNOTS('',3,1,((#15668,#15669),(#15670,#15671),
(#15672,#15673),(#15674,#15675)),.SURF_OF_LINEAR_EXTRUSION.,.F.,.F.,.F.,
(4,4),(2,2),(0.,1.),(0.,1.),.PIECEWISE_BEZIER_KNOTS.);
#194=B_SPLINE_SURFACE_WITH_KNOTS('',3,1,((#15689,#15690),(#15691,#15692),
(#15693,#15694),(#15695,#15696)),.SURF_OF_LINEAR_EXTRUSION.,.F.,.F.,.F.,
(4,4),(2,2),(0.,1.),(0.,1.),.PIECEWISE_BEZIER_KNOTS.);
#195=B_SPLINE_SURFACE_WITH_KNOTS('',3,1,((#15715,#15716),(#15717,#15718),
(#15719,#15720),(#15721,#15722)),.SURF_OF_LINEAR_EXTRUSION.,.F.,.F.,.F.,
(4,4),(2,2),(0.,1.),(0.,1.),.PIECEWISE_BEZIER_KNOTS.);
#196=B_SPLINE_SURFACE_WITH_KNOTS('',3,1,((#15738,#15739),(#15740,#15741),
(#15742,#15743),(#15744,#15745)),.SURF_OF_LINEAR_EXTRUSION.,.F.,.F.,.F.,
(4,4),(2,2),(0.,1.),(0.,1.),.PIECEWISE_BEZIER_KNOTS.);
#197=B_SPLINE_SURFACE_WITH_KNOTS('',3,1,((#15755,#15756),(#15757,#15758),
(#15759,#15760),(#15761,#15762)),.SURF_OF_LINEAR_EXTRUSION.,.F.,.F.,.F.,
(4,4),(2,2),(0.,1.),(0.,1.),.PIECEWISE_BEZIER_KNOTS.);
#198=B_SPLINE_SURFACE_WITH_KNOTS('',3,1,((#15778,#15779),(#15780,#15781),
(#15782,#15783),(#15784,#15785)),.SURF_OF_LINEAR_EXTRUSION.,.F.,.F.,.F.,
(4,4),(2,2),(0.,1.),(0.,1.),.PIECEWISE_BEZIER_KNOTS.);
#199=B_SPLINE_SURFACE_WITH_KNOTS('',3,1,((#15795,#15796),(#15797,#15798),
(#15799,#15800),(#15801,#15802)),.SURF_OF_LINEAR_EXTRUSION.,.F.,.F.,.F.,
(4,4),(2,2),(0.,1.),(0.,1.),.PIECEWISE_BEZIER_KNOTS.);
#200=B_SPLINE_SURFACE_WITH_KNOTS('',3,1,((#15829,#15830),(#15831,#15832),
(#15833,#15834),(#15835,#15836)),.SURF_OF_LINEAR_EXTRUSION.,.F.,.F.,.F.,
(4,4),(2,2),(0.,1.),(0.,1.),.PIECEWISE_BEZIER_KNOTS.);
#201=B_SPLINE_SURFACE_WITH_KNOTS('',3,1,((#15842,#15843),(#15844,#15845),
(#15846,#15847),(#15848,#15849)),.SURF_OF_LINEAR_EXTRUSION.,.F.,.F.,.F.,
(4,4),(2,2),(0.,1.),(0.,1.),.PIECEWISE_BEZIER_KNOTS.);
#202=B_SPLINE_SURFACE_WITH_KNOTS('',3,1,((#15859,#15860),(#15861,#15862),
(#15863,#15864),(#15865,#15866)),.SURF_OF_LINEAR_EXTRUSION.,.F.,.F.,.F.,
(4,4),(2,2),(0.,1.),(0.,1.),.PIECEWISE_BEZIER_KNOTS.);
#203=B_SPLINE_SURFACE_WITH_KNOTS('',3,1,((#15872,#15873),(#15874,#15875),
(#15876,#15877),(#15878,#15879)),.SURF_OF_LINEAR_EXTRUSION.,.F.,.F.,.F.,
(4,4),(2,2),(0.,1.),(0.,1.),.PIECEWISE_BEZIER_KNOTS.);
#204=B_SPLINE_SURFACE_WITH_KNOTS('',3,1,((#15905,#15906),(#15907,#15908),
(#15909,#15910),(#15911,#15912)),.SURF_OF_LINEAR_EXTRUSION.,.F.,.F.,.F.,
(4,4),(2,2),(0.,1.),(0.,1.),.PIECEWISE_BEZIER_KNOTS.);
#205=B_SPLINE_SURFACE_WITH_KNOTS('',3,1,((#15922,#15923),(#15924,#15925),
(#15926,#15927),(#15928,#15929)),.SURF_OF_LINEAR_EXTRUSION.,.F.,.F.,.F.,
(4,4),(2,2),(0.,1.),(0.,1.),.PIECEWISE_BEZIER_KNOTS.);
#206=B_SPLINE_SURFACE_WITH_KNOTS('',3,1,((#15939,#15940),(#15941,#15942),
(#15943,#15944),(#15945,#15946)),.SURF_OF_LINEAR_EXTRUSION.,.F.,.F.,.F.,
(4,4),(2,2),(0.,1.),(0.,1.),.PIECEWISE_BEZIER_KNOTS.);
#207=B_SPLINE_SURFACE_WITH_KNOTS('',3,1,((#15956,#15957),(#15958,#15959),
(#15960,#15961),(#15962,#15963)),.SURF_OF_LINEAR_EXTRUSION.,.F.,.F.,.F.,
(4,4),(2,2),(0.,1.),(0.,1.),.PIECEWISE_BEZIER_KNOTS.);
#208=B_SPLINE_SURFACE_WITH_KNOTS('',3,1,((#15977,#15978),(#15979,#15980),
(#15981,#15982),(#15983,#15984)),.SURF_OF_LINEAR_EXTRUSION.,.F.,.F.,.F.,
(4,4),(2,2),(0.,1.),(0.,1.),.PIECEWISE_BEZIER_KNOTS.);
#209=B_SPLINE_SURFACE_WITH_KNOTS('',3,1,((#16003,#16004),(#16005,#16006),
(#16007,#16008),(#16009,#16010)),.SURF_OF_LINEAR_EXTRUSION.,.F.,.F.,.F.,
(4,4),(2,2),(0.,1.),(0.,1.),.PIECEWISE_BEZIER_KNOTS.);
#210=B_SPLINE_SURFACE_WITH_KNOTS('',3,1,((#16026,#16027),(#16028,#16029),
(#16030,#16031),(#16032,#16033)),.SURF_OF_LINEAR_EXTRUSION.,.F.,.F.,.F.,
(4,4),(2,2),(0.,1.),(0.,1.),.PIECEWISE_BEZIER_KNOTS.);
#211=B_SPLINE_SURFACE_WITH_KNOTS('',3,1,((#16043,#16044),(#16045,#16046),
(#16047,#16048),(#16049,#16050)),.SURF_OF_LINEAR_EXTRUSION.,.F.,.F.,.F.,
(4,4),(2,2),(0.,1.),(0.,1.),.PIECEWISE_BEZIER_KNOTS.);
#212=B_SPLINE_SURFACE_WITH_KNOTS('',3,1,((#16066,#16067),(#16068,#16069),
(#16070,#16071),(#16072,#16073)),.SURF_OF_LINEAR_EXTRUSION.,.F.,.F.,.F.,
(4,4),(2,2),(0.,1.),(0.,1.),.PIECEWISE_BEZIER_KNOTS.);
#213=B_SPLINE_SURFACE_WITH_KNOTS('',3,1,((#16083,#16084),(#16085,#16086),
(#16087,#16088),(#16089,#16090)),.SURF_OF_LINEAR_EXTRUSION.,.F.,.F.,.F.,
(4,4),(2,2),(0.,1.),(0.,1.),.PIECEWISE_BEZIER_KNOTS.);
#214=B_SPLINE_CURVE_WITH_KNOTS('',2,(#11308,#11309,#11310),
 .UNSPECIFIED.,.F.,.F.,(3,3),(0.,1.),.PIECEWISE_BEZIER_KNOTS.);
#215=B_SPLINE_CURVE_WITH_KNOTS('',2,(#11312,#11313,#11314),
 .UNSPECIFIED.,.F.,.F.,(3,3),(0.,1.),.PIECEWISE_BEZIER_KNOTS.);
#216=B_SPLINE_CURVE_WITH_KNOTS('',2,(#11318,#11319,#11320),
 .UNSPECIFIED.,.F.,.F.,(3,3),(0.,1.),.PIECEWISE_BEZIER_KNOTS.);
#217=B_SPLINE_CURVE_WITH_KNOTS('',2,(#11322,#11323,#11324),
 .UNSPECIFIED.,.F.,.F.,(3,3),(0.,1.),.PIECEWISE_BEZIER_KNOTS.);
#218=B_SPLINE_CURVE_WITH_KNOTS('',2,(#11328,#11329,#11330),
 .UNSPECIFIED.,.F.,.F.,(3,3),(0.,1.),.PIECEWISE_BEZIER_KNOTS.);
#219=B_SPLINE_CURVE_WITH_KNOTS('',2,(#11334,#11335,#11336),
 .UNSPECIFIED.,.F.,.F.,(3,3),(0.,1.),.PIECEWISE_BEZIER_KNOTS.);
#220=B_SPLINE_CURVE_WITH_KNOTS('',2,(#11340,#11341,#11342),
 .UNSPECIFIED.,.F.,.F.,(3,3),(0.,1.),.PIECEWISE_BEZIER_KNOTS.);
#221=B_SPLINE_CURVE_WITH_KNOTS('',2,(#11349,#11350,#11351),
 .UNSPECIFIED.,.F.,.F.,(3,3),(0.,1.),.PIECEWISE_BEZIER_KNOTS.);
#222=B_SPLINE_CURVE_WITH_KNOTS('',2,(#11356,#11357,#11358),
 .UNSPECIFIED.,.F.,.F.,(3,3),(0.,1.),.PIECEWISE_BEZIER_KNOTS.);
#223=B_SPLINE_CURVE_WITH_KNOTS('',2,(#11362,#11363,#11364),
 .UNSPECIFIED.,.F.,.F.,(3,3),(0.,1.),.PIECEWISE_BEZIER_KNOTS.);
#224=B_SPLINE_CURVE_WITH_KNOTS('',2,(#11368,#11369,#11370),
 .UNSPECIFIED.,.F.,.F.,(3,3),(0.,1.),.PIECEWISE_BEZIER_KNOTS.);
#225=B_SPLINE_CURVE_WITH_KNOTS('',2,(#11374,#11375,#11376),
 .UNSPECIFIED.,.F.,.F.,(3,3),(0.,1.),.PIECEWISE_BEZIER_KNOTS.);
#226=B_SPLINE_CURVE_WITH_KNOTS('',2,(#11380,#11381,#11382),
 .UNSPECIFIED.,.F.,.F.,(3,3),(0.,1.),.PIECEWISE_BEZIER_KNOTS.);
#227=B_SPLINE_CURVE_WITH_KNOTS('',2,(#11385,#11386,#11387),
 .UNSPECIFIED.,.F.,.F.,(3,3),(0.,1.),.PIECEWISE_BEZIER_KNOTS.);
#228=B_SPLINE_CURVE_WITH_KNOTS('',2,(#11392,#11393,#11394),
 .UNSPECIFIED.,.F.,.F.,(3,3),(0.,1.),.PIECEWISE_BEZIER_KNOTS.);
#229=B_SPLINE_CURVE_WITH_KNOTS('',2,(#11398,#11399,#11400),
 .UNSPECIFIED.,.F.,.F.,(3,3),(0.,1.),.PIECEWISE_BEZIER_KNOTS.);
#230=B_SPLINE_CURVE_WITH_KNOTS('',2,(#11412,#11413,#11414),
 .UNSPECIFIED.,.F.,.F.,(3,3),(0.,1.),.PIECEWISE_BEZIER_KNOTS.);
#231=B_SPLINE_CURVE_WITH_KNOTS('',2,(#11416,#11417,#11418),
 .UNSPECIFIED.,.F.,.F.,(3,3),(0.,1.),.PIECEWISE_BEZIER_KNOTS.);
#232=B_SPLINE_CURVE_WITH_KNOTS('',2,(#11422,#11423,#11424),
 .UNSPECIFIED.,.F.,.F.,(3,3),(0.,1.),.PIECEWISE_BEZIER_KNOTS.);
#233=B_SPLINE_CURVE_WITH_KNOTS('',2,(#11426,#11427,#11428),
 .UNSPECIFIED.,.F.,.F.,(3,3),(0.,1.),.PIECEWISE_BEZIER_KNOTS.);
#234=B_SPLINE_CURVE_WITH_KNOTS('',2,(#11431,#11432,#11433),
 .UNSPECIFIED.,.F.,.F.,(3,3),(0.,1.),.PIECEWISE_BEZIER_KNOTS.);
#235=B_SPLINE_CURVE_WITH_KNOTS('',2,(#11438,#11439,#11440),
 .UNSPECIFIED.,.F.,.F.,(3,3),(0.,1.),.PIECEWISE_BEZIER_KNOTS.);
#236=B_SPLINE_CURVE_WITH_KNOTS('',2,(#11444,#11445,#11446),
 .UNSPECIFIED.,.F.,.F.,(3,3),(0.,1.),.PIECEWISE_BEZIER_KNOTS.);
#237=B_SPLINE_CURVE_WITH_KNOTS('',2,(#11450,#11451,#11452),
 .UNSPECIFIED.,.F.,.F.,(3,3),(0.,1.),.PIECEWISE_BEZIER_KNOTS.);
#238=B_SPLINE_CURVE_WITH_KNOTS('',2,(#11454,#11455,#11456),
 .UNSPECIFIED.,.F.,.F.,(3,3),(0.,1.),.PIECEWISE_BEZIER_KNOTS.);
#239=B_SPLINE_CURVE_WITH_KNOTS('',2,(#11460,#11461,#11462),
 .UNSPECIFIED.,.F.,.F.,(3,3),(0.,1.),.PIECEWISE_BEZIER_KNOTS.);
#240=B_SPLINE_CURVE_WITH_KNOTS('',2,(#11468,#11469,#11470),
 .UNSPECIFIED.,.F.,.F.,(3,3),(0.,1.),.PIECEWISE_BEZIER_KNOTS.);
#241=B_SPLINE_CURVE_WITH_KNOTS('',2,(#11474,#11475,#11476),
 .UNSPECIFIED.,.F.,.F.,(3,3),(0.,1.),.PIECEWISE_BEZIER_KNOTS.);
#242=B_SPLINE_CURVE_WITH_KNOTS('',2,(#11478,#11479,#11480),
 .UNSPECIFIED.,.F.,.F.,(3,3),(0.,1.),.PIECEWISE_BEZIER_KNOTS.);
#243=B_SPLINE_CURVE_WITH_KNOTS('',2,(#11486,#11487,#11488),
 .UNSPECIFIED.,.F.,.F.,(3,3),(0.,1.),.PIECEWISE_BEZIER_KNOTS.);
#244=B_SPLINE_CURVE_WITH_KNOTS('',2,(#11491,#11492,#11493),
 .UNSPECIFIED.,.F.,.F.,(3,3),(0.,1.),.PIECEWISE_BEZIER_KNOTS.);
#245=B_SPLINE_CURVE_WITH_KNOTS('',2,(#11498,#11499,#11500),
 .UNSPECIFIED.,.F.,.F.,(3,3),(0.,1.),.PIECEWISE_BEZIER_KNOTS.);
#246=B_SPLINE_CURVE_WITH_KNOTS('',2,(#11504,#11505,#11506),
 .UNSPECIFIED.,.F.,.F.,(3,3),(0.,1.),.PIECEWISE_BEZIER_KNOTS.);
#247=B_SPLINE_CURVE_WITH_KNOTS('',2,(#11510,#11511,#11512),
 .UNSPECIFIED.,.F.,.F.,(3,3),(0.,1.),.PIECEWISE_BEZIER_KNOTS.);
#248=B_SPLINE_CURVE_WITH_KNOTS('',2,(#11520,#11521,#11522),
 .UNSPECIFIED.,.F.,.F.,(3,3),(0.,1.),.PIECEWISE_BEZIER_KNOTS.);
#249=B_SPLINE_CURVE_WITH_KNOTS('',2,(#11526,#11527,#11528),
 .UNSPECIFIED.,.F.,.F.,(3,3),(0.,1.),.PIECEWISE_BEZIER_KNOTS.);
#250=B_SPLINE_CURVE_WITH_KNOTS('',2,(#11531,#11532,#11533),
 .UNSPECIFIED.,.F.,.F.,(3,3),(0.,1.),.PIECEWISE_BEZIER_KNOTS.);
#251=B_SPLINE_CURVE_WITH_KNOTS('',2,(#11538,#11539,#11540),
 .UNSPECIFIED.,.F.,.F.,(3,3),(0.,1.),.PIECEWISE_BEZIER_KNOTS.);
#252=B_SPLINE_CURVE_WITH_KNOTS('',2,(#11544,#11545,#11546),
 .UNSPECIFIED.,.F.,.F.,(3,3),(0.,1.),.PIECEWISE_BEZIER_KNOTS.);
#253=B_SPLINE_CURVE_WITH_KNOTS('',2,(#11550,#11551,#11552),
 .UNSPECIFIED.,.F.,.F.,(3,3),(0.,1.),.PIECEWISE_BEZIER_KNOTS.);
#254=B_SPLINE_CURVE_WITH_KNOTS('',2,(#11558,#11559,#11560),
 .UNSPECIFIED.,.F.,.F.,(3,3),(0.,1.),.PIECEWISE_BEZIER_KNOTS.);
#255=B_SPLINE_CURVE_WITH_KNOTS('',2,(#11566,#11567,#11568),
 .UNSPECIFIED.,.F.,.F.,(3,3),(0.,1.),.PIECEWISE_BEZIER_KNOTS.);
#256=B_SPLINE_CURVE_WITH_KNOTS('',2,(#11570,#11571,#11572),
 .UNSPECIFIED.,.F.,.F.,(3,3),(0.,1.),.PIECEWISE_BEZIER_KNOTS.);
#257=B_SPLINE_CURVE_WITH_KNOTS('',2,(#11576,#11577,#11578),
 .UNSPECIFIED.,.F.,.F.,(3,3),(0.,1.),.PIECEWISE_BEZIER_KNOTS.);
#258=B_SPLINE_CURVE_WITH_KNOTS('',2,(#11580,#11581,#11582),
 .UNSPECIFIED.,.F.,.F.,(3,3),(0.,1.),.PIECEWISE_BEZIER_KNOTS.);
#259=B_SPLINE_CURVE_WITH_KNOTS('',2,(#11586,#11587,#11588),
 .UNSPECIFIED.,.F.,.F.,(3,3),(0.,1.),.PIECEWISE_BEZIER_KNOTS.);
#260=B_SPLINE_CURVE_WITH_KNOTS('',2,(#11592,#11593,#11594),
 .UNSPECIFIED.,.F.,.F.,(3,3),(0.,1.),.PIECEWISE_BEZIER_KNOTS.);
#261=B_SPLINE_CURVE_WITH_KNOTS('',2,(#11598,#11599,#11600),
 .UNSPECIFIED.,.F.,.F.,(3,3),(0.,1.),.PIECEWISE_BEZIER_KNOTS.);
#262=B_SPLINE_CURVE_WITH_KNOTS('',2,(#11602,#11603,#11604),
 .UNSPECIFIED.,.F.,.F.,(3,3),(0.,1.),.PIECEWISE_BEZIER_KNOTS.);
#263=B_SPLINE_CURVE_WITH_KNOTS('',2,(#11608,#11609,#11610),
 .UNSPECIFIED.,.F.,.F.,(3,3),(0.,1.),.PIECEWISE_BEZIER_KNOTS.);
#264=B_SPLINE_CURVE_WITH_KNOTS('',2,(#11614,#11615,#11616),
 .UNSPECIFIED.,.F.,.F.,(3,3),(0.,1.),.PIECEWISE_BEZIER_KNOTS.);
#265=B_SPLINE_CURVE_WITH_KNOTS('',2,(#11620,#11621,#11622),
 .UNSPECIFIED.,.F.,.F.,(3,3),(0.,1.),.PIECEWISE_BEZIER_KNOTS.);
#266=B_SPLINE_CURVE_WITH_KNOTS('',2,(#11626,#11627,#11628),
 .UNSPECIFIED.,.F.,.F.,(3,3),(0.,1.),.PIECEWISE_BEZIER_KNOTS.);
#267=B_SPLINE_CURVE_WITH_KNOTS('',2,(#11630,#11631,#11632),
 .UNSPECIFIED.,.F.,.F.,(3,3),(0.,1.),.PIECEWISE_BEZIER_KNOTS.);
#268=B_SPLINE_CURVE_WITH_KNOTS('',2,(#11636,#11637,#11638),
 .UNSPECIFIED.,.F.,.F.,(3,3),(0.,1.),.PIECEWISE_BEZIER_KNOTS.);
#269=B_SPLINE_CURVE_WITH_KNOTS('',2,(#11641,#11642,#11643),
 .UNSPECIFIED.,.F.,.F.,(3,3),(0.,1.),.PIECEWISE_BEZIER_KNOTS.);
#270=B_SPLINE_CURVE_WITH_KNOTS('',2,(#11648,#11649,#11650),
 .UNSPECIFIED.,.F.,.F.,(3,3),(0.,1.),.PIECEWISE_BEZIER_KNOTS.);
#271=B_SPLINE_CURVE_WITH_KNOTS('',2,(#11654,#11655,#11656),
 .UNSPECIFIED.,.F.,.F.,(3,3),(0.,1.),.PIECEWISE_BEZIER_KNOTS.);
#272=B_SPLINE_CURVE_WITH_KNOTS('',2,(#11660,#11661,#11662),
 .UNSPECIFIED.,.F.,.F.,(3,3),(0.,1.),.PIECEWISE_BEZIER_KNOTS.);
#273=B_SPLINE_CURVE_WITH_KNOTS('',2,(#11666,#11667,#11668),
 .UNSPECIFIED.,.F.,.F.,(3,3),(0.,1.),.PIECEWISE_BEZIER_KNOTS.);
#274=B_SPLINE_CURVE_WITH_KNOTS('',2,(#11672,#11673,#11674),
 .UNSPECIFIED.,.F.,.F.,(3,3),(0.,1.),.PIECEWISE_BEZIER_KNOTS.);
#275=B_SPLINE_CURVE_WITH_KNOTS('',2,(#11678,#11679,#11680),
 .UNSPECIFIED.,.F.,.F.,(3,3),(0.,1.),.PIECEWISE_BEZIER_KNOTS.);
#276=B_SPLINE_CURVE_WITH_KNOTS('',2,(#11684,#11685,#11686),
 .UNSPECIFIED.,.F.,.F.,(3,3),(0.,1.),.PIECEWISE_BEZIER_KNOTS.);
#277=B_SPLINE_CURVE_WITH_KNOTS('',2,(#11690,#11691,#11692),
 .UNSPECIFIED.,.F.,.F.,(3,3),(0.,1.),.PIECEWISE_BEZIER_KNOTS.);
#278=B_SPLINE_CURVE_WITH_KNOTS('',2,(#11696,#11697,#11698),
 .UNSPECIFIED.,.F.,.F.,(3,3),(0.,1.),.PIECEWISE_BEZIER_KNOTS.);
#279=B_SPLINE_CURVE_WITH_KNOTS('',2,(#11702,#11703,#11704),
 .UNSPECIFIED.,.F.,.F.,(3,3),(0.,1.),.PIECEWISE_BEZIER_KNOTS.);
#280=B_SPLINE_CURVE_WITH_KNOTS('',2,(#11708,#11709,#11710),
 .UNSPECIFIED.,.F.,.F.,(3,3),(0.,1.),.PIECEWISE_BEZIER_KNOTS.);
#281=B_SPLINE_CURVE_WITH_KNOTS('',2,(#11713,#11714,#11715),
 .UNSPECIFIED.,.F.,.F.,(3,3),(0.,1.),.PIECEWISE_BEZIER_KNOTS.);
#282=B_SPLINE_CURVE_WITH_KNOTS('',2,(#11720,#11721,#11722),
 .UNSPECIFIED.,.F.,.F.,(3,3),(0.,1.),.PIECEWISE_BEZIER_KNOTS.);
#283=B_SPLINE_CURVE_WITH_KNOTS('',2,(#11726,#11727,#11728),
 .UNSPECIFIED.,.F.,.F.,(3,3),(0.,1.),.PIECEWISE_BEZIER_KNOTS.);
#284=B_SPLINE_CURVE_WITH_KNOTS('',2,(#11732,#11733,#11734),
 .UNSPECIFIED.,.F.,.F.,(3,3),(0.,1.),.PIECEWISE_BEZIER_KNOTS.);
#285=B_SPLINE_CURVE_WITH_KNOTS('',2,(#11737,#11738,#11739),
 .UNSPECIFIED.,.F.,.F.,(3,3),(0.,1.),.PIECEWISE_BEZIER_KNOTS.);
#286=B_SPLINE_CURVE_WITH_KNOTS('',2,(#11744,#11745,#11746),
 .UNSPECIFIED.,.F.,.F.,(3,3),(0.,1.),.PIECEWISE_BEZIER_KNOTS.);
#287=B_SPLINE_CURVE_WITH_KNOTS('',2,(#11750,#11751,#11752),
 .UNSPECIFIED.,.F.,.F.,(3,3),(0.,1.),.PIECEWISE_BEZIER_KNOTS.);
#288=B_SPLINE_CURVE_WITH_KNOTS('',2,(#11754,#11755,#11756),
 .UNSPECIFIED.,.F.,.F.,(3,3),(0.,1.),.PIECEWISE_BEZIER_KNOTS.);
#289=B_SPLINE_CURVE_WITH_KNOTS('',2,(#11760,#11761,#11762),
 .UNSPECIFIED.,.F.,.F.,(3,3),(0.,1.),.PIECEWISE_BEZIER_KNOTS.);
#290=B_SPLINE_CURVE_WITH_KNOTS('',2,(#11764,#11765,#11766),
 .UNSPECIFIED.,.F.,.F.,(3,3),(0.,1.),.PIECEWISE_BEZIER_KNOTS.);
#291=B_SPLINE_CURVE_WITH_KNOTS('',2,(#11768,#11769,#11770),
 .UNSPECIFIED.,.F.,.F.,(3,3),(0.,1.),.PIECEWISE_BEZIER_KNOTS.);
#292=B_SPLINE_CURVE_WITH_KNOTS('',2,(#11774,#11775,#11776),
 .UNSPECIFIED.,.F.,.F.,(3,3),(0.,1.),.PIECEWISE_BEZIER_KNOTS.);
#293=B_SPLINE_CURVE_WITH_KNOTS('',2,(#11778,#11779,#11780),
 .UNSPECIFIED.,.F.,.F.,(3,3),(0.,1.),.PIECEWISE_BEZIER_KNOTS.);
#294=B_SPLINE_CURVE_WITH_KNOTS('',2,(#11817,#11818,#11819),
 .UNSPECIFIED.,.F.,.F.,(3,3),(0.,1.),.PIECEWISE_BEZIER_KNOTS.);
#295=B_SPLINE_CURVE_WITH_KNOTS('',2,(#11824,#11825,#11826),
 .UNSPECIFIED.,.F.,.F.,(3,3),(0.,1.),.PIECEWISE_BEZIER_KNOTS.);
#296=B_SPLINE_CURVE_WITH_KNOTS('',2,(#11830,#11831,#11832),
 .UNSPECIFIED.,.F.,.F.,(3,3),(0.,1.),.PIECEWISE_BEZIER_KNOTS.);
#297=B_SPLINE_CURVE_WITH_KNOTS('',2,(#11836,#11837,#11838),
 .UNSPECIFIED.,.F.,.F.,(3,3),(0.,1.),.PIECEWISE_BEZIER_KNOTS.);
#298=B_SPLINE_CURVE_WITH_KNOTS('',2,(#11846,#11847,#11848),
 .UNSPECIFIED.,.F.,.F.,(3,3),(0.,1.),.PIECEWISE_BEZIER_KNOTS.);
#299=B_SPLINE_CURVE_WITH_KNOTS('',2,(#11852,#11853,#11854),
 .UNSPECIFIED.,.F.,.F.,(3,3),(0.,1.),.PIECEWISE_BEZIER_KNOTS.);
#300=B_SPLINE_CURVE_WITH_KNOTS('',2,(#11857,#11858,#11859),
 .UNSPECIFIED.,.F.,.F.,(3,3),(0.,1.),.PIECEWISE_BEZIER_KNOTS.);
#301=B_SPLINE_CURVE_WITH_KNOTS('',2,(#11864,#11865,#11866),
 .UNSPECIFIED.,.F.,.F.,(3,3),(0.,1.),.PIECEWISE_BEZIER_KNOTS.);
#302=B_SPLINE_CURVE_WITH_KNOTS('',2,(#11870,#11871,#11872),
 .UNSPECIFIED.,.F.,.F.,(3,3),(0.,1.),.PIECEWISE_BEZIER_KNOTS.);
#303=B_SPLINE_CURVE_WITH_KNOTS('',2,(#11876,#11877,#11878),
 .UNSPECIFIED.,.F.,.F.,(3,3),(0.,1.),.PIECEWISE_BEZIER_KNOTS.);
#304=B_SPLINE_CURVE_WITH_KNOTS('',2,(#11882,#11883,#11884),
 .UNSPECIFIED.,.F.,.F.,(3,3),(0.,1.),.PIECEWISE_BEZIER_KNOTS.);
#305=B_SPLINE_CURVE_WITH_KNOTS('',2,(#11888,#11889,#11890),
 .UNSPECIFIED.,.F.,.F.,(3,3),(0.,1.),.PIECEWISE_BEZIER_KNOTS.);
#306=B_SPLINE_CURVE_WITH_KNOTS('',2,(#11892,#11893,#11894),
 .UNSPECIFIED.,.F.,.F.,(3,3),(0.,1.),.PIECEWISE_BEZIER_KNOTS.);
#307=B_SPLINE_CURVE_WITH_KNOTS('',2,(#11902,#11903,#11904),
 .UNSPECIFIED.,.F.,.F.,(3,3),(0.,1.),.PIECEWISE_BEZIER_KNOTS.);
#308=B_SPLINE_CURVE_WITH_KNOTS('',2,(#11905,#11906,#11907),
 .UNSPECIFIED.,.F.,.F.,(3,3),(0.,1.),.PIECEWISE_BEZIER_KNOTS.);
#309=B_SPLINE_CURVE_WITH_KNOTS('',2,(#11912,#11913,#11914),
 .UNSPECIFIED.,.F.,.F.,(3,3),(0.,1.),.PIECEWISE_BEZIER_KNOTS.);
#310=B_SPLINE_CURVE_WITH_KNOTS('',2,(#11918,#11919,#11920),
 .UNSPECIFIED.,.F.,.F.,(3,3),(0.,1.),.PIECEWISE_BEZIER_KNOTS.);
#311=B_SPLINE_CURVE_WITH_KNOTS('',2,(#11924,#11925,#11926),
 .UNSPECIFIED.,.F.,.F.,(3,3),(0.,1.),.PIECEWISE_BEZIER_KNOTS.);
#312=B_SPLINE_CURVE_WITH_KNOTS('',2,(#11929,#11930,#11931),
 .UNSPECIFIED.,.F.,.F.,(3,3),(0.,1.),.PIECEWISE_BEZIER_KNOTS.);
#313=B_SPLINE_CURVE_WITH_KNOTS('',2,(#11936,#11937,#11938),
 .UNSPECIFIED.,.F.,.F.,(3,3),(0.,1.),.PIECEWISE_BEZIER_KNOTS.);
#314=B_SPLINE_CURVE_WITH_KNOTS('',2,(#11942,#11943,#11944),
 .UNSPECIFIED.,.F.,.F.,(3,3),(0.,1.),.PIECEWISE_BEZIER_KNOTS.);
#315=B_SPLINE_CURVE_WITH_KNOTS('',2,(#11946,#11947,#11948),
 .UNSPECIFIED.,.F.,.F.,(3,3),(0.,1.),.PIECEWISE_BEZIER_KNOTS.);
#316=B_SPLINE_CURVE_WITH_KNOTS('',2,(#11952,#11953,#11954),
 .UNSPECIFIED.,.F.,.F.,(3,3),(0.,1.),.PIECEWISE_BEZIER_KNOTS.);
#317=B_SPLINE_CURVE_WITH_KNOTS('',2,(#11956,#11957,#11958),
 .UNSPECIFIED.,.F.,.F.,(3,3),(0.,1.),.PIECEWISE_BEZIER_KNOTS.);
#318=B_SPLINE_CURVE_WITH_KNOTS('',2,(#11962,#11963,#11964),
 .UNSPECIFIED.,.F.,.F.,(3,3),(0.,1.),.PIECEWISE_BEZIER_KNOTS.);
#319=B_SPLINE_CURVE_WITH_KNOTS('',2,(#11968,#11969,#11970),
 .UNSPECIFIED.,.F.,.F.,(3,3),(0.,1.),.PIECEWISE_BEZIER_KNOTS.);
#320=B_SPLINE_CURVE_WITH_KNOTS('',2,(#11974,#11975,#11976),
 .UNSPECIFIED.,.F.,.F.,(3,3),(0.,1.),.PIECEWISE_BEZIER_KNOTS.);
#321=B_SPLINE_CURVE_WITH_KNOTS('',2,(#11978,#11979,#11980),
 .UNSPECIFIED.,.F.,.F.,(3,3),(0.,1.),.PIECEWISE_BEZIER_KNOTS.);
#322=B_SPLINE_CURVE_WITH_KNOTS('',2,(#11984,#11985,#11986),
 .UNSPECIFIED.,.F.,.F.,(3,3),(0.,1.),.PIECEWISE_BEZIER_KNOTS.);
#323=B_SPLINE_CURVE_WITH_KNOTS('',2,(#11988,#11989,#11990),
 .UNSPECIFIED.,.F.,.F.,(3,3),(0.,1.),.PIECEWISE_BEZIER_KNOTS.);
#324=B_SPLINE_CURVE_WITH_KNOTS('',2,(#11993,#11994,#11995),
 .UNSPECIFIED.,.F.,.F.,(3,3),(0.,1.),.PIECEWISE_BEZIER_KNOTS.);
#325=B_SPLINE_CURVE_WITH_KNOTS('',2,(#12000,#12001,#12002),
 .UNSPECIFIED.,.F.,.F.,(3,3),(0.,1.),.PIECEWISE_BEZIER_KNOTS.);
#326=B_SPLINE_CURVE_WITH_KNOTS('',2,(#12006,#12007,#12008),
 .UNSPECIFIED.,.F.,.F.,(3,3),(0.,1.),.PIECEWISE_BEZIER_KNOTS.);
#327=B_SPLINE_CURVE_WITH_KNOTS('',2,(#12012,#12013,#12014),
 .UNSPECIFIED.,.F.,.F.,(3,3),(0.,1.),.PIECEWISE_BEZIER_KNOTS.);
#328=B_SPLINE_CURVE_WITH_KNOTS('',2,(#12016,#12017,#12018),
 .UNSPECIFIED.,.F.,.F.,(3,3),(0.,1.),.PIECEWISE_BEZIER_KNOTS.);
#329=B_SPLINE_CURVE_WITH_KNOTS('',2,(#12022,#12023,#12024),
 .UNSPECIFIED.,.F.,.F.,(3,3),(0.,1.),.PIECEWISE_BEZIER_KNOTS.);
#330=B_SPLINE_CURVE_WITH_KNOTS('',2,(#12028,#12029,#12030),
 .UNSPECIFIED.,.F.,.F.,(3,3),(0.,1.),.PIECEWISE_BEZIER_KNOTS.);
#331=B_SPLINE_CURVE_WITH_KNOTS('',2,(#12034,#12035,#12036),
 .UNSPECIFIED.,.F.,.F.,(3,3),(0.,1.),.PIECEWISE_BEZIER_KNOTS.);
#332=B_SPLINE_CURVE_WITH_KNOTS('',2,(#12044,#12045,#12046),
 .UNSPECIFIED.,.F.,.F.,(3,3),(0.,1.),.PIECEWISE_BEZIER_KNOTS.);
#333=B_SPLINE_CURVE_WITH_KNOTS('',2,(#12050,#12051,#12052),
 .UNSPECIFIED.,.F.,.F.,(3,3),(0.,1.),.PIECEWISE_BEZIER_KNOTS.);
#334=B_SPLINE_CURVE_WITH_KNOTS('',2,(#12056,#12057,#12058),
 .UNSPECIFIED.,.F.,.F.,(3,3),(0.,1.),.PIECEWISE_BEZIER_KNOTS.);
#335=B_SPLINE_CURVE_WITH_KNOTS('',2,(#12059,#12060,#12061),
 .UNSPECIFIED.,.F.,.F.,(3,3),(0.,1.),.PIECEWISE_BEZIER_KNOTS.);
#336=B_SPLINE_CURVE_WITH_KNOTS('',2,(#12066,#12067,#12068),
 .UNSPECIFIED.,.F.,.F.,(3,3),(0.,1.),.PIECEWISE_BEZIER_KNOTS.);
#337=B_SPLINE_CURVE_WITH_KNOTS('',2,(#12072,#12073,#12074),
 .UNSPECIFIED.,.F.,.F.,(3,3),(0.,1.),.PIECEWISE_BEZIER_KNOTS.);
#338=B_SPLINE_CURVE_WITH_KNOTS('',2,(#12078,#12079,#12080),
 .UNSPECIFIED.,.F.,.F.,(3,3),(0.,1.),.PIECEWISE_BEZIER_KNOTS.);
#339=B_SPLINE_CURVE_WITH_KNOTS('',2,(#12083,#12084,#12085),
 .UNSPECIFIED.,.F.,.F.,(3,3),(0.,1.),.PIECEWISE_BEZIER_KNOTS.);
#340=B_SPLINE_CURVE_WITH_KNOTS('',2,(#12090,#12091,#12092),
 .UNSPECIFIED.,.F.,.F.,(3,3),(0.,1.),.PIECEWISE_BEZIER_KNOTS.);
#341=B_SPLINE_CURVE_WITH_KNOTS('',2,(#12096,#12097,#12098),
 .UNSPECIFIED.,.F.,.F.,(3,3),(0.,1.),.PIECEWISE_BEZIER_KNOTS.);
#342=B_SPLINE_CURVE_WITH_KNOTS('',2,(#12102,#12103,#12104),
 .UNSPECIFIED.,.F.,.F.,(3,3),(0.,1.),.PIECEWISE_BEZIER_KNOTS.);
#343=B_SPLINE_CURVE_WITH_KNOTS('',2,(#12108,#12109,#12110),
 .UNSPECIFIED.,.F.,.F.,(3,3),(0.,1.),.PIECEWISE_BEZIER_KNOTS.);
#344=B_SPLINE_CURVE_WITH_KNOTS('',2,(#12114,#12115,#12116),
 .UNSPECIFIED.,.F.,.F.,(3,3),(0.,1.),.PIECEWISE_BEZIER_KNOTS.);
#345=B_SPLINE_CURVE_WITH_KNOTS('',2,(#12118,#12119,#12120),
 .UNSPECIFIED.,.F.,.F.,(3,3),(0.,1.),.PIECEWISE_BEZIER_KNOTS.);
#346=B_SPLINE_CURVE_WITH_KNOTS('',2,(#12128,#12129,#12130),
 .UNSPECIFIED.,.F.,.F.,(3,3),(0.,1.),.PIECEWISE_BEZIER_KNOTS.);
#347=B_SPLINE_CURVE_WITH_KNOTS('',2,(#12131,#12132,#12133),
 .UNSPECIFIED.,.F.,.F.,(3,3),(0.,1.),.PIECEWISE_BEZIER_KNOTS.);
#348=B_SPLINE_CURVE_WITH_KNOTS('',2,(#12138,#12139,#12140),
 .UNSPECIFIED.,.F.,.F.,(3,3),(0.,1.),.PIECEWISE_BEZIER_KNOTS.);
#349=B_SPLINE_CURVE_WITH_KNOTS('',2,(#12142,#12143,#12144),
 .UNSPECIFIED.,.F.,.F.,(3,3),(0.,1.),.PIECEWISE_BEZIER_KNOTS.);
#350=B_SPLINE_CURVE_WITH_KNOTS('',2,(#12148,#12149,#12150),
 .UNSPECIFIED.,.F.,.F.,(3,3),(0.,1.),.PIECEWISE_BEZIER_KNOTS.);
#351=B_SPLINE_CURVE_WITH_KNOTS('',2,(#12152,#12153,#12154),
 .UNSPECIFIED.,.F.,.F.,(3,3),(0.,1.),.PIECEWISE_BEZIER_KNOTS.);
#352=B_SPLINE_CURVE_WITH_KNOTS('',2,(#12158,#12159,#12160),
 .UNSPECIFIED.,.F.,.F.,(3,3),(0.,1.),.PIECEWISE_BEZIER_KNOTS.);
#353=B_SPLINE_CURVE_WITH_KNOTS('',2,(#12162,#12163,#12164),
 .UNSPECIFIED.,.F.,.F.,(3,3),(0.,1.),.PIECEWISE_BEZIER_KNOTS.);
#354=B_SPLINE_CURVE_WITH_KNOTS('',2,(#12168,#12169,#12170),
 .UNSPECIFIED.,.F.,.F.,(3,3),(0.,1.),.PIECEWISE_BEZIER_KNOTS.);
#355=B_SPLINE_CURVE_WITH_KNOTS('',2,(#12174,#12175,#12176),
 .UNSPECIFIED.,.F.,.F.,(3,3),(0.,1.),.PIECEWISE_BEZIER_KNOTS.);
#356=B_SPLINE_CURVE_WITH_KNOTS('',2,(#12180,#12181,#12182),
 .UNSPECIFIED.,.F.,.F.,(3,3),(0.,1.),.PIECEWISE_BEZIER_KNOTS.);
#357=B_SPLINE_CURVE_WITH_KNOTS('',2,(#12184,#12185,#12186),
 .UNSPECIFIED.,.F.,.F.,(3,3),(0.,1.),.PIECEWISE_BEZIER_KNOTS.);
#358=B_SPLINE_CURVE_WITH_KNOTS('',2,(#12190,#12191,#12192),
 .UNSPECIFIED.,.F.,.F.,(3,3),(0.,1.),.PIECEWISE_BEZIER_KNOTS.);
#359=B_SPLINE_CURVE_WITH_KNOTS('',2,(#12196,#12197,#12198),
 .UNSPECIFIED.,.F.,.F.,(3,3),(0.,1.),.PIECEWISE_BEZIER_KNOTS.);
#360=B_SPLINE_CURVE_WITH_KNOTS('',2,(#12199,#12200,#12201),
 .UNSPECIFIED.,.F.,.F.,(3,3),(0.,1.),.PIECEWISE_BEZIER_KNOTS.);
#361=B_SPLINE_CURVE_WITH_KNOTS('',2,(#12206,#12207,#12208),
 .UNSPECIFIED.,.F.,.F.,(3,3),(0.,1.),.PIECEWISE_BEZIER_KNOTS.);
#362=B_SPLINE_CURVE_WITH_KNOTS('',2,(#12212,#12213,#12214),
 .UNSPECIFIED.,.F.,.F.,(3,3),(0.,1.),.PIECEWISE_BEZIER_KNOTS.);
#363=B_SPLINE_CURVE_WITH_KNOTS('',2,(#12218,#12219,#12220),
 .UNSPECIFIED.,.F.,.F.,(3,3),(0.,1.),.PIECEWISE_BEZIER_KNOTS.);
#364=B_SPLINE_CURVE_WITH_KNOTS('',2,(#12224,#12225,#12226),
 .UNSPECIFIED.,.F.,.F.,(3,3),(0.,1.),.PIECEWISE_BEZIER_KNOTS.);
#365=B_SPLINE_CURVE_WITH_KNOTS('',2,(#12230,#12231,#12232),
 .UNSPECIFIED.,.F.,.F.,(3,3),(0.,1.),.PIECEWISE_BEZIER_KNOTS.);
#366=B_SPLINE_CURVE_WITH_KNOTS('',2,(#12234,#12235,#12236),
 .UNSPECIFIED.,.F.,.F.,(3,3),(0.,1.),.PIECEWISE_BEZIER_KNOTS.);
#367=B_SPLINE_CURVE_WITH_KNOTS('',2,(#12244,#12245,#12246),
 .UNSPECIFIED.,.F.,.F.,(3,3),(0.,1.),.PIECEWISE_BEZIER_KNOTS.);
#368=B_SPLINE_CURVE_WITH_KNOTS('',2,(#12252,#12253,#12254),
 .UNSPECIFIED.,.F.,.F.,(3,3),(0.,1.),.PIECEWISE_BEZIER_KNOTS.);
#369=B_SPLINE_CURVE_WITH_KNOTS('',2,(#12256,#12257,#12258),
 .UNSPECIFIED.,.F.,.F.,(3,3),(0.,1.),.PIECEWISE_BEZIER_KNOTS.);
#370=B_SPLINE_CURVE_WITH_KNOTS('',2,(#12262,#12263,#12264),
 .UNSPECIFIED.,.F.,.F.,(3,3),(0.,1.),.PIECEWISE_BEZIER_KNOTS.);
#371=B_SPLINE_CURVE_WITH_KNOTS('',2,(#12266,#12267,#12268),
 .UNSPECIFIED.,.F.,.F.,(3,3),(0.,1.),.PIECEWISE_BEZIER_KNOTS.);
#372=B_SPLINE_CURVE_WITH_KNOTS('',2,(#12280,#12281,#12282),
 .UNSPECIFIED.,.F.,.F.,(3,3),(0.,1.),.PIECEWISE_BEZIER_KNOTS.);
#373=B_SPLINE_CURVE_WITH_KNOTS('',2,(#12286,#12287,#12288),
 .UNSPECIFIED.,.F.,.F.,(3,3),(0.,1.),.PIECEWISE_BEZIER_KNOTS.);
#374=B_SPLINE_CURVE_WITH_KNOTS('',2,(#12292,#12293,#12294),
 .UNSPECIFIED.,.F.,.F.,(3,3),(0.,1.),.PIECEWISE_BEZIER_KNOTS.);
#375=B_SPLINE_CURVE_WITH_KNOTS('',2,(#12298,#12299,#12300),
 .UNSPECIFIED.,.F.,.F.,(3,3),(0.,1.),.PIECEWISE_BEZIER_KNOTS.);
#376=B_SPLINE_CURVE_WITH_KNOTS('',2,(#12386,#12387,#12388),
 .UNSPECIFIED.,.F.,.F.,(3,3),(0.,1.),.PIECEWISE_BEZIER_KNOTS.);
#377=B_SPLINE_CURVE_WITH_KNOTS('',2,(#12403,#12404,#12405),
 .UNSPECIFIED.,.F.,.F.,(3,3),(0.,1.),.PIECEWISE_BEZIER_KNOTS.);
#378=B_SPLINE_CURVE_WITH_KNOTS('',2,(#12420,#12421,#12422),
 .UNSPECIFIED.,.F.,.F.,(3,3),(0.,1.),.PIECEWISE_BEZIER_KNOTS.);
#379=B_SPLINE_CURVE_WITH_KNOTS('',2,(#12437,#12438,#12439),
 .UNSPECIFIED.,.F.,.F.,(3,3),(0.,1.),.PIECEWISE_BEZIER_KNOTS.);
#380=B_SPLINE_CURVE_WITH_KNOTS('',2,(#12462,#12463,#12464),
 .UNSPECIFIED.,.F.,.F.,(3,3),(0.,1.),.PIECEWISE_BEZIER_KNOTS.);
#381=B_SPLINE_CURVE_WITH_KNOTS('',2,(#12479,#12480,#12481),
 .UNSPECIFIED.,.F.,.F.,(3,3),(0.,1.),.PIECEWISE_BEZIER_KNOTS.);
#382=B_SPLINE_CURVE_WITH_KNOTS('',2,(#12495,#12496,#12497),
 .UNSPECIFIED.,.F.,.F.,(3,3),(0.,1.),.PIECEWISE_BEZIER_KNOTS.);
#383=B_SPLINE_CURVE_WITH_KNOTS('',2,(#12502,#12503,#12504),
 .UNSPECIFIED.,.F.,.F.,(3,3),(0.,1.),.PIECEWISE_BEZIER_KNOTS.);
#384=B_SPLINE_CURVE_WITH_KNOTS('',2,(#12521,#12522,#12523),
 .UNSPECIFIED.,.F.,.F.,(3,3),(0.,1.),.PIECEWISE_BEZIER_KNOTS.);
#385=B_SPLINE_CURVE_WITH_KNOTS('',2,(#12525,#12526,#12527),
 .UNSPECIFIED.,.F.,.F.,(3,3),(0.,1.),.PIECEWISE_BEZIER_KNOTS.);
#386=B_SPLINE_CURVE_WITH_KNOTS('',2,(#12538,#12539,#12540),
 .UNSPECIFIED.,.F.,.F.,(3,3),(0.,1.),.PIECEWISE_BEZIER_KNOTS.);
#387=B_SPLINE_CURVE_WITH_KNOTS('',2,(#12542,#12543,#12544),
 .UNSPECIFIED.,.F.,.F.,(3,3),(0.,1.),.PIECEWISE_BEZIER_KNOTS.);
#388=B_SPLINE_CURVE_WITH_KNOTS('',2,(#12561,#12562,#12563),
 .UNSPECIFIED.,.F.,.F.,(3,3),(0.,1.),.PIECEWISE_BEZIER_KNOTS.);
#389=B_SPLINE_CURVE_WITH_KNOTS('',2,(#12565,#12566,#12567),
 .UNSPECIFIED.,.F.,.F.,(3,3),(0.,1.),.PIECEWISE_BEZIER_KNOTS.);
#390=B_SPLINE_CURVE_WITH_KNOTS('',2,(#12578,#12579,#12580),
 .UNSPECIFIED.,.F.,.F.,(3,3),(0.,1.),.PIECEWISE_BEZIER_KNOTS.);
#391=B_SPLINE_CURVE_WITH_KNOTS('',2,(#12582,#12583,#12584),
 .UNSPECIFIED.,.F.,.F.,(3,3),(0.,1.),.PIECEWISE_BEZIER_KNOTS.);
#392=B_SPLINE_CURVE_WITH_KNOTS('',2,(#12601,#12602,#12603),
 .UNSPECIFIED.,.F.,.F.,(3,3),(0.,1.),.PIECEWISE_BEZIER_KNOTS.);
#393=B_SPLINE_CURVE_WITH_KNOTS('',2,(#12605,#12606,#12607),
 .UNSPECIFIED.,.F.,.F.,(3,3),(0.,1.),.PIECEWISE_BEZIER_KNOTS.);
#394=B_SPLINE_CURVE_WITH_KNOTS('',2,(#12618,#12619,#12620),
 .UNSPECIFIED.,.F.,.F.,(3,3),(0.,1.),.PIECEWISE_BEZIER_KNOTS.);
#395=B_SPLINE_CURVE_WITH_KNOTS('',2,(#12625,#12626,#12627),
 .UNSPECIFIED.,.F.,.F.,(3,3),(0.,1.),.PIECEWISE_BEZIER_KNOTS.);
#396=B_SPLINE_CURVE_WITH_KNOTS('',2,(#12644,#12645,#12646),
 .UNSPECIFIED.,.F.,.F.,(3,3),(0.,1.),.PIECEWISE_BEZIER_KNOTS.);
#397=B_SPLINE_CURVE_WITH_KNOTS('',2,(#12648,#12649,#12650),
 .UNSPECIFIED.,.F.,.F.,(3,3),(0.,1.),.PIECEWISE_BEZIER_KNOTS.);
#398=B_SPLINE_CURVE_WITH_KNOTS('',2,(#12661,#12662,#12663),
 .UNSPECIFIED.,.F.,.F.,(3,3),(0.,1.),.PIECEWISE_BEZIER_KNOTS.);
#399=B_SPLINE_CURVE_WITH_KNOTS('',2,(#12665,#12666,#12667),
 .UNSPECIFIED.,.F.,.F.,(3,3),(0.,1.),.PIECEWISE_BEZIER_KNOTS.);
#400=B_SPLINE_CURVE_WITH_KNOTS('',2,(#12684,#12685,#12686),
 .UNSPECIFIED.,.F.,.F.,(3,3),(0.,1.),.PIECEWISE_BEZIER_KNOTS.);
#401=B_SPLINE_CURVE_WITH_KNOTS('',2,(#12688,#12689,#12690),
 .UNSPECIFIED.,.F.,.F.,(3,3),(0.,1.),.PIECEWISE_BEZIER_KNOTS.);
#402=B_SPLINE_CURVE_WITH_KNOTS('',2,(#12701,#12702,#12703),
 .UNSPECIFIED.,.F.,.F.,(3,3),(0.,1.),.PIECEWISE_BEZIER_KNOTS.);
#403=B_SPLINE_CURVE_WITH_KNOTS('',2,(#12705,#12706,#12707),
 .UNSPECIFIED.,.F.,.F.,(3,3),(0.,1.),.PIECEWISE_BEZIER_KNOTS.);
#404=B_SPLINE_CURVE_WITH_KNOTS('',2,(#12724,#12725,#12726),
 .UNSPECIFIED.,.F.,.F.,(3,3),(0.,1.),.PIECEWISE_BEZIER_KNOTS.);
#405=B_SPLINE_CURVE_WITH_KNOTS('',2,(#12728,#12729,#12730),
 .UNSPECIFIED.,.F.,.F.,(3,3),(0.,1.),.PIECEWISE_BEZIER_KNOTS.);
#406=B_SPLINE_CURVE_WITH_KNOTS('',2,(#12743,#12744,#12745),
 .UNSPECIFIED.,.F.,.F.,(3,3),(0.,1.),.PIECEWISE_BEZIER_KNOTS.);
#407=B_SPLINE_CURVE_WITH_KNOTS('',2,(#12760,#12761,#12762),
 .UNSPECIFIED.,.F.,.F.,(3,3),(0.,1.),.PIECEWISE_BEZIER_KNOTS.);
#408=B_SPLINE_CURVE_WITH_KNOTS('',2,(#12777,#12778,#12779),
 .UNSPECIFIED.,.F.,.F.,(3,3),(0.,1.),.PIECEWISE_BEZIER_KNOTS.);
#409=B_SPLINE_CURVE_WITH_KNOTS('',2,(#12790,#12791,#12792),
 .UNSPECIFIED.,.F.,.F.,(3,3),(0.,1.),.PIECEWISE_BEZIER_KNOTS.);
#410=B_SPLINE_CURVE_WITH_KNOTS('',2,(#12807,#12808,#12809),
 .UNSPECIFIED.,.F.,.F.,(3,3),(0.,1.),.PIECEWISE_BEZIER_KNOTS.);
#411=B_SPLINE_CURVE_WITH_KNOTS('',2,(#12820,#12821,#12822),
 .UNSPECIFIED.,.F.,.F.,(3,3),(0.,1.),.PIECEWISE_BEZIER_KNOTS.);
#412=B_SPLINE_CURVE_WITH_KNOTS('',2,(#12833,#12834,#12835),
 .UNSPECIFIED.,.F.,.F.,(3,3),(0.,1.),.PIECEWISE_BEZIER_KNOTS.);
#413=B_SPLINE_CURVE_WITH_KNOTS('',2,(#12850,#12851,#12852),
 .UNSPECIFIED.,.F.,.F.,(3,3),(0.,1.),.PIECEWISE_BEZIER_KNOTS.);
#414=B_SPLINE_CURVE_WITH_KNOTS('',2,(#12863,#12864,#12865),
 .UNSPECIFIED.,.F.,.F.,(3,3),(0.,1.),.PIECEWISE_BEZIER_KNOTS.);
#415=B_SPLINE_CURVE_WITH_KNOTS('',2,(#12888,#12889,#12890),
 .UNSPECIFIED.,.F.,.F.,(3,3),(0.,1.),.PIECEWISE_BEZIER_KNOTS.);
#416=B_SPLINE_CURVE_WITH_KNOTS('',2,(#12905,#12906,#12907),
 .UNSPECIFIED.,.F.,.F.,(3,3),(0.,1.),.PIECEWISE_BEZIER_KNOTS.);
#417=B_SPLINE_CURVE_WITH_KNOTS('',2,(#12922,#12923,#12924),
 .UNSPECIFIED.,.F.,.F.,(3,3),(0.,1.),.PIECEWISE_BEZIER_KNOTS.);
#418=B_SPLINE_CURVE_WITH_KNOTS('',2,(#12939,#12940,#12941),
 .UNSPECIFIED.,.F.,.F.,(3,3),(0.,1.),.PIECEWISE_BEZIER_KNOTS.);
#419=B_SPLINE_CURVE_WITH_KNOTS('',2,(#12956,#12957,#12958),
 .UNSPECIFIED.,.F.,.F.,(3,3),(0.,1.),.PIECEWISE_BEZIER_KNOTS.);
#420=B_SPLINE_CURVE_WITH_KNOTS('',2,(#12973,#12974,#12975),
 .UNSPECIFIED.,.F.,.F.,(3,3),(0.,1.),.PIECEWISE_BEZIER_KNOTS.);
#421=B_SPLINE_CURVE_WITH_KNOTS('',2,(#12986,#12987,#12988),
 .UNSPECIFIED.,.F.,.F.,(3,3),(0.,1.),.PIECEWISE_BEZIER_KNOTS.);
#422=B_SPLINE_CURVE_WITH_KNOTS('',2,(#13035,#13036,#13037),
 .UNSPECIFIED.,.F.,.F.,(3,3),(0.,1.),.PIECEWISE_BEZIER_KNOTS.);
#423=B_SPLINE_CURVE_WITH_KNOTS('',2,(#13050,#13051,#13052),
 .UNSPECIFIED.,.F.,.F.,(3,3),(0.,1.),.PIECEWISE_BEZIER_KNOTS.);
#424=B_SPLINE_CURVE_WITH_KNOTS('',2,(#13067,#13068,#13069),
 .UNSPECIFIED.,.F.,.F.,(3,3),(0.,1.),.PIECEWISE_BEZIER_KNOTS.);
#425=B_SPLINE_CURVE_WITH_KNOTS('',2,(#13084,#13085,#13086),
 .UNSPECIFIED.,.F.,.F.,(3,3),(0.,1.),.PIECEWISE_BEZIER_KNOTS.);
#426=B_SPLINE_CURVE_WITH_KNOTS('',2,(#13101,#13102,#13103),
 .UNSPECIFIED.,.F.,.F.,(3,3),(0.,1.),.PIECEWISE_BEZIER_KNOTS.);
#427=B_SPLINE_CURVE_WITH_KNOTS('',2,(#13119,#13120,#13121),
 .UNSPECIFIED.,.F.,.F.,(3,3),(0.,1.),.PIECEWISE_BEZIER_KNOTS.);
#428=B_SPLINE_CURVE_WITH_KNOTS('',2,(#13136,#13137,#13138),
 .UNSPECIFIED.,.F.,.F.,(3,3),(0.,1.),.PIECEWISE_BEZIER_KNOTS.);
#429=B_SPLINE_CURVE_WITH_KNOTS('',2,(#13153,#13154,#13155),
 .UNSPECIFIED.,.F.,.F.,(3,3),(0.,1.),.PIECEWISE_BEZIER_KNOTS.);
#430=B_SPLINE_CURVE_WITH_KNOTS('',2,(#13170,#13171,#13172),
 .UNSPECIFIED.,.F.,.F.,(3,3),(0.,1.),.PIECEWISE_BEZIER_KNOTS.);
#431=B_SPLINE_CURVE_WITH_KNOTS('',2,(#13188,#13189,#13190),
 .UNSPECIFIED.,.F.,.F.,(3,3),(0.,1.),.PIECEWISE_BEZIER_KNOTS.);
#432=B_SPLINE_CURVE_WITH_KNOTS('',2,(#13205,#13206,#13207),
 .UNSPECIFIED.,.F.,.F.,(3,3),(0.,1.),.PIECEWISE_BEZIER_KNOTS.);
#433=B_SPLINE_CURVE_WITH_KNOTS('',2,(#13222,#13223,#13224),
 .UNSPECIFIED.,.F.,.F.,(3,3),(0.,1.),.PIECEWISE_BEZIER_KNOTS.);
#434=B_SPLINE_CURVE_WITH_KNOTS('',2,(#13239,#13240,#13241),
 .UNSPECIFIED.,.F.,.F.,(3,3),(0.,1.),.PIECEWISE_BEZIER_KNOTS.);
#435=B_SPLINE_CURVE_WITH_KNOTS('',2,(#13256,#13257,#13258),
 .UNSPECIFIED.,.F.,.F.,(3,3),(0.,1.),.PIECEWISE_BEZIER_KNOTS.);
#436=B_SPLINE_CURVE_WITH_KNOTS('',2,(#13273,#13274,#13275),
 .UNSPECIFIED.,.F.,.F.,(3,3),(0.,1.),.PIECEWISE_BEZIER_KNOTS.);
#437=B_SPLINE_CURVE_WITH_KNOTS('',2,(#13290,#13291,#13292),
 .UNSPECIFIED.,.F.,.F.,(3,3),(0.,1.),.PIECEWISE_BEZIER_KNOTS.);
#438=B_SPLINE_CURVE_WITH_KNOTS('',2,(#13307,#13308,#13309),
 .UNSPECIFIED.,.F.,.F.,(3,3),(0.,1.),.PIECEWISE_BEZIER_KNOTS.);
#439=B_SPLINE_CURVE_WITH_KNOTS('',2,(#13324,#13325,#13326),
 .UNSPECIFIED.,.F.,.F.,(3,3),(0.,1.),.PIECEWISE_BEZIER_KNOTS.);
#440=B_SPLINE_CURVE_WITH_KNOTS('',2,(#13341,#13342,#13343),
 .UNSPECIFIED.,.F.,.F.,(3,3),(0.,1.),.PIECEWISE_BEZIER_KNOTS.);
#441=B_SPLINE_CURVE_WITH_KNOTS('',2,(#13358,#13359,#13360),
 .UNSPECIFIED.,.F.,.F.,(3,3),(0.,1.),.PIECEWISE_BEZIER_KNOTS.);
#442=B_SPLINE_CURVE_WITH_KNOTS('',2,(#13375,#13376,#13377),
 .UNSPECIFIED.,.F.,.F.,(3,3),(0.,1.),.PIECEWISE_BEZIER_KNOTS.);
#443=B_SPLINE_CURVE_WITH_KNOTS('',2,(#13393,#13394,#13395),
 .UNSPECIFIED.,.F.,.F.,(3,3),(0.,1.),.PIECEWISE_BEZIER_KNOTS.);
#444=B_SPLINE_CURVE_WITH_KNOTS('',2,(#13410,#13411,#13412),
 .UNSPECIFIED.,.F.,.F.,(3,3),(0.,1.),.PIECEWISE_BEZIER_KNOTS.);
#445=B_SPLINE_CURVE_WITH_KNOTS('',2,(#13427,#13428,#13429),
 .UNSPECIFIED.,.F.,.F.,(3,3),(0.,1.),.PIECEWISE_BEZIER_KNOTS.);
#446=B_SPLINE_CURVE_WITH_KNOTS('',2,(#13440,#13441,#13442),
 .UNSPECIFIED.,.F.,.F.,(3,3),(0.,1.),.PIECEWISE_BEZIER_KNOTS.);
#447=B_SPLINE_CURVE_WITH_KNOTS('',2,(#13457,#13458,#13459),
 .UNSPECIFIED.,.F.,.F.,(3,3),(0.,1.),.PIECEWISE_BEZIER_KNOTS.);
#448=B_SPLINE_CURVE_WITH_KNOTS('',2,(#13470,#13471,#13472),
 .UNSPECIFIED.,.F.,.F.,(3,3),(0.,1.),.PIECEWISE_BEZIER_KNOTS.);
#449=B_SPLINE_CURVE_WITH_KNOTS('',2,(#13487,#13488,#13489),
 .UNSPECIFIED.,.F.,.F.,(3,3),(0.,1.),.PIECEWISE_BEZIER_KNOTS.);
#450=B_SPLINE_CURVE_WITH_KNOTS('',2,(#13504,#13505,#13506),
 .UNSPECIFIED.,.F.,.F.,(3,3),(0.,1.),.PIECEWISE_BEZIER_KNOTS.);
#451=B_SPLINE_CURVE_WITH_KNOTS('',2,(#13521,#13522,#13523),
 .UNSPECIFIED.,.F.,.F.,(3,3),(0.,1.),.PIECEWISE_BEZIER_KNOTS.);
#452=B_SPLINE_CURVE_WITH_KNOTS('',2,(#13534,#13535,#13536),
 .UNSPECIFIED.,.F.,.F.,(3,3),(0.,1.),.PIECEWISE_BEZIER_KNOTS.);
#453=B_SPLINE_CURVE_WITH_KNOTS('',2,(#13551,#13552,#13553),
 .UNSPECIFIED.,.F.,.F.,(3,3),(0.,1.),.PIECEWISE_BEZIER_KNOTS.);
#454=B_SPLINE_CURVE_WITH_KNOTS('',2,(#13564,#13565,#13566),
 .UNSPECIFIED.,.F.,.F.,(3,3),(0.,1.),.PIECEWISE_BEZIER_KNOTS.);
#455=B_SPLINE_CURVE_WITH_KNOTS('',2,(#13582,#13583,#13584),
 .UNSPECIFIED.,.F.,.F.,(3,3),(0.,1.),.PIECEWISE_BEZIER_KNOTS.);
#456=B_SPLINE_CURVE_WITH_KNOTS('',2,(#13599,#13600,#13601),
 .UNSPECIFIED.,.F.,.F.,(3,3),(0.,1.),.PIECEWISE_BEZIER_KNOTS.);
#457=B_SPLINE_CURVE_WITH_KNOTS('',2,(#13616,#13617,#13618),
 .UNSPECIFIED.,.F.,.F.,(3,3),(0.,1.),.PIECEWISE_BEZIER_KNOTS.);
#458=B_SPLINE_CURVE_WITH_KNOTS('',2,(#13633,#13634,#13635),
 .UNSPECIFIED.,.F.,.F.,(3,3),(0.,1.),.PIECEWISE_BEZIER_KNOTS.);
#459=B_SPLINE_CURVE_WITH_KNOTS('',2,(#13654,#13655,#13656),
 .UNSPECIFIED.,.F.,.F.,(3,3),(0.,1.),.PIECEWISE_BEZIER_KNOTS.);
#460=B_SPLINE_CURVE_WITH_KNOTS('',2,(#13675,#13676,#13677),
 .UNSPECIFIED.,.F.,.F.,(3,3),(0.,1.),.PIECEWISE_BEZIER_KNOTS.);
#461=B_SPLINE_CURVE_WITH_KNOTS('',2,(#13688,#13689,#13690),
 .UNSPECIFIED.,.F.,.F.,(3,3),(0.,1.),.PIECEWISE_BEZIER_KNOTS.);
#462=B_SPLINE_CURVE_WITH_KNOTS('',2,(#13705,#13706,#13707),
 .UNSPECIFIED.,.F.,.F.,(3,3),(0.,1.),.PIECEWISE_BEZIER_KNOTS.);
#463=B_SPLINE_CURVE_WITH_KNOTS('',2,(#13718,#13719,#13720),
 .UNSPECIFIED.,.F.,.F.,(3,3),(0.,1.),.PIECEWISE_BEZIER_KNOTS.);
#464=B_SPLINE_CURVE_WITH_KNOTS('',2,(#13735,#13736,#13737),
 .UNSPECIFIED.,.F.,.F.,(3,3),(0.,1.),.PIECEWISE_BEZIER_KNOTS.);
#465=B_SPLINE_CURVE_WITH_KNOTS('',2,(#13752,#13753,#13754),
 .UNSPECIFIED.,.F.,.F.,(3,3),(0.,1.),.PIECEWISE_BEZIER_KNOTS.);
#466=B_SPLINE_CURVE_WITH_KNOTS('',2,(#13769,#13770,#13771),
 .UNSPECIFIED.,.F.,.F.,(3,3),(0.,1.),.PIECEWISE_BEZIER_KNOTS.);
#467=B_SPLINE_CURVE_WITH_KNOTS('',2,(#13782,#13783,#13784),
 .UNSPECIFIED.,.F.,.F.,(3,3),(0.,1.),.PIECEWISE_BEZIER_KNOTS.);
#468=B_SPLINE_CURVE_WITH_KNOTS('',2,(#13799,#13800,#13801),
 .UNSPECIFIED.,.F.,.F.,(3,3),(0.,1.),.PIECEWISE_BEZIER_KNOTS.);
#469=B_SPLINE_CURVE_WITH_KNOTS('',2,(#13816,#13817,#13818),
 .UNSPECIFIED.,.F.,.F.,(3,3),(0.,1.),.PIECEWISE_BEZIER_KNOTS.);
#470=B_SPLINE_CURVE_WITH_KNOTS('',2,(#13833,#13834,#13835),
 .UNSPECIFIED.,.F.,.F.,(3,3),(0.,1.),.PIECEWISE_BEZIER_KNOTS.);
#471=B_SPLINE_CURVE_WITH_KNOTS('',2,(#13850,#13851,#13852),
 .UNSPECIFIED.,.F.,.F.,(3,3),(0.,1.),.PIECEWISE_BEZIER_KNOTS.);
#472=B_SPLINE_CURVE_WITH_KNOTS('',2,(#13863,#13864,#13865),
 .UNSPECIFIED.,.F.,.F.,(3,3),(0.,1.),.PIECEWISE_BEZIER_KNOTS.);
#473=B_SPLINE_CURVE_WITH_KNOTS('',2,(#13880,#13881,#13882),
 .UNSPECIFIED.,.F.,.F.,(3,3),(0.,1.),.PIECEWISE_BEZIER_KNOTS.);
#474=B_SPLINE_CURVE_WITH_KNOTS('',2,(#13898,#13899,#13900),
 .UNSPECIFIED.,.F.,.F.,(3,3),(0.,1.),.PIECEWISE_BEZIER_KNOTS.);
#475=B_SPLINE_CURVE_WITH_KNOTS('',2,(#13915,#13916,#13917),
 .UNSPECIFIED.,.F.,.F.,(3,3),(0.,1.),.PIECEWISE_BEZIER_KNOTS.);
#476=B_SPLINE_CURVE_WITH_KNOTS('',2,(#13932,#13933,#13934),
 .UNSPECIFIED.,.F.,.F.,(3,3),(0.,1.),.PIECEWISE_BEZIER_KNOTS.);
#477=B_SPLINE_CURVE_WITH_KNOTS('',2,(#13949,#13950,#13951),
 .UNSPECIFIED.,.F.,.F.,(3,3),(0.,1.),.PIECEWISE_BEZIER_KNOTS.);
#478=B_SPLINE_CURVE_WITH_KNOTS('',2,(#13962,#13963,#13964),
 .UNSPECIFIED.,.F.,.F.,(3,3),(0.,1.),.PIECEWISE_BEZIER_KNOTS.);
#479=B_SPLINE_CURVE_WITH_KNOTS('',2,(#13979,#13980,#13981),
 .UNSPECIFIED.,.F.,.F.,(3,3),(0.,1.),.PIECEWISE_BEZIER_KNOTS.);
#480=B_SPLINE_CURVE_WITH_KNOTS('',2,(#13996,#13997,#13998),
 .UNSPECIFIED.,.F.,.F.,(3,3),(0.,1.),.PIECEWISE_BEZIER_KNOTS.);
#481=B_SPLINE_CURVE_WITH_KNOTS('',2,(#14013,#14014,#14015),
 .UNSPECIFIED.,.F.,.F.,(3,3),(0.,1.),.PIECEWISE_BEZIER_KNOTS.);
#482=B_SPLINE_CURVE_WITH_KNOTS('',2,(#14038,#14039,#14040),
 .UNSPECIFIED.,.F.,.F.,(3,3),(0.,1.),.PIECEWISE_BEZIER_KNOTS.);
#483=B_SPLINE_CURVE_WITH_KNOTS('',2,(#14055,#14056,#14057),
 .UNSPECIFIED.,.F.,.F.,(3,3),(0.,1.),.PIECEWISE_BEZIER_KNOTS.);
#484=B_SPLINE_CURVE_WITH_KNOTS('',2,(#14072,#14073,#14074),
 .UNSPECIFIED.,.F.,.F.,(3,3),(0.,1.),.PIECEWISE_BEZIER_KNOTS.);
#485=B_SPLINE_CURVE_WITH_KNOTS('',2,(#14086,#14087,#14088),
 .UNSPECIFIED.,.F.,.F.,(3,3),(0.,1.),.PIECEWISE_BEZIER_KNOTS.);
#486=B_SPLINE_CURVE_WITH_KNOTS('',2,(#14103,#14104,#14105),
 .UNSPECIFIED.,.F.,.F.,(3,3),(0.,1.),.PIECEWISE_BEZIER_KNOTS.);
#487=B_SPLINE_CURVE_WITH_KNOTS('',2,(#14120,#14121,#14122),
 .UNSPECIFIED.,.F.,.F.,(3,3),(0.,1.),.PIECEWISE_BEZIER_KNOTS.);
#488=B_SPLINE_CURVE_WITH_KNOTS('',2,(#14137,#14138,#14139),
 .UNSPECIFIED.,.F.,.F.,(3,3),(0.,1.),.PIECEWISE_BEZIER_KNOTS.);
#489=B_SPLINE_CURVE_WITH_KNOTS('',2,(#14162,#14163,#14164),
 .UNSPECIFIED.,.F.,.F.,(3,3),(0.,1.),.PIECEWISE_BEZIER_KNOTS.);
#490=B_SPLINE_CURVE_WITH_KNOTS('',2,(#14179,#14180,#14181),
 .UNSPECIFIED.,.F.,.F.,(3,3),(0.,1.),.PIECEWISE_BEZIER_KNOTS.);
#491=B_SPLINE_CURVE_WITH_KNOTS('',2,(#14197,#14198,#14199),
 .UNSPECIFIED.,.F.,.F.,(3,3),(0.,1.),.PIECEWISE_BEZIER_KNOTS.);
#492=B_SPLINE_CURVE_WITH_KNOTS('',2,(#14214,#14215,#14216),
 .UNSPECIFIED.,.F.,.F.,(3,3),(0.,1.),.PIECEWISE_BEZIER_KNOTS.);
#493=B_SPLINE_CURVE_WITH_KNOTS('',2,(#14231,#14232,#14233),
 .UNSPECIFIED.,.F.,.F.,(3,3),(0.,1.),.PIECEWISE_BEZIER_KNOTS.);
#494=B_SPLINE_CURVE_WITH_KNOTS('',2,(#14248,#14249,#14250),
 .UNSPECIFIED.,.F.,.F.,(3,3),(0.,1.),.PIECEWISE_BEZIER_KNOTS.);
#495=B_SPLINE_CURVE_WITH_KNOTS('',2,(#14266,#14267,#14268),
 .UNSPECIFIED.,.F.,.F.,(3,3),(0.,1.),.PIECEWISE_BEZIER_KNOTS.);
#496=B_SPLINE_CURVE_WITH_KNOTS('',2,(#14283,#14284,#14285),
 .UNSPECIFIED.,.F.,.F.,(3,3),(0.,1.),.PIECEWISE_BEZIER_KNOTS.);
#497=B_SPLINE_CURVE_WITH_KNOTS('',2,(#14300,#14301,#14302),
 .UNSPECIFIED.,.F.,.F.,(3,3),(0.,1.),.PIECEWISE_BEZIER_KNOTS.);
#498=B_SPLINE_CURVE_WITH_KNOTS('',2,(#14317,#14318,#14319),
 .UNSPECIFIED.,.F.,.F.,(3,3),(0.,1.),.PIECEWISE_BEZIER_KNOTS.);
#499=B_SPLINE_CURVE_WITH_KNOTS('',2,(#14330,#14331,#14332),
 .UNSPECIFIED.,.F.,.F.,(3,3),(0.,1.),.PIECEWISE_BEZIER_KNOTS.);
#500=B_SPLINE_CURVE_WITH_KNOTS('',2,(#14347,#14348,#14349),
 .UNSPECIFIED.,.F.,.F.,(3,3),(0.,1.),.PIECEWISE_BEZIER_KNOTS.);
#501=B_SPLINE_CURVE_WITH_KNOTS('',2,(#14368,#14369,#14370),
 .UNSPECIFIED.,.F.,.F.,(3,3),(0.,1.),.PIECEWISE_BEZIER_KNOTS.);
#502=B_SPLINE_CURVE_WITH_KNOTS('',2,(#14385,#14386,#14387),
 .UNSPECIFIED.,.F.,.F.,(3,3),(0.,1.),.PIECEWISE_BEZIER_KNOTS.);
#503=B_SPLINE_CURVE_WITH_KNOTS('',2,(#14398,#14399,#14400),
 .UNSPECIFIED.,.F.,.F.,(3,3),(0.,1.),.PIECEWISE_BEZIER_KNOTS.);
#504=B_SPLINE_CURVE_WITH_KNOTS('',2,(#14419,#14420,#14421),
 .UNSPECIFIED.,.F.,.F.,(3,3),(0.,1.),.PIECEWISE_BEZIER_KNOTS.);
#505=B_SPLINE_CURVE_WITH_KNOTS('',2,(#14432,#14433,#14434),
 .UNSPECIFIED.,.F.,.F.,(3,3),(0.,1.),.PIECEWISE_BEZIER_KNOTS.);
#506=B_SPLINE_CURVE_WITH_KNOTS('',2,(#14439,#14440,#14441),
 .UNSPECIFIED.,.F.,.F.,(3,3),(0.,1.),.PIECEWISE_BEZIER_KNOTS.);
#507=B_SPLINE_CURVE_WITH_KNOTS('',2,(#14458,#14459,#14460),
 .UNSPECIFIED.,.F.,.F.,(3,3),(0.,1.),.PIECEWISE_BEZIER_KNOTS.);
#508=B_SPLINE_CURVE_WITH_KNOTS('',2,(#14462,#14463,#14464),
 .UNSPECIFIED.,.F.,.F.,(3,3),(0.,1.),.PIECEWISE_BEZIER_KNOTS.);
#509=B_SPLINE_CURVE_WITH_KNOTS('',2,(#14475,#14476,#14477),
 .UNSPECIFIED.,.F.,.F.,(3,3),(0.,1.),.PIECEWISE_BEZIER_KNOTS.);
#510=B_SPLINE_CURVE_WITH_KNOTS('',2,(#14479,#14480,#14481),
 .UNSPECIFIED.,.F.,.F.,(3,3),(0.,1.),.PIECEWISE_BEZIER_KNOTS.);
#511=B_SPLINE_CURVE_WITH_KNOTS('',2,(#14498,#14499,#14500),
 .UNSPECIFIED.,.F.,.F.,(3,3),(0.,1.),.PIECEWISE_BEZIER_KNOTS.);
#512=B_SPLINE_CURVE_WITH_KNOTS('',2,(#14502,#14503,#14504),
 .UNSPECIFIED.,.F.,.F.,(3,3),(0.,1.),.PIECEWISE_BEZIER_KNOTS.);
#513=B_SPLINE_CURVE_WITH_KNOTS('',2,(#14515,#14516,#14517),
 .UNSPECIFIED.,.F.,.F.,(3,3),(0.,1.),.PIECEWISE_BEZIER_KNOTS.);
#514=B_SPLINE_CURVE_WITH_KNOTS('',2,(#14519,#14520,#14521),
 .UNSPECIFIED.,.F.,.F.,(3,3),(0.,1.),.PIECEWISE_BEZIER_KNOTS.);
#515=B_SPLINE_CURVE_WITH_KNOTS('',2,(#14538,#14539,#14540),
 .UNSPECIFIED.,.F.,.F.,(3,3),(0.,1.),.PIECEWISE_BEZIER_KNOTS.);
#516=B_SPLINE_CURVE_WITH_KNOTS('',2,(#14542,#14543,#14544),
 .UNSPECIFIED.,.F.,.F.,(3,3),(0.,1.),.PIECEWISE_BEZIER_KNOTS.);
#517=B_SPLINE_CURVE_WITH_KNOTS('',2,(#14564,#14565,#14566),
 .UNSPECIFIED.,.F.,.F.,(3,3),(0.,1.),.PIECEWISE_BEZIER_KNOTS.);
#518=B_SPLINE_CURVE_WITH_KNOTS('',2,(#14581,#14582,#14583),
 .UNSPECIFIED.,.F.,.F.,(3,3),(0.,1.),.PIECEWISE_BEZIER_KNOTS.);
#519=B_SPLINE_CURVE_WITH_KNOTS('',2,(#14598,#14599,#14600),
 .UNSPECIFIED.,.F.,.F.,(3,3),(0.,1.),.PIECEWISE_BEZIER_KNOTS.);
#520=B_SPLINE_CURVE_WITH_KNOTS('',2,(#14615,#14616,#14617),
 .UNSPECIFIED.,.F.,.F.,(3,3),(0.,1.),.PIECEWISE_BEZIER_KNOTS.);
#521=B_SPLINE_CURVE_WITH_KNOTS('',2,(#14632,#14633,#14634),
 .UNSPECIFIED.,.F.,.F.,(3,3),(0.,1.),.PIECEWISE_BEZIER_KNOTS.);
#522=B_SPLINE_CURVE_WITH_KNOTS('',2,(#14649,#14650,#14651),
 .UNSPECIFIED.,.F.,.F.,(3,3),(0.,1.),.PIECEWISE_BEZIER_KNOTS.);
#523=B_SPLINE_CURVE_WITH_KNOTS('',2,(#14662,#14663,#14664),
 .UNSPECIFIED.,.F.,.F.,(3,3),(0.,1.),.PIECEWISE_BEZIER_KNOTS.);
#524=B_SPLINE_CURVE_WITH_KNOTS('',2,(#14711,#14712,#14713),
 .UNSPECIFIED.,.F.,.F.,(3,3),(0.,1.),.PIECEWISE_BEZIER_KNOTS.);
#525=B_SPLINE_CURVE_WITH_KNOTS('',2,(#14724,#14725,#14726),
 .UNSPECIFIED.,.F.,.F.,(3,3),(0.,1.),.PIECEWISE_BEZIER_KNOTS.);
#526=B_SPLINE_CURVE_WITH_KNOTS('',2,(#14731,#14732,#14733),
 .UNSPECIFIED.,.F.,.F.,(3,3),(0.,1.),.PIECEWISE_BEZIER_KNOTS.);
#527=B_SPLINE_CURVE_WITH_KNOTS('',2,(#14750,#14751,#14752),
 .UNSPECIFIED.,.F.,.F.,(3,3),(0.,1.),.PIECEWISE_BEZIER_KNOTS.);
#528=B_SPLINE_CURVE_WITH_KNOTS('',2,(#14754,#14755,#14756),
 .UNSPECIFIED.,.F.,.F.,(3,3),(0.,1.),.PIECEWISE_BEZIER_KNOTS.);
#529=B_SPLINE_CURVE_WITH_KNOTS('',2,(#14767,#14768,#14769),
 .UNSPECIFIED.,.F.,.F.,(3,3),(0.,1.),.PIECEWISE_BEZIER_KNOTS.);
#530=B_SPLINE_CURVE_WITH_KNOTS('',2,(#14771,#14772,#14773),
 .UNSPECIFIED.,.F.,.F.,(3,3),(0.,1.),.PIECEWISE_BEZIER_KNOTS.);
#531=B_SPLINE_CURVE_WITH_KNOTS('',2,(#14790,#14791,#14792),
 .UNSPECIFIED.,.F.,.F.,(3,3),(0.,1.),.PIECEWISE_BEZIER_KNOTS.);
#532=B_SPLINE_CURVE_WITH_KNOTS('',2,(#14794,#14795,#14796),
 .UNSPECIFIED.,.F.,.F.,(3,3),(0.,1.),.PIECEWISE_BEZIER_KNOTS.);
#533=B_SPLINE_CURVE_WITH_KNOTS('',2,(#14807,#14808,#14809),
 .UNSPECIFIED.,.F.,.F.,(3,3),(0.,1.),.PIECEWISE_BEZIER_KNOTS.);
#534=B_SPLINE_CURVE_WITH_KNOTS('',2,(#14811,#14812,#14813),
 .UNSPECIFIED.,.F.,.F.,(3,3),(0.,1.),.PIECEWISE_BEZIER_KNOTS.);
#535=B_SPLINE_CURVE_WITH_KNOTS('',2,(#14830,#14831,#14832),
 .UNSPECIFIED.,.F.,.F.,(3,3),(0.,1.),.PIECEWISE_BEZIER_KNOTS.);
#536=B_SPLINE_CURVE_WITH_KNOTS('',2,(#14834,#14835,#14836),
 .UNSPECIFIED.,.F.,.F.,(3,3),(0.,1.),.PIECEWISE_BEZIER_KNOTS.);
#537=B_SPLINE_CURVE_WITH_KNOTS('',2,(#14849,#14850,#14851),
 .UNSPECIFIED.,.F.,.F.,(3,3),(0.,1.),.PIECEWISE_BEZIER_KNOTS.);
#538=B_SPLINE_CURVE_WITH_KNOTS('',2,(#14866,#14867,#14868),
 .UNSPECIFIED.,.F.,.F.,(3,3),(0.,1.),.PIECEWISE_BEZIER_KNOTS.);
#539=B_SPLINE_CURVE_WITH_KNOTS('',2,(#14883,#14884,#14885),
 .UNSPECIFIED.,.F.,.F.,(3,3),(0.,1.),.PIECEWISE_BEZIER_KNOTS.);
#540=B_SPLINE_CURVE_WITH_KNOTS('',2,(#14916,#14917,#14918),
 .UNSPECIFIED.,.F.,.F.,(3,3),(0.,1.),.PIECEWISE_BEZIER_KNOTS.);
#541=B_SPLINE_CURVE_WITH_KNOTS('',2,(#14929,#14930,#14931),
 .UNSPECIFIED.,.F.,.F.,(3,3),(0.,1.),.PIECEWISE_BEZIER_KNOTS.);
#542=B_SPLINE_CURVE_WITH_KNOTS('',2,(#14946,#14947,#14948),
 .UNSPECIFIED.,.F.,.F.,(3,3),(0.,1.),.PIECEWISE_BEZIER_KNOTS.);
#543=B_SPLINE_CURVE_WITH_KNOTS('',2,(#14959,#14960,#14961),
 .UNSPECIFIED.,.F.,.F.,(3,3),(0.,1.),.PIECEWISE_BEZIER_KNOTS.);
#544=B_SPLINE_CURVE_WITH_KNOTS('',2,(#14980,#14981,#14982),
 .UNSPECIFIED.,.F.,.F.,(3,3),(0.,1.),.PIECEWISE_BEZIER_KNOTS.);
#545=B_SPLINE_CURVE_WITH_KNOTS('',2,(#14997,#14998,#14999),
 .UNSPECIFIED.,.F.,.F.,(3,3),(0.,1.),.PIECEWISE_BEZIER_KNOTS.);
#546=B_SPLINE_CURVE_WITH_KNOTS('',2,(#15010,#15011,#15012),
 .UNSPECIFIED.,.F.,.F.,(3,3),(0.,1.),.PIECEWISE_BEZIER_KNOTS.);
#547=B_SPLINE_CURVE_WITH_KNOTS('',2,(#15027,#15028,#15029),
 .UNSPECIFIED.,.F.,.F.,(3,3),(0.,1.),.PIECEWISE_BEZIER_KNOTS.);
#548=B_SPLINE_CURVE_WITH_KNOTS('',2,(#15040,#15041,#15042),
 .UNSPECIFIED.,.F.,.F.,(3,3),(0.,1.),.PIECEWISE_BEZIER_KNOTS.);
#549=B_SPLINE_CURVE_WITH_KNOTS('',2,(#15057,#15058,#15059),
 .UNSPECIFIED.,.F.,.F.,(3,3),(0.,1.),.PIECEWISE_BEZIER_KNOTS.);
#550=B_SPLINE_CURVE_WITH_KNOTS('',2,(#15070,#15071,#15072),
 .UNSPECIFIED.,.F.,.F.,(3,3),(0.,1.),.PIECEWISE_BEZIER_KNOTS.);
#551=B_SPLINE_CURVE_WITH_KNOTS('',2,(#15087,#15088,#15089),
 .UNSPECIFIED.,.F.,.F.,(3,3),(0.,1.),.PIECEWISE_BEZIER_KNOTS.);
#552=B_SPLINE_CURVE_WITH_KNOTS('',2,(#15104,#15105,#15106),
 .UNSPECIFIED.,.F.,.F.,(3,3),(0.,1.),.PIECEWISE_BEZIER_KNOTS.);
#553=B_SPLINE_CURVE_WITH_KNOTS('',2,(#15121,#15122,#15123),
 .UNSPECIFIED.,.F.,.F.,(3,3),(0.,1.),.PIECEWISE_BEZIER_KNOTS.);
#554=B_SPLINE_CURVE_WITH_KNOTS('',2,(#15134,#15135,#15136),
 .UNSPECIFIED.,.F.,.F.,(3,3),(0.,1.),.PIECEWISE_BEZIER_KNOTS.);
#555=B_SPLINE_CURVE_WITH_KNOTS('',2,(#15151,#15152,#15153),
 .UNSPECIFIED.,.F.,.F.,(3,3),(0.,1.),.PIECEWISE_BEZIER_KNOTS.);
#556=B_SPLINE_CURVE_WITH_KNOTS('',2,(#15168,#15169,#15170),
 .UNSPECIFIED.,.F.,.F.,(3,3),(0.,1.),.PIECEWISE_BEZIER_KNOTS.);
#557=B_SPLINE_CURVE_WITH_KNOTS('',2,(#15175,#15176,#15177),
 .UNSPECIFIED.,.F.,.F.,(3,3),(0.,1.),.PIECEWISE_BEZIER_KNOTS.);
#558=B_SPLINE_CURVE_WITH_KNOTS('',2,(#15194,#15195,#15196),
 .UNSPECIFIED.,.F.,.F.,(3,3),(0.,1.),.PIECEWISE_BEZIER_KNOTS.);
#559=B_SPLINE_CURVE_WITH_KNOTS('',2,(#15198,#15199,#15200),
 .UNSPECIFIED.,.F.,.F.,(3,3),(0.,1.),.PIECEWISE_BEZIER_KNOTS.);
#560=B_SPLINE_CURVE_WITH_KNOTS('',2,(#15217,#15218,#15219),
 .UNSPECIFIED.,.F.,.F.,(3,3),(0.,1.),.PIECEWISE_BEZIER_KNOTS.);
#561=B_SPLINE_CURVE_WITH_KNOTS('',2,(#15221,#15222,#15223),
 .UNSPECIFIED.,.F.,.F.,(3,3),(0.,1.),.PIECEWISE_BEZIER_KNOTS.);
#562=B_SPLINE_CURVE_WITH_KNOTS('',2,(#15234,#15235,#15236),
 .UNSPECIFIED.,.F.,.F.,(3,3),(0.,1.),.PIECEWISE_BEZIER_KNOTS.);
#563=B_SPLINE_CURVE_WITH_KNOTS('',2,(#15238,#15239,#15240),
 .UNSPECIFIED.,.F.,.F.,(3,3),(0.,1.),.PIECEWISE_BEZIER_KNOTS.);
#564=B_SPLINE_CURVE_WITH_KNOTS('',2,(#15257,#15258,#15259),
 .UNSPECIFIED.,.F.,.F.,(3,3),(0.,1.),.PIECEWISE_BEZIER_KNOTS.);
#565=B_SPLINE_CURVE_WITH_KNOTS('',2,(#15261,#15262,#15263),
 .UNSPECIFIED.,.F.,.F.,(3,3),(0.,1.),.PIECEWISE_BEZIER_KNOTS.);
#566=B_SPLINE_CURVE_WITH_KNOTS('',2,(#15274,#15275,#15276),
 .UNSPECIFIED.,.F.,.F.,(3,3),(0.,1.),.PIECEWISE_BEZIER_KNOTS.);
#567=B_SPLINE_CURVE_WITH_KNOTS('',2,(#15278,#15279,#15280),
 .UNSPECIFIED.,.F.,.F.,(3,3),(0.,1.),.PIECEWISE_BEZIER_KNOTS.);
#568=B_SPLINE_CURVE_WITH_KNOTS('',2,(#15294,#15295,#15296),
 .UNSPECIFIED.,.F.,.F.,(3,3),(0.,1.),.PIECEWISE_BEZIER_KNOTS.);
#569=B_SPLINE_CURVE_WITH_KNOTS('',2,(#15309,#15310,#15311),
 .UNSPECIFIED.,.F.,.F.,(3,3),(0.,1.),.PIECEWISE_BEZIER_KNOTS.);
#570=B_SPLINE_CURVE_WITH_KNOTS('',2,(#15326,#15327,#15328),
 .UNSPECIFIED.,.F.,.F.,(3,3),(0.,1.),.PIECEWISE_BEZIER_KNOTS.);
#571=B_SPLINE_CURVE_WITH_KNOTS('',2,(#15343,#15344,#15345),
 .UNSPECIFIED.,.F.,.F.,(3,3),(0.,1.),.PIECEWISE_BEZIER_KNOTS.);
#572=B_SPLINE_CURVE_WITH_KNOTS('',2,(#15360,#15361,#15362),
 .UNSPECIFIED.,.F.,.F.,(3,3),(0.,1.),.PIECEWISE_BEZIER_KNOTS.);
#573=B_SPLINE_CURVE_WITH_KNOTS('',2,(#15377,#15378,#15379),
 .UNSPECIFIED.,.F.,.F.,(3,3),(0.,1.),.PIECEWISE_BEZIER_KNOTS.);
#574=B_SPLINE_CURVE_WITH_KNOTS('',2,(#15394,#15395,#15396),
 .UNSPECIFIED.,.F.,.F.,(3,3),(0.,1.),.PIECEWISE_BEZIER_KNOTS.);
#575=B_SPLINE_CURVE_WITH_KNOTS('',2,(#15412,#15413,#15414),
 .UNSPECIFIED.,.F.,.F.,(3,3),(0.,1.),.PIECEWISE_BEZIER_KNOTS.);
#576=B_SPLINE_CURVE_WITH_KNOTS('',2,(#15429,#15430,#15431),
 .UNSPECIFIED.,.F.,.F.,(3,3),(0.,1.),.PIECEWISE_BEZIER_KNOTS.);
#577=B_SPLINE_CURVE_WITH_KNOTS('',2,(#15446,#15447,#15448),
 .UNSPECIFIED.,.F.,.F.,(3,3),(0.,1.),.PIECEWISE_BEZIER_KNOTS.);
#578=B_SPLINE_CURVE_WITH_KNOTS('',2,(#15463,#15464,#15465),
 .UNSPECIFIED.,.F.,.F.,(3,3),(0.,1.),.PIECEWISE_BEZIER_KNOTS.);
#579=B_SPLINE_CURVE_WITH_KNOTS('',2,(#15480,#15481,#15482),
 .UNSPECIFIED.,.F.,.F.,(3,3),(0.,1.),.PIECEWISE_BEZIER_KNOTS.);
#580=B_SPLINE_CURVE_WITH_KNOTS('',2,(#15497,#15498,#15499),
 .UNSPECIFIED.,.F.,.F.,(3,3),(0.,1.),.PIECEWISE_BEZIER_KNOTS.);
#581=B_SPLINE_CURVE_WITH_KNOTS('',2,(#15510,#15511,#15512),
 .UNSPECIFIED.,.F.,.F.,(3,3),(0.,1.),.PIECEWISE_BEZIER_KNOTS.);
#582=B_SPLINE_CURVE_WITH_KNOTS('',2,(#15559,#15560,#15561),
 .UNSPECIFIED.,.F.,.F.,(3,3),(0.,1.),.PIECEWISE_BEZIER_KNOTS.);
#583=B_SPLINE_CURVE_WITH_KNOTS('',2,(#15582,#15583,#15584),
 .UNSPECIFIED.,.F.,.F.,(3,3),(0.,1.),.PIECEWISE_BEZIER_KNOTS.);
#584=B_SPLINE_CURVE_WITH_KNOTS('',2,(#15595,#15596,#15597),
 .UNSPECIFIED.,.F.,.F.,(3,3),(0.,1.),.PIECEWISE_BEZIER_KNOTS.);
#585=B_SPLINE_CURVE_WITH_KNOTS('',2,(#15612,#15613,#15614),
 .UNSPECIFIED.,.F.,.F.,(3,3),(0.,1.),.PIECEWISE_BEZIER_KNOTS.);
#586=B_SPLINE_CURVE_WITH_KNOTS('',2,(#15625,#15626,#15627),
 .UNSPECIFIED.,.F.,.F.,(3,3),(0.,1.),.PIECEWISE_BEZIER_KNOTS.);
#587=B_SPLINE_CURVE_WITH_KNOTS('',2,(#15642,#15643,#15644),
 .UNSPECIFIED.,.F.,.F.,(3,3),(0.,1.),.PIECEWISE_BEZIER_KNOTS.);
#588=B_SPLINE_CURVE_WITH_KNOTS('',2,(#15659,#15660,#15661),
 .UNSPECIFIED.,.F.,.F.,(3,3),(0.,1.),.PIECEWISE_BEZIER_KNOTS.);
#589=B_SPLINE_CURVE_WITH_KNOTS('',2,(#15676,#15677,#15678),
 .UNSPECIFIED.,.F.,.F.,(3,3),(0.,1.),.PIECEWISE_BEZIER_KNOTS.);
#590=B_SPLINE_CURVE_WITH_KNOTS('',2,(#15697,#15698,#15699),
 .UNSPECIFIED.,.F.,.F.,(3,3),(0.,1.),.PIECEWISE_BEZIER_KNOTS.);
#591=B_SPLINE_CURVE_WITH_KNOTS('',2,(#15704,#15705,#15706),
 .UNSPECIFIED.,.F.,.F.,(3,3),(0.,1.),.PIECEWISE_BEZIER_KNOTS.);
#592=B_SPLINE_CURVE_WITH_KNOTS('',2,(#15723,#15724,#15725),
 .UNSPECIFIED.,.F.,.F.,(3,3),(0.,1.),.PIECEWISE_BEZIER_KNOTS.);
#593=B_SPLINE_CURVE_WITH_KNOTS('',2,(#15727,#15728,#15729),
 .UNSPECIFIED.,.F.,.F.,(3,3),(0.,1.),.PIECEWISE_BEZIER_KNOTS.);
#594=B_SPLINE_CURVE_WITH_KNOTS('',2,(#15746,#15747,#15748),
 .UNSPECIFIED.,.F.,.F.,(3,3),(0.,1.),.PIECEWISE_BEZIER_KNOTS.);
#595=B_SPLINE_CURVE_WITH_KNOTS('',2,(#15750,#15751,#15752),
 .UNSPECIFIED.,.F.,.F.,(3,3),(0.,1.),.PIECEWISE_BEZIER_KNOTS.);
#596=B_SPLINE_CURVE_WITH_KNOTS('',2,(#15763,#15764,#15765),
 .UNSPECIFIED.,.F.,.F.,(3,3),(0.,1.),.PIECEWISE_BEZIER_KNOTS.);
#597=B_SPLINE_CURVE_WITH_KNOTS('',2,(#15767,#15768,#15769),
 .UNSPECIFIED.,.F.,.F.,(3,3),(0.,1.),.PIECEWISE_BEZIER_KNOTS.);
#598=B_SPLINE_CURVE_WITH_KNOTS('',2,(#15786,#15787,#15788),
 .UNSPECIFIED.,.F.,.F.,(3,3),(0.,1.),.PIECEWISE_BEZIER_KNOTS.);
#599=B_SPLINE_CURVE_WITH_KNOTS('',2,(#15790,#15791,#15792),
 .UNSPECIFIED.,.F.,.F.,(3,3),(0.,1.),.PIECEWISE_BEZIER_KNOTS.);
#600=B_SPLINE_CURVE_WITH_KNOTS('',2,(#15803,#15804,#15805),
 .UNSPECIFIED.,.F.,.F.,(3,3),(0.,1.),.PIECEWISE_BEZIER_KNOTS.);
#601=B_SPLINE_CURVE_WITH_KNOTS('',2,(#15807,#15808,#15809),
 .UNSPECIFIED.,.F.,.F.,(3,3),(0.,1.),.PIECEWISE_BEZIER_KNOTS.);
#602=B_SPLINE_CURVE_WITH_KNOTS('',2,(#15837,#15838,#15839),
 .UNSPECIFIED.,.F.,.F.,(3,3),(0.,1.),.PIECEWISE_BEZIER_KNOTS.);
#603=B_SPLINE_CURVE_WITH_KNOTS('',2,(#15850,#15851,#15852),
 .UNSPECIFIED.,.F.,.F.,(3,3),(0.,1.),.PIECEWISE_BEZIER_KNOTS.);
#604=B_SPLINE_CURVE_WITH_KNOTS('',2,(#15867,#15868,#15869),
 .UNSPECIFIED.,.F.,.F.,(3,3),(0.,1.),.PIECEWISE_BEZIER_KNOTS.);
#605=B_SPLINE_CURVE_WITH_KNOTS('',2,(#15880,#15881,#15882),
 .UNSPECIFIED.,.F.,.F.,(3,3),(0.,1.),.PIECEWISE_BEZIER_KNOTS.);
#606=B_SPLINE_CURVE_WITH_KNOTS('',2,(#15913,#15914,#15915),
 .UNSPECIFIED.,.F.,.F.,(3,3),(0.,1.),.PIECEWISE_BEZIER_KNOTS.);
#607=B_SPLINE_CURVE_WITH_KNOTS('',2,(#15930,#15931,#15932),
 .UNSPECIFIED.,.F.,.F.,(3,3),(0.,1.),.PIECEWISE_BEZIER_KNOTS.);
#608=B_SPLINE_CURVE_WITH_KNOTS('',2,(#15947,#15948,#15949),
 .UNSPECIFIED.,.F.,.F.,(3,3),(0.,1.),.PIECEWISE_BEZIER_KNOTS.);
#609=B_SPLINE_CURVE_WITH_KNOTS('',2,(#15964,#15965,#15966),
 .UNSPECIFIED.,.F.,.F.,(3,3),(0.,1.),.PIECEWISE_BEZIER_KNOTS.);
#610=B_SPLINE_CURVE_WITH_KNOTS('',2,(#15985,#15986,#15987),
 .UNSPECIFIED.,.F.,.F.,(3,3),(0.,1.),.PIECEWISE_BEZIER_KNOTS.);
#611=B_SPLINE_CURVE_WITH_KNOTS('',2,(#15992,#15993,#15994),
 .UNSPECIFIED.,.F.,.F.,(3,3),(0.,1.),.PIECEWISE_BEZIER_KNOTS.);
#612=B_SPLINE_CURVE_WITH_KNOTS('',2,(#16011,#16012,#16013),
 .UNSPECIFIED.,.F.,.F.,(3,3),(0.,1.),.PIECEWISE_BEZIER_KNOTS.);
#613=B_SPLINE_CURVE_WITH_KNOTS('',2,(#16015,#16016,#16017),
 .UNSPECIFIED.,.F.,.F.,(3,3),(0.,1.),.PIECEWISE_BEZIER_KNOTS.);
#614=B_SPLINE_CURVE_WITH_KNOTS('',2,(#16034,#16035,#16036),
 .UNSPECIFIED.,.F.,.F.,(3,3),(0.,1.),.PIECEWISE_BEZIER_KNOTS.);
#615=B_SPLINE_CURVE_WITH_KNOTS('',2,(#16038,#16039,#16040),
 .UNSPECIFIED.,.F.,.F.,(3,3),(0.,1.),.PIECEWISE_BEZIER_KNOTS.);
#616=B_SPLINE_CURVE_WITH_KNOTS('',2,(#16051,#16052,#16053),
 .UNSPECIFIED.,.F.,.F.,(3,3),(0.,1.),.PIECEWISE_BEZIER_KNOTS.);
#617=B_SPLINE_CURVE_WITH_KNOTS('',2,(#16055,#16056,#16057),
 .UNSPECIFIED.,.F.,.F.,(3,3),(0.,1.),.PIECEWISE_BEZIER_KNOTS.);
#618=B_SPLINE_CURVE_WITH_KNOTS('',2,(#16074,#16075,#16076),
 .UNSPECIFIED.,.F.,.F.,(3,3),(0.,1.),.PIECEWISE_BEZIER_KNOTS.);
#619=B_SPLINE_CURVE_WITH_KNOTS('',2,(#16078,#16079,#16080),
 .UNSPECIFIED.,.F.,.F.,(3,3),(0.,1.),.PIECEWISE_BEZIER_KNOTS.);
#620=B_SPLINE_CURVE_WITH_KNOTS('',2,(#16091,#16092,#16093),
 .UNSPECIFIED.,.F.,.F.,(3,3),(0.,1.),.PIECEWISE_BEZIER_KNOTS.);
#621=B_SPLINE_CURVE_WITH_KNOTS('',2,(#16095,#16096,#16097),
 .UNSPECIFIED.,.F.,.F.,(3,3),(0.,1.),.PIECEWISE_BEZIER_KNOTS.);
#622=SHAPE_REPRESENTATION_RELATIONSHIP('','',#9321,#626);
#623=SHAPE_REPRESENTATION_RELATIONSHIP('','',#9322,#627);
#624=SHAPE_REPRESENTATION_RELATIONSHIP('','',#9323,#628);
#625=SHAPE_REPRESENTATION_RELATIONSHIP('','',#9324,#629);
#626=ADVANCED_BREP_SHAPE_REPRESENTATION('',(#9313),#16203);
#627=ADVANCED_BREP_SHAPE_REPRESENTATION('',(#9314),#16204);
#628=ADVANCED_BREP_SHAPE_REPRESENTATION('',(#9315),#16205);
#629=ADVANCED_BREP_SHAPE_REPRESENTATION('',(#9316),#16206);
#630=CIRCLE('',#9336,0.0015);
#631=CIRCLE('',#9337,0.0015);
#632=CIRCLE('',#9339,0.0015);
#633=CIRCLE('',#9340,0.0015);
#634=CIRCLE('',#9343,0.0015);
#635=CIRCLE('',#9344,0.0015);
#636=CIRCLE('',#9346,0.005);
#637=CIRCLE('',#9347,0.005);
#638=CIRCLE('',#9348,0.005);
#639=CIRCLE('',#9350,0.005);
#640=CIRCLE('',#9351,0.005);
#641=CIRCLE('',#9352,0.005);
#642=CIRCLE('',#9358,0.00112710649630059);
#643=CIRCLE('',#9359,0.000642371866784128);
#644=CIRCLE('',#9360,0.000658841029147962);
#645=CIRCLE('',#9361,0.00109866430351868);
#646=CIRCLE('',#9362,0.00117173782852571);
#647=CIRCLE('',#9363,0.00113130463209267);
#648=CIRCLE('',#9364,0.00113130463209251);
#649=CIRCLE('',#9365,0.00063647891532266);
#650=CIRCLE('',#9366,0.00063647891532267);
#651=CIRCLE('',#9461,0.00117173782852571);
#652=CIRCLE('',#9538,0.000658841029147962);
#653=CIRCLE('',#9540,0.00109866430351868);
#654=CIRCLE('',#9582,0.00112710649630059);
#655=CIRCLE('',#9595,0.000642371866784128);
#656=CIRCLE('',#9599,0.00113130463209267);
#657=CIRCLE('',#9604,0.00113130463209251);
#658=CIRCLE('',#9606,0.00063647891532266);
#659=CIRCLE('',#9619,0.00063647891532267);
#660=CIRCLE('',#9634,0.005);
#661=CIRCLE('',#9635,0.005);
#662=CIRCLE('',#9637,0.005);
#663=CIRCLE('',#9638,0.005);
#664=CYLINDRICAL_SURFACE('',#9335,0.0015);
#665=CYLINDRICAL_SURFACE('',#9338,0.0015);
#666=CYLINDRICAL_SURFACE('',#9342,0.0015);
#667=CYLINDRICAL_SURFACE('',#9353,0.005);
#668=CYLINDRICAL_SURFACE('',#9354,0.005);
#669=CYLINDRICAL_SURFACE('',#9355,0.005);
#670=CYLINDRICAL_SURFACE('',#9460,0.00117173782852571);
#671=CYLINDRICAL_SURFACE('',#9537,0.000658841029147962);
#672=CYLINDRICAL_SURFACE('',#9539,0.00109866430351868);
#673=CYLINDRICAL_SURFACE('',#9581,0.00112710649630059);
#674=CYLINDRICAL_SURFACE('',#9594,0.000642371866784128);
#675=CYLINDRICAL_SURFACE('',#9598,0.00113130463209267);
#676=CYLINDRICAL_SURFACE('',#9603,0.00113130463209251);
#677=CYLINDRICAL_SURFACE('',#9605,0.00063647891532266);
#678=CYLINDRICAL_SURFACE('',#9618,0.00063647891532267);
#679=CYLINDRICAL_SURFACE('',#9639,0.005);
#680=CYLINDRICAL_SURFACE('',#9640,0.005);
#681=ORIENTED_EDGE('',*,*,#3387,.F.);
#682=ORIENTED_EDGE('',*,*,#3388,.F.);
#683=ORIENTED_EDGE('',*,*,#3389,.T.);
#684=ORIENTED_EDGE('',*,*,#3390,.T.);
#685=ORIENTED_EDGE('',*,*,#3391,.F.);
#686=ORIENTED_EDGE('',*,*,#3392,.F.);
#687=ORIENTED_EDGE('',*,*,#3393,.T.);
#688=ORIENTED_EDGE('',*,*,#3388,.T.);
#689=ORIENTED_EDGE('',*,*,#3394,.T.);
#690=ORIENTED_EDGE('',*,*,#3395,.T.);
#691=ORIENTED_EDGE('',*,*,#3396,.F.);
#692=ORIENTED_EDGE('',*,*,#3392,.T.);
#693=ORIENTED_EDGE('',*,*,#3397,.F.);
#694=ORIENTED_EDGE('',*,*,#3398,.T.);
#695=ORIENTED_EDGE('',*,*,#3399,.T.);
#696=ORIENTED_EDGE('',*,*,#3400,.T.);
#697=ORIENTED_EDGE('',*,*,#3401,.T.);
#698=ORIENTED_EDGE('',*,*,#3402,.T.);
#699=ORIENTED_EDGE('',*,*,#3403,.F.);
#700=ORIENTED_EDGE('',*,*,#3404,.T.);
#701=ORIENTED_EDGE('',*,*,#3405,.F.);
#702=ORIENTED_EDGE('',*,*,#3406,.T.);
#703=ORIENTED_EDGE('',*,*,#3407,.T.);
#704=ORIENTED_EDGE('',*,*,#3408,.F.);
#705=ORIENTED_EDGE('',*,*,#3409,.F.);
#706=ORIENTED_EDGE('',*,*,#3410,.F.);
#707=ORIENTED_EDGE('',*,*,#3411,.T.);
#708=ORIENTED_EDGE('',*,*,#3408,.T.);
#709=ORIENTED_EDGE('',*,*,#3412,.F.);
#710=ORIENTED_EDGE('',*,*,#3413,.F.);
#711=ORIENTED_EDGE('',*,*,#3414,.T.);
#712=ORIENTED_EDGE('',*,*,#3410,.T.);
#713=ORIENTED_EDGE('',*,*,#3415,.F.);
#714=ORIENTED_EDGE('',*,*,#3416,.F.);
#715=ORIENTED_EDGE('',*,*,#3417,.T.);
#716=ORIENTED_EDGE('',*,*,#3413,.T.);
#717=ORIENTED_EDGE('',*,*,#3418,.T.);
#718=ORIENTED_EDGE('',*,*,#3419,.F.);
#719=ORIENTED_EDGE('',*,*,#3420,.T.);
#720=ORIENTED_EDGE('',*,*,#3421,.F.);
#721=ORIENTED_EDGE('',*,*,#3422,.F.);
#722=ORIENTED_EDGE('',*,*,#3390,.F.);
#723=ORIENTED_EDGE('',*,*,#3423,.T.);
#724=ORIENTED_EDGE('',*,*,#3416,.T.);
#725=ORIENTED_EDGE('',*,*,#3424,.T.);
#726=ORIENTED_EDGE('',*,*,#3425,.F.);
#727=ORIENTED_EDGE('',*,*,#3403,.T.);
#728=ORIENTED_EDGE('',*,*,#3426,.T.);
#729=ORIENTED_EDGE('',*,*,#3405,.T.);
#730=ORIENTED_EDGE('',*,*,#3411,.F.);
#731=ORIENTED_EDGE('',*,*,#3414,.F.);
#732=ORIENTED_EDGE('',*,*,#3417,.F.);
#733=ORIENTED_EDGE('',*,*,#3423,.F.);
#734=ORIENTED_EDGE('',*,*,#3389,.F.);
#735=ORIENTED_EDGE('',*,*,#3393,.F.);
#736=ORIENTED_EDGE('',*,*,#3396,.T.);
#737=ORIENTED_EDGE('',*,*,#3427,.T.);
#738=ORIENTED_EDGE('',*,*,#3397,.T.);
#739=ORIENTED_EDGE('',*,*,#3428,.T.);
#740=ORIENTED_EDGE('',*,*,#3420,.F.);
#741=ORIENTED_EDGE('',*,*,#3418,.F.);
#742=ORIENTED_EDGE('',*,*,#3424,.F.);
#743=ORIENTED_EDGE('',*,*,#3407,.F.);
#744=ORIENTED_EDGE('',*,*,#3429,.T.);
#745=ORIENTED_EDGE('',*,*,#3401,.F.);
#746=ORIENTED_EDGE('',*,*,#3430,.T.);
#747=ORIENTED_EDGE('',*,*,#3399,.F.);
#748=ORIENTED_EDGE('',*,*,#3431,.T.);
#749=ORIENTED_EDGE('',*,*,#3394,.F.);
#750=ORIENTED_EDGE('',*,*,#3391,.T.);
#751=ORIENTED_EDGE('',*,*,#3387,.T.);
#752=ORIENTED_EDGE('',*,*,#3422,.T.);
#753=ORIENTED_EDGE('',*,*,#3415,.T.);
#754=ORIENTED_EDGE('',*,*,#3412,.T.);
#755=ORIENTED_EDGE('',*,*,#3409,.T.);
#756=ORIENTED_EDGE('',*,*,#3421,.T.);
#757=ORIENTED_EDGE('',*,*,#3419,.T.);
#758=ORIENTED_EDGE('',*,*,#3425,.T.);
#759=ORIENTED_EDGE('',*,*,#3426,.F.);
#760=ORIENTED_EDGE('',*,*,#3402,.F.);
#761=ORIENTED_EDGE('',*,*,#3429,.F.);
#762=ORIENTED_EDGE('',*,*,#3406,.F.);
#763=ORIENTED_EDGE('',*,*,#3427,.F.);
#764=ORIENTED_EDGE('',*,*,#3395,.F.);
#765=ORIENTED_EDGE('',*,*,#3431,.F.);
#766=ORIENTED_EDGE('',*,*,#3398,.F.);
#767=ORIENTED_EDGE('',*,*,#3428,.F.);
#768=ORIENTED_EDGE('',*,*,#3400,.F.);
#769=ORIENTED_EDGE('',*,*,#3430,.F.);
#770=ORIENTED_EDGE('',*,*,#3404,.F.);
#771=ORIENTED_EDGE('',*,*,#3432,.T.);
#772=ORIENTED_EDGE('',*,*,#3433,.T.);
#773=ORIENTED_EDGE('',*,*,#3434,.T.);
#774=ORIENTED_EDGE('',*,*,#3435,.T.);
#775=ORIENTED_EDGE('',*,*,#3436,.T.);
#776=ORIENTED_EDGE('',*,*,#3437,.T.);
#777=ORIENTED_EDGE('',*,*,#3438,.T.);
#778=ORIENTED_EDGE('',*,*,#3439,.T.);
#779=ORIENTED_EDGE('',*,*,#3440,.T.);
#780=ORIENTED_EDGE('',*,*,#3441,.T.);
#781=ORIENTED_EDGE('',*,*,#3442,.T.);
#782=ORIENTED_EDGE('',*,*,#3443,.T.);
#783=ORIENTED_EDGE('',*,*,#3444,.T.);
#784=ORIENTED_EDGE('',*,*,#3445,.T.);
#785=ORIENTED_EDGE('',*,*,#3446,.T.);
#786=ORIENTED_EDGE('',*,*,#3447,.T.);
#787=ORIENTED_EDGE('',*,*,#3448,.T.);
#788=ORIENTED_EDGE('',*,*,#3449,.T.);
#789=ORIENTED_EDGE('',*,*,#3450,.T.);
#790=ORIENTED_EDGE('',*,*,#3451,.T.);
#791=ORIENTED_EDGE('',*,*,#3452,.T.);
#792=ORIENTED_EDGE('',*,*,#3453,.T.);
#793=ORIENTED_EDGE('',*,*,#3454,.T.);
#794=ORIENTED_EDGE('',*,*,#3455,.T.);
#795=ORIENTED_EDGE('',*,*,#3456,.T.);
#796=ORIENTED_EDGE('',*,*,#3457,.T.);
#797=ORIENTED_EDGE('',*,*,#3458,.T.);
#798=ORIENTED_EDGE('',*,*,#3459,.T.);
#799=ORIENTED_EDGE('',*,*,#3460,.T.);
#800=ORIENTED_EDGE('',*,*,#3461,.T.);
#801=ORIENTED_EDGE('',*,*,#3462,.T.);
#802=ORIENTED_EDGE('',*,*,#3463,.T.);
#803=ORIENTED_EDGE('',*,*,#3464,.T.);
#804=ORIENTED_EDGE('',*,*,#3465,.T.);
#805=ORIENTED_EDGE('',*,*,#3466,.T.);
#806=ORIENTED_EDGE('',*,*,#3467,.T.);
#807=ORIENTED_EDGE('',*,*,#3468,.T.);
#808=ORIENTED_EDGE('',*,*,#3469,.T.);
#809=ORIENTED_EDGE('',*,*,#3470,.T.);
#810=ORIENTED_EDGE('',*,*,#3471,.T.);
#811=ORIENTED_EDGE('',*,*,#3472,.T.);
#812=ORIENTED_EDGE('',*,*,#3473,.T.);
#813=ORIENTED_EDGE('',*,*,#3474,.T.);
#814=ORIENTED_EDGE('',*,*,#3475,.T.);
#815=ORIENTED_EDGE('',*,*,#3476,.T.);
#816=ORIENTED_EDGE('',*,*,#3477,.T.);
#817=ORIENTED_EDGE('',*,*,#3478,.T.);
#818=ORIENTED_EDGE('',*,*,#3479,.T.);
#819=ORIENTED_EDGE('',*,*,#3480,.T.);
#820=ORIENTED_EDGE('',*,*,#3481,.T.);
#821=ORIENTED_EDGE('',*,*,#3482,.T.);
#822=ORIENTED_EDGE('',*,*,#3483,.T.);
#823=ORIENTED_EDGE('',*,*,#3484,.T.);
#824=ORIENTED_EDGE('',*,*,#3485,.T.);
#825=ORIENTED_EDGE('',*,*,#3486,.T.);
#826=ORIENTED_EDGE('',*,*,#3487,.T.);
#827=ORIENTED_EDGE('',*,*,#3488,.T.);
#828=ORIENTED_EDGE('',*,*,#3489,.T.);
#829=ORIENTED_EDGE('',*,*,#3490,.T.);
#830=ORIENTED_EDGE('',*,*,#3491,.T.);
#831=ORIENTED_EDGE('',*,*,#3492,.T.);
#832=ORIENTED_EDGE('',*,*,#3493,.T.);
#833=ORIENTED_EDGE('',*,*,#3494,.T.);
#834=ORIENTED_EDGE('',*,*,#3495,.T.);
#835=ORIENTED_EDGE('',*,*,#3496,.T.);
#836=ORIENTED_EDGE('',*,*,#3497,.T.);
#837=ORIENTED_EDGE('',*,*,#3498,.T.);
#838=ORIENTED_EDGE('',*,*,#3499,.T.);
#839=ORIENTED_EDGE('',*,*,#3500,.T.);
#840=ORIENTED_EDGE('',*,*,#3501,.T.);
#841=ORIENTED_EDGE('',*,*,#3502,.T.);
#842=ORIENTED_EDGE('',*,*,#3503,.T.);
#843=ORIENTED_EDGE('',*,*,#3504,.T.);
#844=ORIENTED_EDGE('',*,*,#3505,.T.);
#845=ORIENTED_EDGE('',*,*,#3506,.T.);
#846=ORIENTED_EDGE('',*,*,#3507,.T.);
#847=ORIENTED_EDGE('',*,*,#3508,.T.);
#848=ORIENTED_EDGE('',*,*,#3509,.T.);
#849=ORIENTED_EDGE('',*,*,#3510,.T.);
#850=ORIENTED_EDGE('',*,*,#3511,.T.);
#851=ORIENTED_EDGE('',*,*,#3512,.T.);
#852=ORIENTED_EDGE('',*,*,#3513,.T.);
#853=ORIENTED_EDGE('',*,*,#3514,.T.);
#854=ORIENTED_EDGE('',*,*,#3515,.T.);
#855=ORIENTED_EDGE('',*,*,#3516,.T.);
#856=ORIENTED_EDGE('',*,*,#3517,.T.);
#857=ORIENTED_EDGE('',*,*,#3518,.T.);
#858=ORIENTED_EDGE('',*,*,#3519,.T.);
#859=ORIENTED_EDGE('',*,*,#3520,.T.);
#860=ORIENTED_EDGE('',*,*,#3521,.T.);
#861=ORIENTED_EDGE('',*,*,#3522,.T.);
#862=ORIENTED_EDGE('',*,*,#3523,.T.);
#863=ORIENTED_EDGE('',*,*,#3524,.T.);
#864=ORIENTED_EDGE('',*,*,#3525,.T.);
#865=ORIENTED_EDGE('',*,*,#3526,.T.);
#866=ORIENTED_EDGE('',*,*,#3527,.T.);
#867=ORIENTED_EDGE('',*,*,#3528,.T.);
#868=ORIENTED_EDGE('',*,*,#3529,.T.);
#869=ORIENTED_EDGE('',*,*,#3530,.T.);
#870=ORIENTED_EDGE('',*,*,#3531,.T.);
#871=ORIENTED_EDGE('',*,*,#3532,.T.);
#872=ORIENTED_EDGE('',*,*,#3533,.T.);
#873=ORIENTED_EDGE('',*,*,#3534,.T.);
#874=ORIENTED_EDGE('',*,*,#3535,.T.);
#875=ORIENTED_EDGE('',*,*,#3536,.T.);
#876=ORIENTED_EDGE('',*,*,#3537,.T.);
#877=ORIENTED_EDGE('',*,*,#3538,.T.);
#878=ORIENTED_EDGE('',*,*,#3539,.T.);
#879=ORIENTED_EDGE('',*,*,#3540,.T.);
#880=ORIENTED_EDGE('',*,*,#3541,.T.);
#881=ORIENTED_EDGE('',*,*,#3542,.T.);
#882=ORIENTED_EDGE('',*,*,#3543,.T.);
#883=ORIENTED_EDGE('',*,*,#3544,.T.);
#884=ORIENTED_EDGE('',*,*,#3545,.T.);
#885=ORIENTED_EDGE('',*,*,#3546,.T.);
#886=ORIENTED_EDGE('',*,*,#3547,.T.);
#887=ORIENTED_EDGE('',*,*,#3548,.T.);
#888=ORIENTED_EDGE('',*,*,#3549,.T.);
#889=ORIENTED_EDGE('',*,*,#3550,.T.);
#890=ORIENTED_EDGE('',*,*,#3551,.T.);
#891=ORIENTED_EDGE('',*,*,#3552,.T.);
#892=ORIENTED_EDGE('',*,*,#3553,.T.);
#893=ORIENTED_EDGE('',*,*,#3554,.T.);
#894=ORIENTED_EDGE('',*,*,#3555,.T.);
#895=ORIENTED_EDGE('',*,*,#3556,.T.);
#896=ORIENTED_EDGE('',*,*,#3557,.T.);
#897=ORIENTED_EDGE('',*,*,#3558,.T.);
#898=ORIENTED_EDGE('',*,*,#3559,.T.);
#899=ORIENTED_EDGE('',*,*,#3560,.T.);
#900=ORIENTED_EDGE('',*,*,#3561,.T.);
#901=ORIENTED_EDGE('',*,*,#3562,.T.);
#902=ORIENTED_EDGE('',*,*,#3563,.T.);
#903=ORIENTED_EDGE('',*,*,#3564,.T.);
#904=ORIENTED_EDGE('',*,*,#3565,.T.);
#905=ORIENTED_EDGE('',*,*,#3566,.T.);
#906=ORIENTED_EDGE('',*,*,#3567,.T.);
#907=ORIENTED_EDGE('',*,*,#3568,.T.);
#908=ORIENTED_EDGE('',*,*,#3569,.T.);
#909=ORIENTED_EDGE('',*,*,#3570,.T.);
#910=ORIENTED_EDGE('',*,*,#3571,.T.);
#911=ORIENTED_EDGE('',*,*,#3572,.T.);
#912=ORIENTED_EDGE('',*,*,#3573,.T.);
#913=ORIENTED_EDGE('',*,*,#3574,.T.);
#914=ORIENTED_EDGE('',*,*,#3575,.T.);
#915=ORIENTED_EDGE('',*,*,#3576,.T.);
#916=ORIENTED_EDGE('',*,*,#3577,.T.);
#917=ORIENTED_EDGE('',*,*,#3578,.T.);
#918=ORIENTED_EDGE('',*,*,#3579,.T.);
#919=ORIENTED_EDGE('',*,*,#3580,.T.);
#920=ORIENTED_EDGE('',*,*,#3581,.T.);
#921=ORIENTED_EDGE('',*,*,#3582,.T.);
#922=ORIENTED_EDGE('',*,*,#3583,.T.);
#923=ORIENTED_EDGE('',*,*,#3584,.T.);
#924=ORIENTED_EDGE('',*,*,#3585,.T.);
#925=ORIENTED_EDGE('',*,*,#3586,.T.);
#926=ORIENTED_EDGE('',*,*,#3587,.T.);
#927=ORIENTED_EDGE('',*,*,#3588,.T.);
#928=ORIENTED_EDGE('',*,*,#3589,.T.);
#929=ORIENTED_EDGE('',*,*,#3590,.T.);
#930=ORIENTED_EDGE('',*,*,#3591,.T.);
#931=ORIENTED_EDGE('',*,*,#3592,.F.);
#932=ORIENTED_EDGE('',*,*,#3593,.F.);
#933=ORIENTED_EDGE('',*,*,#3594,.F.);
#934=ORIENTED_EDGE('',*,*,#3595,.F.);
#935=ORIENTED_EDGE('',*,*,#3596,.T.);
#936=ORIENTED_EDGE('',*,*,#3597,.F.);
#937=ORIENTED_EDGE('',*,*,#3598,.F.);
#938=ORIENTED_EDGE('',*,*,#3599,.F.);
#939=ORIENTED_EDGE('',*,*,#3600,.F.);
#940=ORIENTED_EDGE('',*,*,#3601,.F.);
#941=ORIENTED_EDGE('',*,*,#3602,.T.);
#942=ORIENTED_EDGE('',*,*,#3603,.F.);
#943=ORIENTED_EDGE('',*,*,#3604,.F.);
#944=ORIENTED_EDGE('',*,*,#3605,.F.);
#945=ORIENTED_EDGE('',*,*,#3606,.T.);
#946=ORIENTED_EDGE('',*,*,#3607,.F.);
#947=ORIENTED_EDGE('',*,*,#3608,.F.);
#948=ORIENTED_EDGE('',*,*,#3609,.T.);
#949=ORIENTED_EDGE('',*,*,#3610,.T.);
#950=ORIENTED_EDGE('',*,*,#3611,.T.);
#951=ORIENTED_EDGE('',*,*,#3612,.T.);
#952=ORIENTED_EDGE('',*,*,#3613,.T.);
#953=ORIENTED_EDGE('',*,*,#3614,.T.);
#954=ORIENTED_EDGE('',*,*,#3615,.T.);
#955=ORIENTED_EDGE('',*,*,#3616,.T.);
#956=ORIENTED_EDGE('',*,*,#3617,.T.);
#957=ORIENTED_EDGE('',*,*,#3618,.T.);
#958=ORIENTED_EDGE('',*,*,#3619,.T.);
#959=ORIENTED_EDGE('',*,*,#3620,.T.);
#960=ORIENTED_EDGE('',*,*,#3621,.T.);
#961=ORIENTED_EDGE('',*,*,#3622,.T.);
#962=ORIENTED_EDGE('',*,*,#3623,.T.);
#963=ORIENTED_EDGE('',*,*,#3624,.T.);
#964=ORIENTED_EDGE('',*,*,#3625,.T.);
#965=ORIENTED_EDGE('',*,*,#3626,.T.);
#966=ORIENTED_EDGE('',*,*,#3627,.T.);
#967=ORIENTED_EDGE('',*,*,#3628,.T.);
#968=ORIENTED_EDGE('',*,*,#3629,.T.);
#969=ORIENTED_EDGE('',*,*,#3630,.T.);
#970=ORIENTED_EDGE('',*,*,#3631,.T.);
#971=ORIENTED_EDGE('',*,*,#3632,.T.);
#972=ORIENTED_EDGE('',*,*,#3633,.T.);
#973=ORIENTED_EDGE('',*,*,#3634,.T.);
#974=ORIENTED_EDGE('',*,*,#3635,.T.);
#975=ORIENTED_EDGE('',*,*,#3636,.T.);
#976=ORIENTED_EDGE('',*,*,#3637,.T.);
#977=ORIENTED_EDGE('',*,*,#3638,.T.);
#978=ORIENTED_EDGE('',*,*,#3639,.T.);
#979=ORIENTED_EDGE('',*,*,#3640,.T.);
#980=ORIENTED_EDGE('',*,*,#3641,.T.);
#981=ORIENTED_EDGE('',*,*,#3642,.T.);
#982=ORIENTED_EDGE('',*,*,#3643,.T.);
#983=ORIENTED_EDGE('',*,*,#3644,.T.);
#984=ORIENTED_EDGE('',*,*,#3645,.T.);
#985=ORIENTED_EDGE('',*,*,#3646,.T.);
#986=ORIENTED_EDGE('',*,*,#3647,.T.);
#987=ORIENTED_EDGE('',*,*,#3648,.T.);
#988=ORIENTED_EDGE('',*,*,#3649,.T.);
#989=ORIENTED_EDGE('',*,*,#3650,.T.);
#990=ORIENTED_EDGE('',*,*,#3651,.T.);
#991=ORIENTED_EDGE('',*,*,#3652,.T.);
#992=ORIENTED_EDGE('',*,*,#3653,.T.);
#993=ORIENTED_EDGE('',*,*,#3654,.T.);
#994=ORIENTED_EDGE('',*,*,#3655,.T.);
#995=ORIENTED_EDGE('',*,*,#3656,.T.);
#996=ORIENTED_EDGE('',*,*,#3657,.T.);
#997=ORIENTED_EDGE('',*,*,#3658,.T.);
#998=ORIENTED_EDGE('',*,*,#3659,.T.);
#999=ORIENTED_EDGE('',*,*,#3660,.T.);
#1000=ORIENTED_EDGE('',*,*,#3661,.T.);
#1001=ORIENTED_EDGE('',*,*,#3662,.T.);
#1002=ORIENTED_EDGE('',*,*,#3663,.T.);
#1003=ORIENTED_EDGE('',*,*,#3664,.T.);
#1004=ORIENTED_EDGE('',*,*,#3665,.T.);
#1005=ORIENTED_EDGE('',*,*,#3666,.T.);
#1006=ORIENTED_EDGE('',*,*,#3667,.T.);
#1007=ORIENTED_EDGE('',*,*,#3668,.T.);
#1008=ORIENTED_EDGE('',*,*,#3669,.T.);
#1009=ORIENTED_EDGE('',*,*,#3670,.T.);
#1010=ORIENTED_EDGE('',*,*,#3671,.T.);
#1011=ORIENTED_EDGE('',*,*,#3672,.T.);
#1012=ORIENTED_EDGE('',*,*,#3673,.T.);
#1013=ORIENTED_EDGE('',*,*,#3674,.T.);
#1014=ORIENTED_EDGE('',*,*,#3675,.T.);
#1015=ORIENTED_EDGE('',*,*,#3676,.T.);
#1016=ORIENTED_EDGE('',*,*,#3677,.T.);
#1017=ORIENTED_EDGE('',*,*,#3678,.T.);
#1018=ORIENTED_EDGE('',*,*,#3679,.T.);
#1019=ORIENTED_EDGE('',*,*,#3680,.T.);
#1020=ORIENTED_EDGE('',*,*,#3681,.T.);
#1021=ORIENTED_EDGE('',*,*,#3682,.T.);
#1022=ORIENTED_EDGE('',*,*,#3683,.T.);
#1023=ORIENTED_EDGE('',*,*,#3684,.T.);
#1024=ORIENTED_EDGE('',*,*,#3685,.T.);
#1025=ORIENTED_EDGE('',*,*,#3686,.T.);
#1026=ORIENTED_EDGE('',*,*,#3687,.T.);
#1027=ORIENTED_EDGE('',*,*,#3688,.T.);
#1028=ORIENTED_EDGE('',*,*,#3689,.T.);
#1029=ORIENTED_EDGE('',*,*,#3690,.T.);
#1030=ORIENTED_EDGE('',*,*,#3691,.T.);
#1031=ORIENTED_EDGE('',*,*,#3692,.T.);
#1032=ORIENTED_EDGE('',*,*,#3693,.T.);
#1033=ORIENTED_EDGE('',*,*,#3694,.T.);
#1034=ORIENTED_EDGE('',*,*,#3695,.T.);
#1035=ORIENTED_EDGE('',*,*,#3696,.T.);
#1036=ORIENTED_EDGE('',*,*,#3697,.T.);
#1037=ORIENTED_EDGE('',*,*,#3698,.T.);
#1038=ORIENTED_EDGE('',*,*,#3699,.T.);
#1039=ORIENTED_EDGE('',*,*,#3700,.T.);
#1040=ORIENTED_EDGE('',*,*,#3701,.T.);
#1041=ORIENTED_EDGE('',*,*,#3702,.T.);
#1042=ORIENTED_EDGE('',*,*,#3703,.T.);
#1043=ORIENTED_EDGE('',*,*,#3704,.T.);
#1044=ORIENTED_EDGE('',*,*,#3705,.T.);
#1045=ORIENTED_EDGE('',*,*,#3706,.T.);
#1046=ORIENTED_EDGE('',*,*,#3707,.T.);
#1047=ORIENTED_EDGE('',*,*,#3708,.T.);
#1048=ORIENTED_EDGE('',*,*,#3709,.T.);
#1049=ORIENTED_EDGE('',*,*,#3710,.T.);
#1050=ORIENTED_EDGE('',*,*,#3711,.T.);
#1051=ORIENTED_EDGE('',*,*,#3712,.T.);
#1052=ORIENTED_EDGE('',*,*,#3713,.T.);
#1053=ORIENTED_EDGE('',*,*,#3714,.T.);
#1054=ORIENTED_EDGE('',*,*,#3715,.T.);
#1055=ORIENTED_EDGE('',*,*,#3716,.T.);
#1056=ORIENTED_EDGE('',*,*,#3717,.T.);
#1057=ORIENTED_EDGE('',*,*,#3718,.T.);
#1058=ORIENTED_EDGE('',*,*,#3719,.T.);
#1059=ORIENTED_EDGE('',*,*,#3720,.T.);
#1060=ORIENTED_EDGE('',*,*,#3721,.T.);
#1061=ORIENTED_EDGE('',*,*,#3722,.T.);
#1062=ORIENTED_EDGE('',*,*,#3723,.T.);
#1063=ORIENTED_EDGE('',*,*,#3724,.T.);
#1064=ORIENTED_EDGE('',*,*,#3725,.T.);
#1065=ORIENTED_EDGE('',*,*,#3726,.T.);
#1066=ORIENTED_EDGE('',*,*,#3727,.T.);
#1067=ORIENTED_EDGE('',*,*,#3728,.T.);
#1068=ORIENTED_EDGE('',*,*,#3729,.T.);
#1069=ORIENTED_EDGE('',*,*,#3730,.T.);
#1070=ORIENTED_EDGE('',*,*,#3731,.T.);
#1071=ORIENTED_EDGE('',*,*,#3732,.T.);
#1072=ORIENTED_EDGE('',*,*,#3733,.T.);
#1073=ORIENTED_EDGE('',*,*,#3734,.T.);
#1074=ORIENTED_EDGE('',*,*,#3735,.T.);
#1075=ORIENTED_EDGE('',*,*,#3736,.T.);
#1076=ORIENTED_EDGE('',*,*,#3737,.T.);
#1077=ORIENTED_EDGE('',*,*,#3738,.T.);
#1078=ORIENTED_EDGE('',*,*,#3739,.T.);
#1079=ORIENTED_EDGE('',*,*,#3740,.T.);
#1080=ORIENTED_EDGE('',*,*,#3741,.T.);
#1081=ORIENTED_EDGE('',*,*,#3742,.T.);
#1082=ORIENTED_EDGE('',*,*,#3743,.T.);
#1083=ORIENTED_EDGE('',*,*,#3744,.T.);
#1084=ORIENTED_EDGE('',*,*,#3745,.T.);
#1085=ORIENTED_EDGE('',*,*,#3746,.T.);
#1086=ORIENTED_EDGE('',*,*,#3747,.T.);
#1087=ORIENTED_EDGE('',*,*,#3748,.T.);
#1088=ORIENTED_EDGE('',*,*,#3749,.T.);
#1089=ORIENTED_EDGE('',*,*,#3750,.T.);
#1090=ORIENTED_EDGE('',*,*,#3751,.T.);
#1091=ORIENTED_EDGE('',*,*,#3752,.T.);
#1092=ORIENTED_EDGE('',*,*,#3753,.T.);
#1093=ORIENTED_EDGE('',*,*,#3754,.T.);
#1094=ORIENTED_EDGE('',*,*,#3755,.T.);
#1095=ORIENTED_EDGE('',*,*,#3756,.T.);
#1096=ORIENTED_EDGE('',*,*,#3757,.T.);
#1097=ORIENTED_EDGE('',*,*,#3758,.T.);
#1098=ORIENTED_EDGE('',*,*,#3759,.T.);
#1099=ORIENTED_EDGE('',*,*,#3760,.T.);
#1100=ORIENTED_EDGE('',*,*,#3761,.T.);
#1101=ORIENTED_EDGE('',*,*,#3762,.T.);
#1102=ORIENTED_EDGE('',*,*,#3763,.T.);
#1103=ORIENTED_EDGE('',*,*,#3764,.T.);
#1104=ORIENTED_EDGE('',*,*,#3765,.T.);
#1105=ORIENTED_EDGE('',*,*,#3766,.T.);
#1106=ORIENTED_EDGE('',*,*,#3767,.T.);
#1107=ORIENTED_EDGE('',*,*,#3768,.T.);
#1108=ORIENTED_EDGE('',*,*,#3769,.T.);
#1109=ORIENTED_EDGE('',*,*,#3770,.T.);
#1110=ORIENTED_EDGE('',*,*,#3771,.T.);
#1111=ORIENTED_EDGE('',*,*,#3592,.T.);
#1112=ORIENTED_EDGE('',*,*,#3772,.F.);
#1113=ORIENTED_EDGE('',*,*,#3773,.F.);
#1114=ORIENTED_EDGE('',*,*,#3774,.T.);
#1115=ORIENTED_EDGE('',*,*,#3608,.T.);
#1116=ORIENTED_EDGE('',*,*,#3775,.F.);
#1117=ORIENTED_EDGE('',*,*,#3776,.F.);
#1118=ORIENTED_EDGE('',*,*,#3772,.T.);
#1119=ORIENTED_EDGE('',*,*,#3607,.T.);
#1120=ORIENTED_EDGE('',*,*,#3777,.F.);
#1121=ORIENTED_EDGE('',*,*,#3778,.F.);
#1122=ORIENTED_EDGE('',*,*,#3775,.T.);
#1123=ORIENTED_EDGE('',*,*,#3606,.F.);
#1124=ORIENTED_EDGE('',*,*,#3779,.F.);
#1125=ORIENTED_EDGE('',*,*,#3780,.T.);
#1126=ORIENTED_EDGE('',*,*,#3777,.T.);
#1127=ORIENTED_EDGE('',*,*,#3605,.T.);
#1128=ORIENTED_EDGE('',*,*,#3781,.F.);
#1129=ORIENTED_EDGE('',*,*,#3782,.F.);
#1130=ORIENTED_EDGE('',*,*,#3779,.T.);
#1131=ORIENTED_EDGE('',*,*,#3604,.T.);
#1132=ORIENTED_EDGE('',*,*,#3783,.F.);
#1133=ORIENTED_EDGE('',*,*,#3784,.F.);
#1134=ORIENTED_EDGE('',*,*,#3781,.T.);
#1135=ORIENTED_EDGE('',*,*,#3603,.T.);
#1136=ORIENTED_EDGE('',*,*,#3785,.F.);
#1137=ORIENTED_EDGE('',*,*,#3786,.F.);
#1138=ORIENTED_EDGE('',*,*,#3783,.T.);
#1139=ORIENTED_EDGE('',*,*,#3602,.F.);
#1140=ORIENTED_EDGE('',*,*,#3787,.F.);
#1141=ORIENTED_EDGE('',*,*,#3788,.T.);
#1142=ORIENTED_EDGE('',*,*,#3785,.T.);
#1143=ORIENTED_EDGE('',*,*,#3601,.T.);
#1144=ORIENTED_EDGE('',*,*,#3789,.F.);
#1145=ORIENTED_EDGE('',*,*,#3790,.F.);
#1146=ORIENTED_EDGE('',*,*,#3787,.T.);
#1147=ORIENTED_EDGE('',*,*,#3600,.T.);
#1148=ORIENTED_EDGE('',*,*,#3791,.F.);
#1149=ORIENTED_EDGE('',*,*,#3792,.F.);
#1150=ORIENTED_EDGE('',*,*,#3789,.T.);
#1151=ORIENTED_EDGE('',*,*,#3599,.T.);
#1152=ORIENTED_EDGE('',*,*,#3793,.F.);
#1153=ORIENTED_EDGE('',*,*,#3794,.F.);
#1154=ORIENTED_EDGE('',*,*,#3791,.T.);
#1155=ORIENTED_EDGE('',*,*,#3598,.T.);
#1156=ORIENTED_EDGE('',*,*,#3795,.F.);
#1157=ORIENTED_EDGE('',*,*,#3796,.F.);
#1158=ORIENTED_EDGE('',*,*,#3793,.T.);
#1159=ORIENTED_EDGE('',*,*,#3597,.T.);
#1160=ORIENTED_EDGE('',*,*,#3797,.F.);
#1161=ORIENTED_EDGE('',*,*,#3798,.F.);
#1162=ORIENTED_EDGE('',*,*,#3795,.T.);
#1163=ORIENTED_EDGE('',*,*,#3596,.F.);
#1164=ORIENTED_EDGE('',*,*,#3799,.F.);
#1165=ORIENTED_EDGE('',*,*,#3800,.T.);
#1166=ORIENTED_EDGE('',*,*,#3797,.T.);
#1167=ORIENTED_EDGE('',*,*,#3595,.T.);
#1168=ORIENTED_EDGE('',*,*,#3801,.F.);
#1169=ORIENTED_EDGE('',*,*,#3802,.F.);
#1170=ORIENTED_EDGE('',*,*,#3799,.T.);
#1171=ORIENTED_EDGE('',*,*,#3594,.T.);
#1172=ORIENTED_EDGE('',*,*,#3803,.F.);
#1173=ORIENTED_EDGE('',*,*,#3804,.F.);
#1174=ORIENTED_EDGE('',*,*,#3801,.T.);
#1175=ORIENTED_EDGE('',*,*,#3593,.T.);
#1176=ORIENTED_EDGE('',*,*,#3774,.F.);
#1177=ORIENTED_EDGE('',*,*,#3805,.F.);
#1178=ORIENTED_EDGE('',*,*,#3803,.T.);
#1179=ORIENTED_EDGE('',*,*,#3773,.T.);
#1180=ORIENTED_EDGE('',*,*,#3776,.T.);
#1181=ORIENTED_EDGE('',*,*,#3778,.T.);
#1182=ORIENTED_EDGE('',*,*,#3780,.F.);
#1183=ORIENTED_EDGE('',*,*,#3782,.T.);
#1184=ORIENTED_EDGE('',*,*,#3784,.T.);
#1185=ORIENTED_EDGE('',*,*,#3786,.T.);
#1186=ORIENTED_EDGE('',*,*,#3788,.F.);
#1187=ORIENTED_EDGE('',*,*,#3790,.T.);
#1188=ORIENTED_EDGE('',*,*,#3792,.T.);
#1189=ORIENTED_EDGE('',*,*,#3794,.T.);
#1190=ORIENTED_EDGE('',*,*,#3796,.T.);
#1191=ORIENTED_EDGE('',*,*,#3798,.T.);
#1192=ORIENTED_EDGE('',*,*,#3800,.F.);
#1193=ORIENTED_EDGE('',*,*,#3802,.T.);
#1194=ORIENTED_EDGE('',*,*,#3804,.T.);
#1195=ORIENTED_EDGE('',*,*,#3805,.T.);
#1196=ORIENTED_EDGE('',*,*,#3609,.F.);
#1197=ORIENTED_EDGE('',*,*,#3806,.F.);
#1198=ORIENTED_EDGE('',*,*,#3807,.T.);
#1199=ORIENTED_EDGE('',*,*,#3808,.T.);
#1200=ORIENTED_EDGE('',*,*,#3610,.F.);
#1201=ORIENTED_EDGE('',*,*,#3808,.F.);
#1202=ORIENTED_EDGE('',*,*,#3809,.T.);
#1203=ORIENTED_EDGE('',*,*,#3810,.T.);
#1204=ORIENTED_EDGE('',*,*,#3611,.F.);
#1205=ORIENTED_EDGE('',*,*,#3810,.F.);
#1206=ORIENTED_EDGE('',*,*,#3811,.T.);
#1207=ORIENTED_EDGE('',*,*,#3812,.T.);
#1208=ORIENTED_EDGE('',*,*,#3612,.F.);
#1209=ORIENTED_EDGE('',*,*,#3812,.F.);
#1210=ORIENTED_EDGE('',*,*,#3813,.T.);
#1211=ORIENTED_EDGE('',*,*,#3814,.T.);
#1212=ORIENTED_EDGE('',*,*,#3613,.F.);
#1213=ORIENTED_EDGE('',*,*,#3814,.F.);
#1214=ORIENTED_EDGE('',*,*,#3815,.T.);
#1215=ORIENTED_EDGE('',*,*,#3816,.T.);
#1216=ORIENTED_EDGE('',*,*,#3614,.F.);
#1217=ORIENTED_EDGE('',*,*,#3816,.F.);
#1218=ORIENTED_EDGE('',*,*,#3817,.T.);
#1219=ORIENTED_EDGE('',*,*,#3818,.T.);
#1220=ORIENTED_EDGE('',*,*,#3615,.F.);
#1221=ORIENTED_EDGE('',*,*,#3818,.F.);
#1222=ORIENTED_EDGE('',*,*,#3819,.T.);
#1223=ORIENTED_EDGE('',*,*,#3820,.T.);
#1224=ORIENTED_EDGE('',*,*,#3616,.F.);
#1225=ORIENTED_EDGE('',*,*,#3820,.F.);
#1226=ORIENTED_EDGE('',*,*,#3821,.T.);
#1227=ORIENTED_EDGE('',*,*,#3822,.T.);
#1228=ORIENTED_EDGE('',*,*,#3617,.F.);
#1229=ORIENTED_EDGE('',*,*,#3822,.F.);
#1230=ORIENTED_EDGE('',*,*,#3823,.T.);
#1231=ORIENTED_EDGE('',*,*,#3824,.T.);
#1232=ORIENTED_EDGE('',*,*,#3618,.F.);
#1233=ORIENTED_EDGE('',*,*,#3824,.F.);
#1234=ORIENTED_EDGE('',*,*,#3825,.T.);
#1235=ORIENTED_EDGE('',*,*,#3826,.T.);
#1236=ORIENTED_EDGE('',*,*,#3619,.F.);
#1237=ORIENTED_EDGE('',*,*,#3826,.F.);
#1238=ORIENTED_EDGE('',*,*,#3827,.T.);
#1239=ORIENTED_EDGE('',*,*,#3828,.T.);
#1240=ORIENTED_EDGE('',*,*,#3620,.F.);
#1241=ORIENTED_EDGE('',*,*,#3828,.F.);
#1242=ORIENTED_EDGE('',*,*,#3829,.T.);
#1243=ORIENTED_EDGE('',*,*,#3830,.T.);
#1244=ORIENTED_EDGE('',*,*,#3621,.F.);
#1245=ORIENTED_EDGE('',*,*,#3830,.F.);
#1246=ORIENTED_EDGE('',*,*,#3831,.T.);
#1247=ORIENTED_EDGE('',*,*,#3832,.T.);
#1248=ORIENTED_EDGE('',*,*,#3622,.F.);
#1249=ORIENTED_EDGE('',*,*,#3832,.F.);
#1250=ORIENTED_EDGE('',*,*,#3833,.T.);
#1251=ORIENTED_EDGE('',*,*,#3806,.T.);
#1252=ORIENTED_EDGE('',*,*,#3807,.F.);
#1253=ORIENTED_EDGE('',*,*,#3833,.F.);
#1254=ORIENTED_EDGE('',*,*,#3831,.F.);
#1255=ORIENTED_EDGE('',*,*,#3829,.F.);
#1256=ORIENTED_EDGE('',*,*,#3827,.F.);
#1257=ORIENTED_EDGE('',*,*,#3825,.F.);
#1258=ORIENTED_EDGE('',*,*,#3823,.F.);
#1259=ORIENTED_EDGE('',*,*,#3821,.F.);
#1260=ORIENTED_EDGE('',*,*,#3819,.F.);
#1261=ORIENTED_EDGE('',*,*,#3817,.F.);
#1262=ORIENTED_EDGE('',*,*,#3815,.F.);
#1263=ORIENTED_EDGE('',*,*,#3813,.F.);
#1264=ORIENTED_EDGE('',*,*,#3811,.F.);
#1265=ORIENTED_EDGE('',*,*,#3809,.F.);
#1266=ORIENTED_EDGE('',*,*,#3834,.F.);
#1267=ORIENTED_EDGE('',*,*,#3835,.F.);
#1268=ORIENTED_EDGE('',*,*,#3836,.T.);
#1269=ORIENTED_EDGE('',*,*,#3837,.T.);
#1270=ORIENTED_EDGE('',*,*,#3838,.F.);
#1271=ORIENTED_EDGE('',*,*,#3837,.F.);
#1272=ORIENTED_EDGE('',*,*,#3839,.T.);
#1273=ORIENTED_EDGE('',*,*,#3840,.T.);
#1274=ORIENTED_EDGE('',*,*,#3841,.F.);
#1275=ORIENTED_EDGE('',*,*,#3840,.F.);
#1276=ORIENTED_EDGE('',*,*,#3842,.T.);
#1277=ORIENTED_EDGE('',*,*,#3843,.T.);
#1278=ORIENTED_EDGE('',*,*,#3844,.F.);
#1279=ORIENTED_EDGE('',*,*,#3843,.F.);
#1280=ORIENTED_EDGE('',*,*,#3845,.T.);
#1281=ORIENTED_EDGE('',*,*,#3846,.T.);
#1282=ORIENTED_EDGE('',*,*,#3847,.F.);
#1283=ORIENTED_EDGE('',*,*,#3846,.F.);
#1284=ORIENTED_EDGE('',*,*,#3848,.T.);
#1285=ORIENTED_EDGE('',*,*,#3849,.T.);
#1286=ORIENTED_EDGE('',*,*,#3850,.F.);
#1287=ORIENTED_EDGE('',*,*,#3849,.F.);
#1288=ORIENTED_EDGE('',*,*,#3851,.T.);
#1289=ORIENTED_EDGE('',*,*,#3852,.T.);
#1290=ORIENTED_EDGE('',*,*,#3853,.F.);
#1291=ORIENTED_EDGE('',*,*,#3852,.F.);
#1292=ORIENTED_EDGE('',*,*,#3854,.T.);
#1293=ORIENTED_EDGE('',*,*,#3855,.T.);
#1294=ORIENTED_EDGE('',*,*,#3856,.F.);
#1295=ORIENTED_EDGE('',*,*,#3855,.F.);
#1296=ORIENTED_EDGE('',*,*,#3857,.T.);
#1297=ORIENTED_EDGE('',*,*,#3858,.T.);
#1298=ORIENTED_EDGE('',*,*,#3859,.F.);
#1299=ORIENTED_EDGE('',*,*,#3858,.F.);
#1300=ORIENTED_EDGE('',*,*,#3860,.T.);
#1301=ORIENTED_EDGE('',*,*,#3861,.T.);
#1302=ORIENTED_EDGE('',*,*,#3862,.F.);
#1303=ORIENTED_EDGE('',*,*,#3863,.F.);
#1304=ORIENTED_EDGE('',*,*,#3864,.T.);
#1305=ORIENTED_EDGE('',*,*,#3865,.T.);
#1306=ORIENTED_EDGE('',*,*,#3866,.F.);
#1307=ORIENTED_EDGE('',*,*,#3865,.F.);
#1308=ORIENTED_EDGE('',*,*,#3867,.T.);
#1309=ORIENTED_EDGE('',*,*,#3868,.T.);
#1310=ORIENTED_EDGE('',*,*,#3869,.F.);
#1311=ORIENTED_EDGE('',*,*,#3868,.F.);
#1312=ORIENTED_EDGE('',*,*,#3870,.T.);
#1313=ORIENTED_EDGE('',*,*,#3871,.T.);
#1314=ORIENTED_EDGE('',*,*,#3872,.F.);
#1315=ORIENTED_EDGE('',*,*,#3871,.F.);
#1316=ORIENTED_EDGE('',*,*,#3873,.T.);
#1317=ORIENTED_EDGE('',*,*,#3874,.T.);
#1318=ORIENTED_EDGE('',*,*,#3875,.F.);
#1319=ORIENTED_EDGE('',*,*,#3874,.F.);
#1320=ORIENTED_EDGE('',*,*,#3876,.T.);
#1321=ORIENTED_EDGE('',*,*,#3877,.T.);
#1322=ORIENTED_EDGE('',*,*,#3878,.F.);
#1323=ORIENTED_EDGE('',*,*,#3877,.F.);
#1324=ORIENTED_EDGE('',*,*,#3879,.T.);
#1325=ORIENTED_EDGE('',*,*,#3880,.T.);
#1326=ORIENTED_EDGE('',*,*,#3881,.F.);
#1327=ORIENTED_EDGE('',*,*,#3880,.F.);
#1328=ORIENTED_EDGE('',*,*,#3882,.T.);
#1329=ORIENTED_EDGE('',*,*,#3883,.T.);
#1330=ORIENTED_EDGE('',*,*,#3884,.F.);
#1331=ORIENTED_EDGE('',*,*,#3883,.F.);
#1332=ORIENTED_EDGE('',*,*,#3885,.T.);
#1333=ORIENTED_EDGE('',*,*,#3886,.T.);
#1334=ORIENTED_EDGE('',*,*,#3887,.F.);
#1335=ORIENTED_EDGE('',*,*,#3886,.F.);
#1336=ORIENTED_EDGE('',*,*,#3888,.T.);
#1337=ORIENTED_EDGE('',*,*,#3889,.T.);
#1338=ORIENTED_EDGE('',*,*,#3578,.F.);
#1339=ORIENTED_EDGE('',*,*,#3890,.F.);
#1340=ORIENTED_EDGE('',*,*,#3891,.T.);
#1341=ORIENTED_EDGE('',*,*,#3892,.T.);
#1342=ORIENTED_EDGE('',*,*,#3579,.F.);
#1343=ORIENTED_EDGE('',*,*,#3892,.F.);
#1344=ORIENTED_EDGE('',*,*,#3893,.T.);
#1345=ORIENTED_EDGE('',*,*,#3894,.T.);
#1346=ORIENTED_EDGE('',*,*,#3580,.F.);
#1347=ORIENTED_EDGE('',*,*,#3894,.F.);
#1348=ORIENTED_EDGE('',*,*,#3895,.T.);
#1349=ORIENTED_EDGE('',*,*,#3896,.T.);
#1350=ORIENTED_EDGE('',*,*,#3581,.F.);
#1351=ORIENTED_EDGE('',*,*,#3896,.F.);
#1352=ORIENTED_EDGE('',*,*,#3897,.T.);
#1353=ORIENTED_EDGE('',*,*,#3898,.T.);
#1354=ORIENTED_EDGE('',*,*,#3582,.F.);
#1355=ORIENTED_EDGE('',*,*,#3898,.F.);
#1356=ORIENTED_EDGE('',*,*,#3899,.T.);
#1357=ORIENTED_EDGE('',*,*,#3900,.T.);
#1358=ORIENTED_EDGE('',*,*,#3583,.F.);
#1359=ORIENTED_EDGE('',*,*,#3900,.F.);
#1360=ORIENTED_EDGE('',*,*,#3901,.T.);
#1361=ORIENTED_EDGE('',*,*,#3902,.T.);
#1362=ORIENTED_EDGE('',*,*,#3584,.F.);
#1363=ORIENTED_EDGE('',*,*,#3902,.F.);
#1364=ORIENTED_EDGE('',*,*,#3903,.T.);
#1365=ORIENTED_EDGE('',*,*,#3904,.T.);
#1366=ORIENTED_EDGE('',*,*,#3585,.F.);
#1367=ORIENTED_EDGE('',*,*,#3904,.F.);
#1368=ORIENTED_EDGE('',*,*,#3905,.T.);
#1369=ORIENTED_EDGE('',*,*,#3906,.T.);
#1370=ORIENTED_EDGE('',*,*,#3586,.F.);
#1371=ORIENTED_EDGE('',*,*,#3906,.F.);
#1372=ORIENTED_EDGE('',*,*,#3907,.T.);
#1373=ORIENTED_EDGE('',*,*,#3908,.T.);
#1374=ORIENTED_EDGE('',*,*,#3587,.F.);
#1375=ORIENTED_EDGE('',*,*,#3908,.F.);
#1376=ORIENTED_EDGE('',*,*,#3909,.T.);
#1377=ORIENTED_EDGE('',*,*,#3910,.T.);
#1378=ORIENTED_EDGE('',*,*,#3588,.F.);
#1379=ORIENTED_EDGE('',*,*,#3910,.F.);
#1380=ORIENTED_EDGE('',*,*,#3911,.T.);
#1381=ORIENTED_EDGE('',*,*,#3912,.T.);
#1382=ORIENTED_EDGE('',*,*,#3589,.F.);
#1383=ORIENTED_EDGE('',*,*,#3912,.F.);
#1384=ORIENTED_EDGE('',*,*,#3913,.T.);
#1385=ORIENTED_EDGE('',*,*,#3914,.T.);
#1386=ORIENTED_EDGE('',*,*,#3590,.F.);
#1387=ORIENTED_EDGE('',*,*,#3914,.F.);
#1388=ORIENTED_EDGE('',*,*,#3915,.T.);
#1389=ORIENTED_EDGE('',*,*,#3916,.T.);
#1390=ORIENTED_EDGE('',*,*,#3917,.F.);
#1391=ORIENTED_EDGE('',*,*,#3889,.F.);
#1392=ORIENTED_EDGE('',*,*,#3918,.T.);
#1393=ORIENTED_EDGE('',*,*,#3863,.T.);
#1394=ORIENTED_EDGE('',*,*,#3591,.F.);
#1395=ORIENTED_EDGE('',*,*,#3916,.F.);
#1396=ORIENTED_EDGE('',*,*,#3919,.T.);
#1397=ORIENTED_EDGE('',*,*,#3890,.T.);
#1398=ORIENTED_EDGE('',*,*,#3920,.F.);
#1399=ORIENTED_EDGE('',*,*,#3861,.F.);
#1400=ORIENTED_EDGE('',*,*,#3921,.T.);
#1401=ORIENTED_EDGE('',*,*,#3835,.T.);
#1402=ORIENTED_EDGE('',*,*,#3891,.F.);
#1403=ORIENTED_EDGE('',*,*,#3919,.F.);
#1404=ORIENTED_EDGE('',*,*,#3915,.F.);
#1405=ORIENTED_EDGE('',*,*,#3913,.F.);
#1406=ORIENTED_EDGE('',*,*,#3911,.F.);
#1407=ORIENTED_EDGE('',*,*,#3909,.F.);
#1408=ORIENTED_EDGE('',*,*,#3907,.F.);
#1409=ORIENTED_EDGE('',*,*,#3905,.F.);
#1410=ORIENTED_EDGE('',*,*,#3903,.F.);
#1411=ORIENTED_EDGE('',*,*,#3901,.F.);
#1412=ORIENTED_EDGE('',*,*,#3899,.F.);
#1413=ORIENTED_EDGE('',*,*,#3897,.F.);
#1414=ORIENTED_EDGE('',*,*,#3895,.F.);
#1415=ORIENTED_EDGE('',*,*,#3893,.F.);
#1416=ORIENTED_EDGE('',*,*,#3864,.F.);
#1417=ORIENTED_EDGE('',*,*,#3918,.F.);
#1418=ORIENTED_EDGE('',*,*,#3888,.F.);
#1419=ORIENTED_EDGE('',*,*,#3885,.F.);
#1420=ORIENTED_EDGE('',*,*,#3882,.F.);
#1421=ORIENTED_EDGE('',*,*,#3879,.F.);
#1422=ORIENTED_EDGE('',*,*,#3876,.F.);
#1423=ORIENTED_EDGE('',*,*,#3873,.F.);
#1424=ORIENTED_EDGE('',*,*,#3870,.F.);
#1425=ORIENTED_EDGE('',*,*,#3867,.F.);
#1426=ORIENTED_EDGE('',*,*,#3836,.F.);
#1427=ORIENTED_EDGE('',*,*,#3921,.F.);
#1428=ORIENTED_EDGE('',*,*,#3860,.F.);
#1429=ORIENTED_EDGE('',*,*,#3857,.F.);
#1430=ORIENTED_EDGE('',*,*,#3854,.F.);
#1431=ORIENTED_EDGE('',*,*,#3851,.F.);
#1432=ORIENTED_EDGE('',*,*,#3848,.F.);
#1433=ORIENTED_EDGE('',*,*,#3845,.F.);
#1434=ORIENTED_EDGE('',*,*,#3842,.F.);
#1435=ORIENTED_EDGE('',*,*,#3839,.F.);
#1436=ORIENTED_EDGE('',*,*,#3862,.T.);
#1437=ORIENTED_EDGE('',*,*,#3866,.T.);
#1438=ORIENTED_EDGE('',*,*,#3869,.T.);
#1439=ORIENTED_EDGE('',*,*,#3872,.T.);
#1440=ORIENTED_EDGE('',*,*,#3875,.T.);
#1441=ORIENTED_EDGE('',*,*,#3878,.T.);
#1442=ORIENTED_EDGE('',*,*,#3881,.T.);
#1443=ORIENTED_EDGE('',*,*,#3884,.T.);
#1444=ORIENTED_EDGE('',*,*,#3887,.T.);
#1445=ORIENTED_EDGE('',*,*,#3917,.T.);
#1446=ORIENTED_EDGE('',*,*,#3623,.F.);
#1447=ORIENTED_EDGE('',*,*,#3922,.F.);
#1448=ORIENTED_EDGE('',*,*,#3923,.T.);
#1449=ORIENTED_EDGE('',*,*,#3924,.T.);
#1450=ORIENTED_EDGE('',*,*,#3624,.F.);
#1451=ORIENTED_EDGE('',*,*,#3924,.F.);
#1452=ORIENTED_EDGE('',*,*,#3925,.T.);
#1453=ORIENTED_EDGE('',*,*,#3926,.T.);
#1454=ORIENTED_EDGE('',*,*,#3625,.F.);
#1455=ORIENTED_EDGE('',*,*,#3926,.F.);
#1456=ORIENTED_EDGE('',*,*,#3927,.T.);
#1457=ORIENTED_EDGE('',*,*,#3928,.T.);
#1458=ORIENTED_EDGE('',*,*,#3626,.F.);
#1459=ORIENTED_EDGE('',*,*,#3928,.F.);
#1460=ORIENTED_EDGE('',*,*,#3929,.T.);
#1461=ORIENTED_EDGE('',*,*,#3930,.T.);
#1462=ORIENTED_EDGE('',*,*,#3627,.F.);
#1463=ORIENTED_EDGE('',*,*,#3930,.F.);
#1464=ORIENTED_EDGE('',*,*,#3931,.T.);
#1465=ORIENTED_EDGE('',*,*,#3932,.T.);
#1466=ORIENTED_EDGE('',*,*,#3628,.F.);
#1467=ORIENTED_EDGE('',*,*,#3932,.F.);
#1468=ORIENTED_EDGE('',*,*,#3933,.T.);
#1469=ORIENTED_EDGE('',*,*,#3934,.T.);
#1470=ORIENTED_EDGE('',*,*,#3629,.F.);
#1471=ORIENTED_EDGE('',*,*,#3934,.F.);
#1472=ORIENTED_EDGE('',*,*,#3935,.T.);
#1473=ORIENTED_EDGE('',*,*,#3936,.T.);
#1474=ORIENTED_EDGE('',*,*,#3630,.F.);
#1475=ORIENTED_EDGE('',*,*,#3936,.F.);
#1476=ORIENTED_EDGE('',*,*,#3937,.T.);
#1477=ORIENTED_EDGE('',*,*,#3938,.T.);
#1478=ORIENTED_EDGE('',*,*,#3631,.F.);
#1479=ORIENTED_EDGE('',*,*,#3938,.F.);
#1480=ORIENTED_EDGE('',*,*,#3939,.T.);
#1481=ORIENTED_EDGE('',*,*,#3940,.T.);
#1482=ORIENTED_EDGE('',*,*,#3632,.F.);
#1483=ORIENTED_EDGE('',*,*,#3940,.F.);
#1484=ORIENTED_EDGE('',*,*,#3941,.T.);
#1485=ORIENTED_EDGE('',*,*,#3942,.T.);
#1486=ORIENTED_EDGE('',*,*,#3633,.F.);
#1487=ORIENTED_EDGE('',*,*,#3942,.F.);
#1488=ORIENTED_EDGE('',*,*,#3943,.T.);
#1489=ORIENTED_EDGE('',*,*,#3944,.T.);
#1490=ORIENTED_EDGE('',*,*,#3634,.F.);
#1491=ORIENTED_EDGE('',*,*,#3944,.F.);
#1492=ORIENTED_EDGE('',*,*,#3945,.T.);
#1493=ORIENTED_EDGE('',*,*,#3946,.T.);
#1494=ORIENTED_EDGE('',*,*,#3635,.F.);
#1495=ORIENTED_EDGE('',*,*,#3946,.F.);
#1496=ORIENTED_EDGE('',*,*,#3947,.T.);
#1497=ORIENTED_EDGE('',*,*,#3948,.T.);
#1498=ORIENTED_EDGE('',*,*,#3636,.F.);
#1499=ORIENTED_EDGE('',*,*,#3948,.F.);
#1500=ORIENTED_EDGE('',*,*,#3949,.T.);
#1501=ORIENTED_EDGE('',*,*,#3950,.T.);
#1502=ORIENTED_EDGE('',*,*,#3637,.F.);
#1503=ORIENTED_EDGE('',*,*,#3950,.F.);
#1504=ORIENTED_EDGE('',*,*,#3951,.T.);
#1505=ORIENTED_EDGE('',*,*,#3952,.T.);
#1506=ORIENTED_EDGE('',*,*,#3953,.F.);
#1507=ORIENTED_EDGE('',*,*,#3954,.F.);
#1508=ORIENTED_EDGE('',*,*,#3955,.T.);
#1509=ORIENTED_EDGE('',*,*,#3956,.T.);
#1510=ORIENTED_EDGE('',*,*,#3957,.F.);
#1511=ORIENTED_EDGE('',*,*,#3956,.F.);
#1512=ORIENTED_EDGE('',*,*,#3958,.T.);
#1513=ORIENTED_EDGE('',*,*,#3959,.T.);
#1514=ORIENTED_EDGE('',*,*,#3960,.F.);
#1515=ORIENTED_EDGE('',*,*,#3959,.F.);
#1516=ORIENTED_EDGE('',*,*,#3961,.T.);
#1517=ORIENTED_EDGE('',*,*,#3962,.T.);
#1518=ORIENTED_EDGE('',*,*,#3963,.F.);
#1519=ORIENTED_EDGE('',*,*,#3962,.F.);
#1520=ORIENTED_EDGE('',*,*,#3964,.T.);
#1521=ORIENTED_EDGE('',*,*,#3954,.T.);
#1522=ORIENTED_EDGE('',*,*,#3638,.F.);
#1523=ORIENTED_EDGE('',*,*,#3952,.F.);
#1524=ORIENTED_EDGE('',*,*,#3965,.T.);
#1525=ORIENTED_EDGE('',*,*,#3922,.T.);
#1526=ORIENTED_EDGE('',*,*,#3955,.F.);
#1527=ORIENTED_EDGE('',*,*,#3964,.F.);
#1528=ORIENTED_EDGE('',*,*,#3961,.F.);
#1529=ORIENTED_EDGE('',*,*,#3958,.F.);
#1530=ORIENTED_EDGE('',*,*,#3923,.F.);
#1531=ORIENTED_EDGE('',*,*,#3965,.F.);
#1532=ORIENTED_EDGE('',*,*,#3951,.F.);
#1533=ORIENTED_EDGE('',*,*,#3949,.F.);
#1534=ORIENTED_EDGE('',*,*,#3947,.F.);
#1535=ORIENTED_EDGE('',*,*,#3945,.F.);
#1536=ORIENTED_EDGE('',*,*,#3943,.F.);
#1537=ORIENTED_EDGE('',*,*,#3941,.F.);
#1538=ORIENTED_EDGE('',*,*,#3939,.F.);
#1539=ORIENTED_EDGE('',*,*,#3937,.F.);
#1540=ORIENTED_EDGE('',*,*,#3935,.F.);
#1541=ORIENTED_EDGE('',*,*,#3933,.F.);
#1542=ORIENTED_EDGE('',*,*,#3931,.F.);
#1543=ORIENTED_EDGE('',*,*,#3929,.F.);
#1544=ORIENTED_EDGE('',*,*,#3927,.F.);
#1545=ORIENTED_EDGE('',*,*,#3925,.F.);
#1546=ORIENTED_EDGE('',*,*,#3953,.T.);
#1547=ORIENTED_EDGE('',*,*,#3957,.T.);
#1548=ORIENTED_EDGE('',*,*,#3960,.T.);
#1549=ORIENTED_EDGE('',*,*,#3963,.T.);
#1550=ORIENTED_EDGE('',*,*,#3570,.F.);
#1551=ORIENTED_EDGE('',*,*,#3966,.F.);
#1552=ORIENTED_EDGE('',*,*,#3967,.T.);
#1553=ORIENTED_EDGE('',*,*,#3968,.T.);
#1554=ORIENTED_EDGE('',*,*,#3571,.F.);
#1555=ORIENTED_EDGE('',*,*,#3968,.F.);
#1556=ORIENTED_EDGE('',*,*,#3969,.T.);
#1557=ORIENTED_EDGE('',*,*,#3970,.T.);
#1558=ORIENTED_EDGE('',*,*,#3572,.F.);
#1559=ORIENTED_EDGE('',*,*,#3970,.F.);
#1560=ORIENTED_EDGE('',*,*,#3971,.T.);
#1561=ORIENTED_EDGE('',*,*,#3972,.T.);
#1562=ORIENTED_EDGE('',*,*,#3573,.F.);
#1563=ORIENTED_EDGE('',*,*,#3972,.F.);
#1564=ORIENTED_EDGE('',*,*,#3973,.T.);
#1565=ORIENTED_EDGE('',*,*,#3974,.T.);
#1566=ORIENTED_EDGE('',*,*,#3574,.F.);
#1567=ORIENTED_EDGE('',*,*,#3974,.F.);
#1568=ORIENTED_EDGE('',*,*,#3975,.T.);
#1569=ORIENTED_EDGE('',*,*,#3976,.T.);
#1570=ORIENTED_EDGE('',*,*,#3575,.F.);
#1571=ORIENTED_EDGE('',*,*,#3976,.F.);
#1572=ORIENTED_EDGE('',*,*,#3977,.T.);
#1573=ORIENTED_EDGE('',*,*,#3978,.T.);
#1574=ORIENTED_EDGE('',*,*,#3576,.F.);
#1575=ORIENTED_EDGE('',*,*,#3978,.F.);
#1576=ORIENTED_EDGE('',*,*,#3979,.T.);
#1577=ORIENTED_EDGE('',*,*,#3980,.T.);
#1578=ORIENTED_EDGE('',*,*,#3577,.F.);
#1579=ORIENTED_EDGE('',*,*,#3980,.F.);
#1580=ORIENTED_EDGE('',*,*,#3981,.T.);
#1581=ORIENTED_EDGE('',*,*,#3966,.T.);
#1582=ORIENTED_EDGE('',*,*,#3967,.F.);
#1583=ORIENTED_EDGE('',*,*,#3981,.F.);
#1584=ORIENTED_EDGE('',*,*,#3979,.F.);
#1585=ORIENTED_EDGE('',*,*,#3977,.F.);
#1586=ORIENTED_EDGE('',*,*,#3975,.F.);
#1587=ORIENTED_EDGE('',*,*,#3973,.F.);
#1588=ORIENTED_EDGE('',*,*,#3971,.F.);
#1589=ORIENTED_EDGE('',*,*,#3969,.F.);
#1590=ORIENTED_EDGE('',*,*,#3639,.F.);
#1591=ORIENTED_EDGE('',*,*,#3982,.F.);
#1592=ORIENTED_EDGE('',*,*,#3983,.T.);
#1593=ORIENTED_EDGE('',*,*,#3984,.T.);
#1594=ORIENTED_EDGE('',*,*,#3640,.F.);
#1595=ORIENTED_EDGE('',*,*,#3984,.F.);
#1596=ORIENTED_EDGE('',*,*,#3985,.T.);
#1597=ORIENTED_EDGE('',*,*,#3986,.T.);
#1598=ORIENTED_EDGE('',*,*,#3641,.F.);
#1599=ORIENTED_EDGE('',*,*,#3986,.F.);
#1600=ORIENTED_EDGE('',*,*,#3987,.T.);
#1601=ORIENTED_EDGE('',*,*,#3988,.T.);
#1602=ORIENTED_EDGE('',*,*,#3642,.F.);
#1603=ORIENTED_EDGE('',*,*,#3988,.F.);
#1604=ORIENTED_EDGE('',*,*,#3989,.T.);
#1605=ORIENTED_EDGE('',*,*,#3990,.T.);
#1606=ORIENTED_EDGE('',*,*,#3643,.F.);
#1607=ORIENTED_EDGE('',*,*,#3990,.F.);
#1608=ORIENTED_EDGE('',*,*,#3991,.T.);
#1609=ORIENTED_EDGE('',*,*,#3992,.T.);
#1610=ORIENTED_EDGE('',*,*,#3644,.F.);
#1611=ORIENTED_EDGE('',*,*,#3992,.F.);
#1612=ORIENTED_EDGE('',*,*,#3993,.T.);
#1613=ORIENTED_EDGE('',*,*,#3994,.T.);
#1614=ORIENTED_EDGE('',*,*,#3645,.F.);
#1615=ORIENTED_EDGE('',*,*,#3994,.F.);
#1616=ORIENTED_EDGE('',*,*,#3995,.T.);
#1617=ORIENTED_EDGE('',*,*,#3996,.T.);
#1618=ORIENTED_EDGE('',*,*,#3646,.F.);
#1619=ORIENTED_EDGE('',*,*,#3996,.F.);
#1620=ORIENTED_EDGE('',*,*,#3997,.T.);
#1621=ORIENTED_EDGE('',*,*,#3982,.T.);
#1622=ORIENTED_EDGE('',*,*,#3983,.F.);
#1623=ORIENTED_EDGE('',*,*,#3997,.F.);
#1624=ORIENTED_EDGE('',*,*,#3995,.F.);
#1625=ORIENTED_EDGE('',*,*,#3993,.F.);
#1626=ORIENTED_EDGE('',*,*,#3991,.F.);
#1627=ORIENTED_EDGE('',*,*,#3989,.F.);
#1628=ORIENTED_EDGE('',*,*,#3987,.F.);
#1629=ORIENTED_EDGE('',*,*,#3985,.F.);
#1630=ORIENTED_EDGE('',*,*,#3546,.F.);
#1631=ORIENTED_EDGE('',*,*,#3998,.F.);
#1632=ORIENTED_EDGE('',*,*,#3999,.T.);
#1633=ORIENTED_EDGE('',*,*,#4000,.T.);
#1634=ORIENTED_EDGE('',*,*,#3547,.F.);
#1635=ORIENTED_EDGE('',*,*,#4000,.F.);
#1636=ORIENTED_EDGE('',*,*,#4001,.T.);
#1637=ORIENTED_EDGE('',*,*,#4002,.T.);
#1638=ORIENTED_EDGE('',*,*,#3548,.F.);
#1639=ORIENTED_EDGE('',*,*,#4002,.F.);
#1640=ORIENTED_EDGE('',*,*,#4003,.T.);
#1641=ORIENTED_EDGE('',*,*,#4004,.T.);
#1642=ORIENTED_EDGE('',*,*,#3549,.F.);
#1643=ORIENTED_EDGE('',*,*,#4004,.F.);
#1644=ORIENTED_EDGE('',*,*,#4005,.T.);
#1645=ORIENTED_EDGE('',*,*,#4006,.T.);
#1646=ORIENTED_EDGE('',*,*,#3550,.F.);
#1647=ORIENTED_EDGE('',*,*,#4006,.F.);
#1648=ORIENTED_EDGE('',*,*,#4007,.T.);
#1649=ORIENTED_EDGE('',*,*,#4008,.T.);
#1650=ORIENTED_EDGE('',*,*,#3551,.F.);
#1651=ORIENTED_EDGE('',*,*,#4008,.F.);
#1652=ORIENTED_EDGE('',*,*,#4009,.T.);
#1653=ORIENTED_EDGE('',*,*,#4010,.T.);
#1654=ORIENTED_EDGE('',*,*,#3552,.F.);
#1655=ORIENTED_EDGE('',*,*,#4010,.F.);
#1656=ORIENTED_EDGE('',*,*,#4011,.T.);
#1657=ORIENTED_EDGE('',*,*,#4012,.T.);
#1658=ORIENTED_EDGE('',*,*,#3553,.F.);
#1659=ORIENTED_EDGE('',*,*,#4012,.F.);
#1660=ORIENTED_EDGE('',*,*,#4013,.T.);
#1661=ORIENTED_EDGE('',*,*,#4014,.T.);
#1662=ORIENTED_EDGE('',*,*,#3554,.F.);
#1663=ORIENTED_EDGE('',*,*,#4014,.F.);
#1664=ORIENTED_EDGE('',*,*,#4015,.T.);
#1665=ORIENTED_EDGE('',*,*,#4016,.T.);
#1666=ORIENTED_EDGE('',*,*,#3555,.F.);
#1667=ORIENTED_EDGE('',*,*,#4016,.F.);
#1668=ORIENTED_EDGE('',*,*,#4017,.T.);
#1669=ORIENTED_EDGE('',*,*,#4018,.T.);
#1670=ORIENTED_EDGE('',*,*,#3556,.F.);
#1671=ORIENTED_EDGE('',*,*,#4018,.F.);
#1672=ORIENTED_EDGE('',*,*,#4019,.T.);
#1673=ORIENTED_EDGE('',*,*,#4020,.T.);
#1674=ORIENTED_EDGE('',*,*,#3557,.F.);
#1675=ORIENTED_EDGE('',*,*,#4020,.F.);
#1676=ORIENTED_EDGE('',*,*,#4021,.T.);
#1677=ORIENTED_EDGE('',*,*,#4022,.T.);
#1678=ORIENTED_EDGE('',*,*,#3558,.F.);
#1679=ORIENTED_EDGE('',*,*,#4022,.F.);
#1680=ORIENTED_EDGE('',*,*,#4023,.T.);
#1681=ORIENTED_EDGE('',*,*,#4024,.T.);
#1682=ORIENTED_EDGE('',*,*,#3559,.F.);
#1683=ORIENTED_EDGE('',*,*,#4024,.F.);
#1684=ORIENTED_EDGE('',*,*,#4025,.T.);
#1685=ORIENTED_EDGE('',*,*,#4026,.T.);
#1686=ORIENTED_EDGE('',*,*,#3560,.F.);
#1687=ORIENTED_EDGE('',*,*,#4026,.F.);
#1688=ORIENTED_EDGE('',*,*,#4027,.T.);
#1689=ORIENTED_EDGE('',*,*,#4028,.T.);
#1690=ORIENTED_EDGE('',*,*,#3561,.F.);
#1691=ORIENTED_EDGE('',*,*,#4028,.F.);
#1692=ORIENTED_EDGE('',*,*,#4029,.T.);
#1693=ORIENTED_EDGE('',*,*,#4030,.T.);
#1694=ORIENTED_EDGE('',*,*,#3562,.F.);
#1695=ORIENTED_EDGE('',*,*,#4030,.F.);
#1696=ORIENTED_EDGE('',*,*,#4031,.T.);
#1697=ORIENTED_EDGE('',*,*,#4032,.T.);
#1698=ORIENTED_EDGE('',*,*,#3563,.F.);
#1699=ORIENTED_EDGE('',*,*,#4032,.F.);
#1700=ORIENTED_EDGE('',*,*,#4033,.T.);
#1701=ORIENTED_EDGE('',*,*,#4034,.T.);
#1702=ORIENTED_EDGE('',*,*,#3564,.F.);
#1703=ORIENTED_EDGE('',*,*,#4034,.F.);
#1704=ORIENTED_EDGE('',*,*,#4035,.T.);
#1705=ORIENTED_EDGE('',*,*,#4036,.T.);
#1706=ORIENTED_EDGE('',*,*,#3565,.F.);
#1707=ORIENTED_EDGE('',*,*,#4036,.F.);
#1708=ORIENTED_EDGE('',*,*,#4037,.T.);
#1709=ORIENTED_EDGE('',*,*,#4038,.T.);
#1710=ORIENTED_EDGE('',*,*,#3566,.F.);
#1711=ORIENTED_EDGE('',*,*,#4038,.F.);
#1712=ORIENTED_EDGE('',*,*,#4039,.T.);
#1713=ORIENTED_EDGE('',*,*,#4040,.T.);
#1714=ORIENTED_EDGE('',*,*,#3567,.F.);
#1715=ORIENTED_EDGE('',*,*,#4040,.F.);
#1716=ORIENTED_EDGE('',*,*,#4041,.T.);
#1717=ORIENTED_EDGE('',*,*,#4042,.T.);
#1718=ORIENTED_EDGE('',*,*,#3568,.F.);
#1719=ORIENTED_EDGE('',*,*,#4042,.F.);
#1720=ORIENTED_EDGE('',*,*,#4043,.T.);
#1721=ORIENTED_EDGE('',*,*,#4044,.T.);
#1722=ORIENTED_EDGE('',*,*,#3569,.F.);
#1723=ORIENTED_EDGE('',*,*,#4044,.F.);
#1724=ORIENTED_EDGE('',*,*,#4045,.T.);
#1725=ORIENTED_EDGE('',*,*,#3998,.T.);
#1726=ORIENTED_EDGE('',*,*,#3999,.F.);
#1727=ORIENTED_EDGE('',*,*,#4045,.F.);
#1728=ORIENTED_EDGE('',*,*,#4043,.F.);
#1729=ORIENTED_EDGE('',*,*,#4041,.F.);
#1730=ORIENTED_EDGE('',*,*,#4039,.F.);
#1731=ORIENTED_EDGE('',*,*,#4037,.F.);
#1732=ORIENTED_EDGE('',*,*,#4035,.F.);
#1733=ORIENTED_EDGE('',*,*,#4033,.F.);
#1734=ORIENTED_EDGE('',*,*,#4031,.F.);
#1735=ORIENTED_EDGE('',*,*,#4029,.F.);
#1736=ORIENTED_EDGE('',*,*,#4027,.F.);
#1737=ORIENTED_EDGE('',*,*,#4025,.F.);
#1738=ORIENTED_EDGE('',*,*,#4023,.F.);
#1739=ORIENTED_EDGE('',*,*,#4021,.F.);
#1740=ORIENTED_EDGE('',*,*,#4019,.F.);
#1741=ORIENTED_EDGE('',*,*,#4017,.F.);
#1742=ORIENTED_EDGE('',*,*,#4015,.F.);
#1743=ORIENTED_EDGE('',*,*,#4013,.F.);
#1744=ORIENTED_EDGE('',*,*,#4011,.F.);
#1745=ORIENTED_EDGE('',*,*,#4009,.F.);
#1746=ORIENTED_EDGE('',*,*,#4007,.F.);
#1747=ORIENTED_EDGE('',*,*,#4005,.F.);
#1748=ORIENTED_EDGE('',*,*,#4003,.F.);
#1749=ORIENTED_EDGE('',*,*,#4001,.F.);
#1750=ORIENTED_EDGE('',*,*,#3647,.F.);
#1751=ORIENTED_EDGE('',*,*,#4046,.F.);
#1752=ORIENTED_EDGE('',*,*,#4047,.T.);
#1753=ORIENTED_EDGE('',*,*,#4048,.T.);
#1754=ORIENTED_EDGE('',*,*,#3648,.F.);
#1755=ORIENTED_EDGE('',*,*,#4048,.F.);
#1756=ORIENTED_EDGE('',*,*,#4049,.T.);
#1757=ORIENTED_EDGE('',*,*,#4050,.T.);
#1758=ORIENTED_EDGE('',*,*,#3649,.F.);
#1759=ORIENTED_EDGE('',*,*,#4050,.F.);
#1760=ORIENTED_EDGE('',*,*,#4051,.T.);
#1761=ORIENTED_EDGE('',*,*,#4052,.T.);
#1762=ORIENTED_EDGE('',*,*,#3650,.F.);
#1763=ORIENTED_EDGE('',*,*,#4052,.F.);
#1764=ORIENTED_EDGE('',*,*,#4053,.T.);
#1765=ORIENTED_EDGE('',*,*,#4054,.T.);
#1766=ORIENTED_EDGE('',*,*,#3651,.F.);
#1767=ORIENTED_EDGE('',*,*,#4054,.F.);
#1768=ORIENTED_EDGE('',*,*,#4055,.T.);
#1769=ORIENTED_EDGE('',*,*,#4056,.T.);
#1770=ORIENTED_EDGE('',*,*,#3652,.F.);
#1771=ORIENTED_EDGE('',*,*,#4056,.F.);
#1772=ORIENTED_EDGE('',*,*,#4057,.T.);
#1773=ORIENTED_EDGE('',*,*,#4058,.T.);
#1774=ORIENTED_EDGE('',*,*,#3653,.F.);
#1775=ORIENTED_EDGE('',*,*,#4058,.F.);
#1776=ORIENTED_EDGE('',*,*,#4059,.T.);
#1777=ORIENTED_EDGE('',*,*,#4060,.T.);
#1778=ORIENTED_EDGE('',*,*,#3654,.F.);
#1779=ORIENTED_EDGE('',*,*,#4060,.F.);
#1780=ORIENTED_EDGE('',*,*,#4061,.T.);
#1781=ORIENTED_EDGE('',*,*,#4062,.T.);
#1782=ORIENTED_EDGE('',*,*,#3655,.F.);
#1783=ORIENTED_EDGE('',*,*,#4062,.F.);
#1784=ORIENTED_EDGE('',*,*,#4063,.T.);
#1785=ORIENTED_EDGE('',*,*,#4064,.T.);
#1786=ORIENTED_EDGE('',*,*,#3656,.F.);
#1787=ORIENTED_EDGE('',*,*,#4064,.F.);
#1788=ORIENTED_EDGE('',*,*,#4065,.T.);
#1789=ORIENTED_EDGE('',*,*,#4066,.T.);
#1790=ORIENTED_EDGE('',*,*,#3657,.F.);
#1791=ORIENTED_EDGE('',*,*,#4066,.F.);
#1792=ORIENTED_EDGE('',*,*,#4067,.T.);
#1793=ORIENTED_EDGE('',*,*,#4068,.T.);
#1794=ORIENTED_EDGE('',*,*,#3658,.F.);
#1795=ORIENTED_EDGE('',*,*,#4068,.F.);
#1796=ORIENTED_EDGE('',*,*,#4069,.T.);
#1797=ORIENTED_EDGE('',*,*,#4070,.T.);
#1798=ORIENTED_EDGE('',*,*,#3659,.F.);
#1799=ORIENTED_EDGE('',*,*,#4070,.F.);
#1800=ORIENTED_EDGE('',*,*,#4071,.T.);
#1801=ORIENTED_EDGE('',*,*,#4072,.T.);
#1802=ORIENTED_EDGE('',*,*,#3660,.F.);
#1803=ORIENTED_EDGE('',*,*,#4072,.F.);
#1804=ORIENTED_EDGE('',*,*,#4073,.T.);
#1805=ORIENTED_EDGE('',*,*,#4074,.T.);
#1806=ORIENTED_EDGE('',*,*,#3661,.F.);
#1807=ORIENTED_EDGE('',*,*,#4074,.F.);
#1808=ORIENTED_EDGE('',*,*,#4075,.T.);
#1809=ORIENTED_EDGE('',*,*,#4076,.T.);
#1810=ORIENTED_EDGE('',*,*,#3662,.F.);
#1811=ORIENTED_EDGE('',*,*,#4076,.F.);
#1812=ORIENTED_EDGE('',*,*,#4077,.T.);
#1813=ORIENTED_EDGE('',*,*,#4078,.T.);
#1814=ORIENTED_EDGE('',*,*,#3663,.F.);
#1815=ORIENTED_EDGE('',*,*,#4078,.F.);
#1816=ORIENTED_EDGE('',*,*,#4079,.T.);
#1817=ORIENTED_EDGE('',*,*,#4080,.T.);
#1818=ORIENTED_EDGE('',*,*,#3664,.F.);
#1819=ORIENTED_EDGE('',*,*,#4080,.F.);
#1820=ORIENTED_EDGE('',*,*,#4081,.T.);
#1821=ORIENTED_EDGE('',*,*,#4082,.T.);
#1822=ORIENTED_EDGE('',*,*,#3665,.F.);
#1823=ORIENTED_EDGE('',*,*,#4082,.F.);
#1824=ORIENTED_EDGE('',*,*,#4083,.T.);
#1825=ORIENTED_EDGE('',*,*,#4084,.T.);
#1826=ORIENTED_EDGE('',*,*,#3666,.F.);
#1827=ORIENTED_EDGE('',*,*,#4084,.F.);
#1828=ORIENTED_EDGE('',*,*,#4085,.T.);
#1829=ORIENTED_EDGE('',*,*,#4046,.T.);
#1830=ORIENTED_EDGE('',*,*,#4047,.F.);
#1831=ORIENTED_EDGE('',*,*,#4085,.F.);
#1832=ORIENTED_EDGE('',*,*,#4083,.F.);
#1833=ORIENTED_EDGE('',*,*,#4081,.F.);
#1834=ORIENTED_EDGE('',*,*,#4079,.F.);
#1835=ORIENTED_EDGE('',*,*,#4077,.F.);
#1836=ORIENTED_EDGE('',*,*,#4075,.F.);
#1837=ORIENTED_EDGE('',*,*,#4073,.F.);
#1838=ORIENTED_EDGE('',*,*,#4071,.F.);
#1839=ORIENTED_EDGE('',*,*,#4069,.F.);
#1840=ORIENTED_EDGE('',*,*,#4067,.F.);
#1841=ORIENTED_EDGE('',*,*,#4065,.F.);
#1842=ORIENTED_EDGE('',*,*,#4063,.F.);
#1843=ORIENTED_EDGE('',*,*,#4061,.F.);
#1844=ORIENTED_EDGE('',*,*,#4059,.F.);
#1845=ORIENTED_EDGE('',*,*,#4057,.F.);
#1846=ORIENTED_EDGE('',*,*,#4055,.F.);
#1847=ORIENTED_EDGE('',*,*,#4053,.F.);
#1848=ORIENTED_EDGE('',*,*,#4051,.F.);
#1849=ORIENTED_EDGE('',*,*,#4049,.F.);
#1850=ORIENTED_EDGE('',*,*,#3510,.F.);
#1851=ORIENTED_EDGE('',*,*,#4086,.F.);
#1852=ORIENTED_EDGE('',*,*,#4087,.T.);
#1853=ORIENTED_EDGE('',*,*,#4088,.T.);
#1854=ORIENTED_EDGE('',*,*,#3511,.F.);
#1855=ORIENTED_EDGE('',*,*,#4088,.F.);
#1856=ORIENTED_EDGE('',*,*,#4089,.T.);
#1857=ORIENTED_EDGE('',*,*,#4090,.T.);
#1858=ORIENTED_EDGE('',*,*,#3512,.F.);
#1859=ORIENTED_EDGE('',*,*,#4090,.F.);
#1860=ORIENTED_EDGE('',*,*,#4091,.T.);
#1861=ORIENTED_EDGE('',*,*,#4092,.T.);
#1862=ORIENTED_EDGE('',*,*,#3513,.F.);
#1863=ORIENTED_EDGE('',*,*,#4092,.F.);
#1864=ORIENTED_EDGE('',*,*,#4093,.T.);
#1865=ORIENTED_EDGE('',*,*,#4094,.T.);
#1866=ORIENTED_EDGE('',*,*,#3514,.F.);
#1867=ORIENTED_EDGE('',*,*,#4094,.F.);
#1868=ORIENTED_EDGE('',*,*,#4095,.T.);
#1869=ORIENTED_EDGE('',*,*,#4096,.T.);
#1870=ORIENTED_EDGE('',*,*,#3515,.F.);
#1871=ORIENTED_EDGE('',*,*,#4096,.F.);
#1872=ORIENTED_EDGE('',*,*,#4097,.T.);
#1873=ORIENTED_EDGE('',*,*,#4098,.T.);
#1874=ORIENTED_EDGE('',*,*,#3516,.F.);
#1875=ORIENTED_EDGE('',*,*,#4098,.F.);
#1876=ORIENTED_EDGE('',*,*,#4099,.T.);
#1877=ORIENTED_EDGE('',*,*,#4100,.T.);
#1878=ORIENTED_EDGE('',*,*,#3517,.F.);
#1879=ORIENTED_EDGE('',*,*,#4100,.F.);
#1880=ORIENTED_EDGE('',*,*,#4101,.T.);
#1881=ORIENTED_EDGE('',*,*,#4102,.T.);
#1882=ORIENTED_EDGE('',*,*,#3518,.F.);
#1883=ORIENTED_EDGE('',*,*,#4102,.F.);
#1884=ORIENTED_EDGE('',*,*,#4103,.T.);
#1885=ORIENTED_EDGE('',*,*,#4104,.T.);
#1886=ORIENTED_EDGE('',*,*,#3519,.F.);
#1887=ORIENTED_EDGE('',*,*,#4104,.F.);
#1888=ORIENTED_EDGE('',*,*,#4105,.T.);
#1889=ORIENTED_EDGE('',*,*,#4106,.T.);
#1890=ORIENTED_EDGE('',*,*,#3520,.F.);
#1891=ORIENTED_EDGE('',*,*,#4106,.F.);
#1892=ORIENTED_EDGE('',*,*,#4107,.T.);
#1893=ORIENTED_EDGE('',*,*,#4108,.T.);
#1894=ORIENTED_EDGE('',*,*,#3521,.F.);
#1895=ORIENTED_EDGE('',*,*,#4108,.F.);
#1896=ORIENTED_EDGE('',*,*,#4109,.T.);
#1897=ORIENTED_EDGE('',*,*,#4110,.T.);
#1898=ORIENTED_EDGE('',*,*,#3522,.F.);
#1899=ORIENTED_EDGE('',*,*,#4110,.F.);
#1900=ORIENTED_EDGE('',*,*,#4111,.T.);
#1901=ORIENTED_EDGE('',*,*,#4112,.T.);
#1902=ORIENTED_EDGE('',*,*,#3523,.F.);
#1903=ORIENTED_EDGE('',*,*,#4112,.F.);
#1904=ORIENTED_EDGE('',*,*,#4113,.T.);
#1905=ORIENTED_EDGE('',*,*,#4114,.T.);
#1906=ORIENTED_EDGE('',*,*,#3524,.F.);
#1907=ORIENTED_EDGE('',*,*,#4114,.F.);
#1908=ORIENTED_EDGE('',*,*,#4115,.T.);
#1909=ORIENTED_EDGE('',*,*,#4116,.T.);
#1910=ORIENTED_EDGE('',*,*,#3525,.F.);
#1911=ORIENTED_EDGE('',*,*,#4116,.F.);
#1912=ORIENTED_EDGE('',*,*,#4117,.T.);
#1913=ORIENTED_EDGE('',*,*,#4118,.T.);
#1914=ORIENTED_EDGE('',*,*,#3526,.F.);
#1915=ORIENTED_EDGE('',*,*,#4118,.F.);
#1916=ORIENTED_EDGE('',*,*,#4119,.T.);
#1917=ORIENTED_EDGE('',*,*,#4120,.T.);
#1918=ORIENTED_EDGE('',*,*,#3527,.F.);
#1919=ORIENTED_EDGE('',*,*,#4120,.F.);
#1920=ORIENTED_EDGE('',*,*,#4121,.T.);
#1921=ORIENTED_EDGE('',*,*,#4122,.T.);
#1922=ORIENTED_EDGE('',*,*,#3528,.F.);
#1923=ORIENTED_EDGE('',*,*,#4122,.F.);
#1924=ORIENTED_EDGE('',*,*,#4123,.T.);
#1925=ORIENTED_EDGE('',*,*,#4124,.T.);
#1926=ORIENTED_EDGE('',*,*,#3529,.F.);
#1927=ORIENTED_EDGE('',*,*,#4124,.F.);
#1928=ORIENTED_EDGE('',*,*,#4125,.T.);
#1929=ORIENTED_EDGE('',*,*,#4126,.T.);
#1930=ORIENTED_EDGE('',*,*,#3530,.F.);
#1931=ORIENTED_EDGE('',*,*,#4126,.F.);
#1932=ORIENTED_EDGE('',*,*,#4127,.T.);
#1933=ORIENTED_EDGE('',*,*,#4128,.T.);
#1934=ORIENTED_EDGE('',*,*,#3531,.F.);
#1935=ORIENTED_EDGE('',*,*,#4128,.F.);
#1936=ORIENTED_EDGE('',*,*,#4129,.T.);
#1937=ORIENTED_EDGE('',*,*,#4130,.T.);
#1938=ORIENTED_EDGE('',*,*,#3532,.F.);
#1939=ORIENTED_EDGE('',*,*,#4130,.F.);
#1940=ORIENTED_EDGE('',*,*,#4131,.T.);
#1941=ORIENTED_EDGE('',*,*,#4132,.T.);
#1942=ORIENTED_EDGE('',*,*,#3533,.F.);
#1943=ORIENTED_EDGE('',*,*,#4132,.F.);
#1944=ORIENTED_EDGE('',*,*,#4133,.T.);
#1945=ORIENTED_EDGE('',*,*,#4134,.T.);
#1946=ORIENTED_EDGE('',*,*,#3534,.F.);
#1947=ORIENTED_EDGE('',*,*,#4134,.F.);
#1948=ORIENTED_EDGE('',*,*,#4135,.T.);
#1949=ORIENTED_EDGE('',*,*,#4136,.T.);
#1950=ORIENTED_EDGE('',*,*,#3535,.F.);
#1951=ORIENTED_EDGE('',*,*,#4136,.F.);
#1952=ORIENTED_EDGE('',*,*,#4137,.T.);
#1953=ORIENTED_EDGE('',*,*,#4138,.T.);
#1954=ORIENTED_EDGE('',*,*,#3536,.F.);
#1955=ORIENTED_EDGE('',*,*,#4138,.F.);
#1956=ORIENTED_EDGE('',*,*,#4139,.T.);
#1957=ORIENTED_EDGE('',*,*,#4140,.T.);
#1958=ORIENTED_EDGE('',*,*,#3537,.F.);
#1959=ORIENTED_EDGE('',*,*,#4140,.F.);
#1960=ORIENTED_EDGE('',*,*,#4141,.T.);
#1961=ORIENTED_EDGE('',*,*,#4142,.T.);
#1962=ORIENTED_EDGE('',*,*,#3538,.F.);
#1963=ORIENTED_EDGE('',*,*,#4142,.F.);
#1964=ORIENTED_EDGE('',*,*,#4143,.T.);
#1965=ORIENTED_EDGE('',*,*,#4144,.T.);
#1966=ORIENTED_EDGE('',*,*,#3539,.F.);
#1967=ORIENTED_EDGE('',*,*,#4144,.F.);
#1968=ORIENTED_EDGE('',*,*,#4145,.T.);
#1969=ORIENTED_EDGE('',*,*,#4146,.T.);
#1970=ORIENTED_EDGE('',*,*,#3540,.F.);
#1971=ORIENTED_EDGE('',*,*,#4146,.F.);
#1972=ORIENTED_EDGE('',*,*,#4147,.T.);
#1973=ORIENTED_EDGE('',*,*,#4148,.T.);
#1974=ORIENTED_EDGE('',*,*,#3541,.F.);
#1975=ORIENTED_EDGE('',*,*,#4148,.F.);
#1976=ORIENTED_EDGE('',*,*,#4149,.T.);
#1977=ORIENTED_EDGE('',*,*,#4150,.T.);
#1978=ORIENTED_EDGE('',*,*,#3542,.F.);
#1979=ORIENTED_EDGE('',*,*,#4150,.F.);
#1980=ORIENTED_EDGE('',*,*,#4151,.T.);
#1981=ORIENTED_EDGE('',*,*,#4152,.T.);
#1982=ORIENTED_EDGE('',*,*,#3543,.F.);
#1983=ORIENTED_EDGE('',*,*,#4152,.F.);
#1984=ORIENTED_EDGE('',*,*,#4153,.T.);
#1985=ORIENTED_EDGE('',*,*,#4154,.T.);
#1986=ORIENTED_EDGE('',*,*,#3544,.F.);
#1987=ORIENTED_EDGE('',*,*,#4154,.F.);
#1988=ORIENTED_EDGE('',*,*,#4155,.T.);
#1989=ORIENTED_EDGE('',*,*,#4156,.T.);
#1990=ORIENTED_EDGE('',*,*,#3545,.F.);
#1991=ORIENTED_EDGE('',*,*,#4156,.F.);
#1992=ORIENTED_EDGE('',*,*,#4157,.T.);
#1993=ORIENTED_EDGE('',*,*,#4086,.T.);
#1994=ORIENTED_EDGE('',*,*,#4087,.F.);
#1995=ORIENTED_EDGE('',*,*,#4157,.F.);
#1996=ORIENTED_EDGE('',*,*,#4155,.F.);
#1997=ORIENTED_EDGE('',*,*,#4153,.F.);
#1998=ORIENTED_EDGE('',*,*,#4151,.F.);
#1999=ORIENTED_EDGE('',*,*,#4149,.F.);
#2000=ORIENTED_EDGE('',*,*,#4147,.F.);
#2001=ORIENTED_EDGE('',*,*,#4145,.F.);
#2002=ORIENTED_EDGE('',*,*,#4143,.F.);
#2003=ORIENTED_EDGE('',*,*,#4141,.F.);
#2004=ORIENTED_EDGE('',*,*,#4139,.F.);
#2005=ORIENTED_EDGE('',*,*,#4137,.F.);
#2006=ORIENTED_EDGE('',*,*,#4135,.F.);
#2007=ORIENTED_EDGE('',*,*,#4133,.F.);
#2008=ORIENTED_EDGE('',*,*,#4131,.F.);
#2009=ORIENTED_EDGE('',*,*,#4129,.F.);
#2010=ORIENTED_EDGE('',*,*,#4127,.F.);
#2011=ORIENTED_EDGE('',*,*,#4125,.F.);
#2012=ORIENTED_EDGE('',*,*,#4123,.F.);
#2013=ORIENTED_EDGE('',*,*,#4121,.F.);
#2014=ORIENTED_EDGE('',*,*,#4119,.F.);
#2015=ORIENTED_EDGE('',*,*,#4117,.F.);
#2016=ORIENTED_EDGE('',*,*,#4115,.F.);
#2017=ORIENTED_EDGE('',*,*,#4113,.F.);
#2018=ORIENTED_EDGE('',*,*,#4111,.F.);
#2019=ORIENTED_EDGE('',*,*,#4109,.F.);
#2020=ORIENTED_EDGE('',*,*,#4107,.F.);
#2021=ORIENTED_EDGE('',*,*,#4105,.F.);
#2022=ORIENTED_EDGE('',*,*,#4103,.F.);
#2023=ORIENTED_EDGE('',*,*,#4101,.F.);
#2024=ORIENTED_EDGE('',*,*,#4099,.F.);
#2025=ORIENTED_EDGE('',*,*,#4097,.F.);
#2026=ORIENTED_EDGE('',*,*,#4095,.F.);
#2027=ORIENTED_EDGE('',*,*,#4093,.F.);
#2028=ORIENTED_EDGE('',*,*,#4091,.F.);
#2029=ORIENTED_EDGE('',*,*,#4089,.F.);
#2030=ORIENTED_EDGE('',*,*,#3667,.F.);
#2031=ORIENTED_EDGE('',*,*,#4158,.F.);
#2032=ORIENTED_EDGE('',*,*,#4159,.T.);
#2033=ORIENTED_EDGE('',*,*,#4160,.T.);
#2034=ORIENTED_EDGE('',*,*,#3668,.F.);
#2035=ORIENTED_EDGE('',*,*,#4160,.F.);
#2036=ORIENTED_EDGE('',*,*,#4161,.T.);
#2037=ORIENTED_EDGE('',*,*,#4162,.T.);
#2038=ORIENTED_EDGE('',*,*,#3669,.F.);
#2039=ORIENTED_EDGE('',*,*,#4162,.F.);
#2040=ORIENTED_EDGE('',*,*,#4163,.T.);
#2041=ORIENTED_EDGE('',*,*,#4164,.T.);
#2042=ORIENTED_EDGE('',*,*,#3670,.F.);
#2043=ORIENTED_EDGE('',*,*,#4164,.F.);
#2044=ORIENTED_EDGE('',*,*,#4165,.T.);
#2045=ORIENTED_EDGE('',*,*,#4166,.T.);
#2046=ORIENTED_EDGE('',*,*,#3671,.F.);
#2047=ORIENTED_EDGE('',*,*,#4166,.F.);
#2048=ORIENTED_EDGE('',*,*,#4167,.T.);
#2049=ORIENTED_EDGE('',*,*,#4168,.T.);
#2050=ORIENTED_EDGE('',*,*,#3672,.F.);
#2051=ORIENTED_EDGE('',*,*,#4168,.F.);
#2052=ORIENTED_EDGE('',*,*,#4169,.T.);
#2053=ORIENTED_EDGE('',*,*,#4170,.T.);
#2054=ORIENTED_EDGE('',*,*,#3673,.F.);
#2055=ORIENTED_EDGE('',*,*,#4170,.F.);
#2056=ORIENTED_EDGE('',*,*,#4171,.T.);
#2057=ORIENTED_EDGE('',*,*,#4172,.T.);
#2058=ORIENTED_EDGE('',*,*,#3674,.F.);
#2059=ORIENTED_EDGE('',*,*,#4172,.F.);
#2060=ORIENTED_EDGE('',*,*,#4173,.T.);
#2061=ORIENTED_EDGE('',*,*,#4174,.T.);
#2062=ORIENTED_EDGE('',*,*,#3675,.F.);
#2063=ORIENTED_EDGE('',*,*,#4174,.F.);
#2064=ORIENTED_EDGE('',*,*,#4175,.T.);
#2065=ORIENTED_EDGE('',*,*,#4176,.T.);
#2066=ORIENTED_EDGE('',*,*,#3676,.F.);
#2067=ORIENTED_EDGE('',*,*,#4176,.F.);
#2068=ORIENTED_EDGE('',*,*,#4177,.T.);
#2069=ORIENTED_EDGE('',*,*,#4178,.T.);
#2070=ORIENTED_EDGE('',*,*,#3677,.F.);
#2071=ORIENTED_EDGE('',*,*,#4178,.F.);
#2072=ORIENTED_EDGE('',*,*,#4179,.T.);
#2073=ORIENTED_EDGE('',*,*,#4180,.T.);
#2074=ORIENTED_EDGE('',*,*,#3678,.F.);
#2075=ORIENTED_EDGE('',*,*,#4180,.F.);
#2076=ORIENTED_EDGE('',*,*,#4181,.T.);
#2077=ORIENTED_EDGE('',*,*,#4182,.T.);
#2078=ORIENTED_EDGE('',*,*,#3679,.F.);
#2079=ORIENTED_EDGE('',*,*,#4182,.F.);
#2080=ORIENTED_EDGE('',*,*,#4183,.T.);
#2081=ORIENTED_EDGE('',*,*,#4184,.T.);
#2082=ORIENTED_EDGE('',*,*,#3680,.F.);
#2083=ORIENTED_EDGE('',*,*,#4184,.F.);
#2084=ORIENTED_EDGE('',*,*,#4185,.T.);
#2085=ORIENTED_EDGE('',*,*,#4186,.T.);
#2086=ORIENTED_EDGE('',*,*,#3681,.F.);
#2087=ORIENTED_EDGE('',*,*,#4186,.F.);
#2088=ORIENTED_EDGE('',*,*,#4187,.T.);
#2089=ORIENTED_EDGE('',*,*,#4188,.T.);
#2090=ORIENTED_EDGE('',*,*,#3682,.F.);
#2091=ORIENTED_EDGE('',*,*,#4188,.F.);
#2092=ORIENTED_EDGE('',*,*,#4189,.T.);
#2093=ORIENTED_EDGE('',*,*,#4190,.T.);
#2094=ORIENTED_EDGE('',*,*,#3683,.F.);
#2095=ORIENTED_EDGE('',*,*,#4190,.F.);
#2096=ORIENTED_EDGE('',*,*,#4191,.T.);
#2097=ORIENTED_EDGE('',*,*,#4192,.T.);
#2098=ORIENTED_EDGE('',*,*,#3684,.F.);
#2099=ORIENTED_EDGE('',*,*,#4192,.F.);
#2100=ORIENTED_EDGE('',*,*,#4193,.T.);
#2101=ORIENTED_EDGE('',*,*,#4194,.T.);
#2102=ORIENTED_EDGE('',*,*,#3685,.F.);
#2103=ORIENTED_EDGE('',*,*,#4194,.F.);
#2104=ORIENTED_EDGE('',*,*,#4195,.T.);
#2105=ORIENTED_EDGE('',*,*,#4196,.T.);
#2106=ORIENTED_EDGE('',*,*,#3686,.F.);
#2107=ORIENTED_EDGE('',*,*,#4196,.F.);
#2108=ORIENTED_EDGE('',*,*,#4197,.T.);
#2109=ORIENTED_EDGE('',*,*,#4198,.T.);
#2110=ORIENTED_EDGE('',*,*,#3687,.F.);
#2111=ORIENTED_EDGE('',*,*,#4198,.F.);
#2112=ORIENTED_EDGE('',*,*,#4199,.T.);
#2113=ORIENTED_EDGE('',*,*,#4200,.T.);
#2114=ORIENTED_EDGE('',*,*,#3688,.F.);
#2115=ORIENTED_EDGE('',*,*,#4200,.F.);
#2116=ORIENTED_EDGE('',*,*,#4201,.T.);
#2117=ORIENTED_EDGE('',*,*,#4158,.T.);
#2118=ORIENTED_EDGE('',*,*,#4159,.F.);
#2119=ORIENTED_EDGE('',*,*,#4201,.F.);
#2120=ORIENTED_EDGE('',*,*,#4199,.F.);
#2121=ORIENTED_EDGE('',*,*,#4197,.F.);
#2122=ORIENTED_EDGE('',*,*,#4195,.F.);
#2123=ORIENTED_EDGE('',*,*,#4193,.F.);
#2124=ORIENTED_EDGE('',*,*,#4191,.F.);
#2125=ORIENTED_EDGE('',*,*,#4189,.F.);
#2126=ORIENTED_EDGE('',*,*,#4187,.F.);
#2127=ORIENTED_EDGE('',*,*,#4185,.F.);
#2128=ORIENTED_EDGE('',*,*,#4183,.F.);
#2129=ORIENTED_EDGE('',*,*,#4181,.F.);
#2130=ORIENTED_EDGE('',*,*,#4179,.F.);
#2131=ORIENTED_EDGE('',*,*,#4177,.F.);
#2132=ORIENTED_EDGE('',*,*,#4175,.F.);
#2133=ORIENTED_EDGE('',*,*,#4173,.F.);
#2134=ORIENTED_EDGE('',*,*,#4171,.F.);
#2135=ORIENTED_EDGE('',*,*,#4169,.F.);
#2136=ORIENTED_EDGE('',*,*,#4167,.F.);
#2137=ORIENTED_EDGE('',*,*,#4165,.F.);
#2138=ORIENTED_EDGE('',*,*,#4163,.F.);
#2139=ORIENTED_EDGE('',*,*,#4161,.F.);
#2140=ORIENTED_EDGE('',*,*,#3496,.F.);
#2141=ORIENTED_EDGE('',*,*,#4202,.F.);
#2142=ORIENTED_EDGE('',*,*,#4203,.T.);
#2143=ORIENTED_EDGE('',*,*,#4204,.T.);
#2144=ORIENTED_EDGE('',*,*,#3497,.F.);
#2145=ORIENTED_EDGE('',*,*,#4204,.F.);
#2146=ORIENTED_EDGE('',*,*,#4205,.T.);
#2147=ORIENTED_EDGE('',*,*,#4206,.T.);
#2148=ORIENTED_EDGE('',*,*,#3498,.F.);
#2149=ORIENTED_EDGE('',*,*,#4206,.F.);
#2150=ORIENTED_EDGE('',*,*,#4207,.T.);
#2151=ORIENTED_EDGE('',*,*,#4208,.T.);
#2152=ORIENTED_EDGE('',*,*,#3499,.F.);
#2153=ORIENTED_EDGE('',*,*,#4208,.F.);
#2154=ORIENTED_EDGE('',*,*,#4209,.T.);
#2155=ORIENTED_EDGE('',*,*,#4210,.T.);
#2156=ORIENTED_EDGE('',*,*,#3500,.F.);
#2157=ORIENTED_EDGE('',*,*,#4210,.F.);
#2158=ORIENTED_EDGE('',*,*,#4211,.T.);
#2159=ORIENTED_EDGE('',*,*,#4212,.T.);
#2160=ORIENTED_EDGE('',*,*,#3501,.F.);
#2161=ORIENTED_EDGE('',*,*,#4212,.F.);
#2162=ORIENTED_EDGE('',*,*,#4213,.T.);
#2163=ORIENTED_EDGE('',*,*,#4214,.T.);
#2164=ORIENTED_EDGE('',*,*,#3502,.F.);
#2165=ORIENTED_EDGE('',*,*,#4214,.F.);
#2166=ORIENTED_EDGE('',*,*,#4215,.T.);
#2167=ORIENTED_EDGE('',*,*,#4216,.T.);
#2168=ORIENTED_EDGE('',*,*,#3503,.F.);
#2169=ORIENTED_EDGE('',*,*,#4216,.F.);
#2170=ORIENTED_EDGE('',*,*,#4217,.T.);
#2171=ORIENTED_EDGE('',*,*,#4218,.T.);
#2172=ORIENTED_EDGE('',*,*,#3504,.F.);
#2173=ORIENTED_EDGE('',*,*,#4218,.F.);
#2174=ORIENTED_EDGE('',*,*,#4219,.T.);
#2175=ORIENTED_EDGE('',*,*,#4220,.T.);
#2176=ORIENTED_EDGE('',*,*,#3505,.F.);
#2177=ORIENTED_EDGE('',*,*,#4220,.F.);
#2178=ORIENTED_EDGE('',*,*,#4221,.T.);
#2179=ORIENTED_EDGE('',*,*,#4222,.T.);
#2180=ORIENTED_EDGE('',*,*,#3506,.F.);
#2181=ORIENTED_EDGE('',*,*,#4222,.F.);
#2182=ORIENTED_EDGE('',*,*,#4223,.T.);
#2183=ORIENTED_EDGE('',*,*,#4224,.T.);
#2184=ORIENTED_EDGE('',*,*,#3507,.F.);
#2185=ORIENTED_EDGE('',*,*,#4224,.F.);
#2186=ORIENTED_EDGE('',*,*,#4225,.T.);
#2187=ORIENTED_EDGE('',*,*,#4226,.T.);
#2188=ORIENTED_EDGE('',*,*,#3508,.F.);
#2189=ORIENTED_EDGE('',*,*,#4226,.F.);
#2190=ORIENTED_EDGE('',*,*,#4227,.T.);
#2191=ORIENTED_EDGE('',*,*,#4228,.T.);
#2192=ORIENTED_EDGE('',*,*,#3509,.F.);
#2193=ORIENTED_EDGE('',*,*,#4228,.F.);
#2194=ORIENTED_EDGE('',*,*,#4229,.T.);
#2195=ORIENTED_EDGE('',*,*,#4202,.T.);
#2196=ORIENTED_EDGE('',*,*,#4203,.F.);
#2197=ORIENTED_EDGE('',*,*,#4229,.F.);
#2198=ORIENTED_EDGE('',*,*,#4227,.F.);
#2199=ORIENTED_EDGE('',*,*,#4225,.F.);
#2200=ORIENTED_EDGE('',*,*,#4223,.F.);
#2201=ORIENTED_EDGE('',*,*,#4221,.F.);
#2202=ORIENTED_EDGE('',*,*,#4219,.F.);
#2203=ORIENTED_EDGE('',*,*,#4217,.F.);
#2204=ORIENTED_EDGE('',*,*,#4215,.F.);
#2205=ORIENTED_EDGE('',*,*,#4213,.F.);
#2206=ORIENTED_EDGE('',*,*,#4211,.F.);
#2207=ORIENTED_EDGE('',*,*,#4209,.F.);
#2208=ORIENTED_EDGE('',*,*,#4207,.F.);
#2209=ORIENTED_EDGE('',*,*,#4205,.F.);
#2210=ORIENTED_EDGE('',*,*,#3689,.F.);
#2211=ORIENTED_EDGE('',*,*,#4230,.F.);
#2212=ORIENTED_EDGE('',*,*,#4231,.T.);
#2213=ORIENTED_EDGE('',*,*,#4232,.T.);
#2214=ORIENTED_EDGE('',*,*,#3690,.F.);
#2215=ORIENTED_EDGE('',*,*,#4232,.F.);
#2216=ORIENTED_EDGE('',*,*,#4233,.T.);
#2217=ORIENTED_EDGE('',*,*,#4234,.T.);
#2218=ORIENTED_EDGE('',*,*,#3691,.F.);
#2219=ORIENTED_EDGE('',*,*,#4234,.F.);
#2220=ORIENTED_EDGE('',*,*,#4235,.T.);
#2221=ORIENTED_EDGE('',*,*,#4236,.T.);
#2222=ORIENTED_EDGE('',*,*,#3692,.F.);
#2223=ORIENTED_EDGE('',*,*,#4236,.F.);
#2224=ORIENTED_EDGE('',*,*,#4237,.T.);
#2225=ORIENTED_EDGE('',*,*,#4238,.T.);
#2226=ORIENTED_EDGE('',*,*,#3693,.F.);
#2227=ORIENTED_EDGE('',*,*,#4238,.F.);
#2228=ORIENTED_EDGE('',*,*,#4239,.T.);
#2229=ORIENTED_EDGE('',*,*,#4240,.T.);
#2230=ORIENTED_EDGE('',*,*,#3694,.F.);
#2231=ORIENTED_EDGE('',*,*,#4240,.F.);
#2232=ORIENTED_EDGE('',*,*,#4241,.T.);
#2233=ORIENTED_EDGE('',*,*,#4242,.T.);
#2234=ORIENTED_EDGE('',*,*,#3695,.F.);
#2235=ORIENTED_EDGE('',*,*,#4242,.F.);
#2236=ORIENTED_EDGE('',*,*,#4243,.T.);
#2237=ORIENTED_EDGE('',*,*,#4244,.T.);
#2238=ORIENTED_EDGE('',*,*,#3696,.F.);
#2239=ORIENTED_EDGE('',*,*,#4244,.F.);
#2240=ORIENTED_EDGE('',*,*,#4245,.T.);
#2241=ORIENTED_EDGE('',*,*,#4230,.T.);
#2242=ORIENTED_EDGE('',*,*,#4231,.F.);
#2243=ORIENTED_EDGE('',*,*,#4245,.F.);
#2244=ORIENTED_EDGE('',*,*,#4243,.F.);
#2245=ORIENTED_EDGE('',*,*,#4241,.F.);
#2246=ORIENTED_EDGE('',*,*,#4239,.F.);
#2247=ORIENTED_EDGE('',*,*,#4237,.F.);
#2248=ORIENTED_EDGE('',*,*,#4235,.F.);
#2249=ORIENTED_EDGE('',*,*,#4233,.F.);
#2250=ORIENTED_EDGE('',*,*,#3476,.F.);
#2251=ORIENTED_EDGE('',*,*,#4246,.F.);
#2252=ORIENTED_EDGE('',*,*,#4247,.T.);
#2253=ORIENTED_EDGE('',*,*,#4248,.T.);
#2254=ORIENTED_EDGE('',*,*,#3477,.F.);
#2255=ORIENTED_EDGE('',*,*,#4248,.F.);
#2256=ORIENTED_EDGE('',*,*,#4249,.T.);
#2257=ORIENTED_EDGE('',*,*,#4250,.T.);
#2258=ORIENTED_EDGE('',*,*,#3478,.F.);
#2259=ORIENTED_EDGE('',*,*,#4250,.F.);
#2260=ORIENTED_EDGE('',*,*,#4251,.T.);
#2261=ORIENTED_EDGE('',*,*,#4252,.T.);
#2262=ORIENTED_EDGE('',*,*,#3479,.F.);
#2263=ORIENTED_EDGE('',*,*,#4252,.F.);
#2264=ORIENTED_EDGE('',*,*,#4253,.T.);
#2265=ORIENTED_EDGE('',*,*,#4254,.T.);
#2266=ORIENTED_EDGE('',*,*,#3480,.F.);
#2267=ORIENTED_EDGE('',*,*,#4254,.F.);
#2268=ORIENTED_EDGE('',*,*,#4255,.T.);
#2269=ORIENTED_EDGE('',*,*,#4256,.T.);
#2270=ORIENTED_EDGE('',*,*,#3481,.F.);
#2271=ORIENTED_EDGE('',*,*,#4256,.F.);
#2272=ORIENTED_EDGE('',*,*,#4257,.T.);
#2273=ORIENTED_EDGE('',*,*,#4258,.T.);
#2274=ORIENTED_EDGE('',*,*,#3482,.F.);
#2275=ORIENTED_EDGE('',*,*,#4258,.F.);
#2276=ORIENTED_EDGE('',*,*,#4259,.T.);
#2277=ORIENTED_EDGE('',*,*,#4260,.T.);
#2278=ORIENTED_EDGE('',*,*,#3483,.F.);
#2279=ORIENTED_EDGE('',*,*,#4260,.F.);
#2280=ORIENTED_EDGE('',*,*,#4261,.T.);
#2281=ORIENTED_EDGE('',*,*,#4262,.T.);
#2282=ORIENTED_EDGE('',*,*,#3484,.F.);
#2283=ORIENTED_EDGE('',*,*,#4262,.F.);
#2284=ORIENTED_EDGE('',*,*,#4263,.T.);
#2285=ORIENTED_EDGE('',*,*,#4264,.T.);
#2286=ORIENTED_EDGE('',*,*,#3485,.F.);
#2287=ORIENTED_EDGE('',*,*,#4264,.F.);
#2288=ORIENTED_EDGE('',*,*,#4265,.T.);
#2289=ORIENTED_EDGE('',*,*,#4266,.T.);
#2290=ORIENTED_EDGE('',*,*,#3486,.F.);
#2291=ORIENTED_EDGE('',*,*,#4266,.F.);
#2292=ORIENTED_EDGE('',*,*,#4267,.T.);
#2293=ORIENTED_EDGE('',*,*,#4268,.T.);
#2294=ORIENTED_EDGE('',*,*,#3487,.F.);
#2295=ORIENTED_EDGE('',*,*,#4268,.F.);
#2296=ORIENTED_EDGE('',*,*,#4269,.T.);
#2297=ORIENTED_EDGE('',*,*,#4270,.T.);
#2298=ORIENTED_EDGE('',*,*,#3488,.F.);
#2299=ORIENTED_EDGE('',*,*,#4270,.F.);
#2300=ORIENTED_EDGE('',*,*,#4271,.T.);
#2301=ORIENTED_EDGE('',*,*,#4272,.T.);
#2302=ORIENTED_EDGE('',*,*,#3489,.F.);
#2303=ORIENTED_EDGE('',*,*,#4272,.F.);
#2304=ORIENTED_EDGE('',*,*,#4273,.T.);
#2305=ORIENTED_EDGE('',*,*,#4274,.T.);
#2306=ORIENTED_EDGE('',*,*,#3490,.F.);
#2307=ORIENTED_EDGE('',*,*,#4274,.F.);
#2308=ORIENTED_EDGE('',*,*,#4275,.T.);
#2309=ORIENTED_EDGE('',*,*,#4276,.T.);
#2310=ORIENTED_EDGE('',*,*,#3491,.F.);
#2311=ORIENTED_EDGE('',*,*,#4276,.F.);
#2312=ORIENTED_EDGE('',*,*,#4277,.T.);
#2313=ORIENTED_EDGE('',*,*,#4278,.T.);
#2314=ORIENTED_EDGE('',*,*,#3492,.F.);
#2315=ORIENTED_EDGE('',*,*,#4278,.F.);
#2316=ORIENTED_EDGE('',*,*,#4279,.T.);
#2317=ORIENTED_EDGE('',*,*,#4280,.T.);
#2318=ORIENTED_EDGE('',*,*,#3493,.F.);
#2319=ORIENTED_EDGE('',*,*,#4280,.F.);
#2320=ORIENTED_EDGE('',*,*,#4281,.T.);
#2321=ORIENTED_EDGE('',*,*,#4282,.T.);
#2322=ORIENTED_EDGE('',*,*,#3494,.F.);
#2323=ORIENTED_EDGE('',*,*,#4282,.F.);
#2324=ORIENTED_EDGE('',*,*,#4283,.T.);
#2325=ORIENTED_EDGE('',*,*,#4284,.T.);
#2326=ORIENTED_EDGE('',*,*,#4285,.F.);
#2327=ORIENTED_EDGE('',*,*,#4286,.F.);
#2328=ORIENTED_EDGE('',*,*,#4287,.T.);
#2329=ORIENTED_EDGE('',*,*,#4288,.T.);
#2330=ORIENTED_EDGE('',*,*,#4289,.F.);
#2331=ORIENTED_EDGE('',*,*,#4288,.F.);
#2332=ORIENTED_EDGE('',*,*,#4290,.T.);
#2333=ORIENTED_EDGE('',*,*,#4291,.T.);
#2334=ORIENTED_EDGE('',*,*,#4292,.F.);
#2335=ORIENTED_EDGE('',*,*,#4291,.F.);
#2336=ORIENTED_EDGE('',*,*,#4293,.T.);
#2337=ORIENTED_EDGE('',*,*,#4294,.T.);
#2338=ORIENTED_EDGE('',*,*,#4295,.F.);
#2339=ORIENTED_EDGE('',*,*,#4294,.F.);
#2340=ORIENTED_EDGE('',*,*,#4296,.T.);
#2341=ORIENTED_EDGE('',*,*,#4297,.T.);
#2342=ORIENTED_EDGE('',*,*,#4298,.F.);
#2343=ORIENTED_EDGE('',*,*,#4297,.F.);
#2344=ORIENTED_EDGE('',*,*,#4299,.T.);
#2345=ORIENTED_EDGE('',*,*,#4300,.T.);
#2346=ORIENTED_EDGE('',*,*,#4301,.F.);
#2347=ORIENTED_EDGE('',*,*,#4300,.F.);
#2348=ORIENTED_EDGE('',*,*,#4302,.T.);
#2349=ORIENTED_EDGE('',*,*,#4303,.T.);
#2350=ORIENTED_EDGE('',*,*,#4304,.F.);
#2351=ORIENTED_EDGE('',*,*,#4303,.F.);
#2352=ORIENTED_EDGE('',*,*,#4305,.T.);
#2353=ORIENTED_EDGE('',*,*,#4306,.T.);
#2354=ORIENTED_EDGE('',*,*,#4307,.F.);
#2355=ORIENTED_EDGE('',*,*,#4306,.F.);
#2356=ORIENTED_EDGE('',*,*,#4308,.T.);
#2357=ORIENTED_EDGE('',*,*,#4309,.T.);
#2358=ORIENTED_EDGE('',*,*,#4310,.F.);
#2359=ORIENTED_EDGE('',*,*,#4309,.F.);
#2360=ORIENTED_EDGE('',*,*,#4311,.T.);
#2361=ORIENTED_EDGE('',*,*,#4312,.T.);
#2362=ORIENTED_EDGE('',*,*,#4313,.F.);
#2363=ORIENTED_EDGE('',*,*,#4312,.F.);
#2364=ORIENTED_EDGE('',*,*,#4314,.T.);
#2365=ORIENTED_EDGE('',*,*,#4286,.T.);
#2366=ORIENTED_EDGE('',*,*,#3495,.F.);
#2367=ORIENTED_EDGE('',*,*,#4284,.F.);
#2368=ORIENTED_EDGE('',*,*,#4315,.T.);
#2369=ORIENTED_EDGE('',*,*,#4246,.T.);
#2370=ORIENTED_EDGE('',*,*,#4287,.F.);
#2371=ORIENTED_EDGE('',*,*,#4314,.F.);
#2372=ORIENTED_EDGE('',*,*,#4311,.F.);
#2373=ORIENTED_EDGE('',*,*,#4308,.F.);
#2374=ORIENTED_EDGE('',*,*,#4305,.F.);
#2375=ORIENTED_EDGE('',*,*,#4302,.F.);
#2376=ORIENTED_EDGE('',*,*,#4299,.F.);
#2377=ORIENTED_EDGE('',*,*,#4296,.F.);
#2378=ORIENTED_EDGE('',*,*,#4293,.F.);
#2379=ORIENTED_EDGE('',*,*,#4290,.F.);
#2380=ORIENTED_EDGE('',*,*,#4247,.F.);
#2381=ORIENTED_EDGE('',*,*,#4315,.F.);
#2382=ORIENTED_EDGE('',*,*,#4283,.F.);
#2383=ORIENTED_EDGE('',*,*,#4281,.F.);
#2384=ORIENTED_EDGE('',*,*,#4279,.F.);
#2385=ORIENTED_EDGE('',*,*,#4277,.F.);
#2386=ORIENTED_EDGE('',*,*,#4275,.F.);
#2387=ORIENTED_EDGE('',*,*,#4273,.F.);
#2388=ORIENTED_EDGE('',*,*,#4271,.F.);
#2389=ORIENTED_EDGE('',*,*,#4269,.F.);
#2390=ORIENTED_EDGE('',*,*,#4267,.F.);
#2391=ORIENTED_EDGE('',*,*,#4265,.F.);
#2392=ORIENTED_EDGE('',*,*,#4263,.F.);
#2393=ORIENTED_EDGE('',*,*,#4261,.F.);
#2394=ORIENTED_EDGE('',*,*,#4259,.F.);
#2395=ORIENTED_EDGE('',*,*,#4257,.F.);
#2396=ORIENTED_EDGE('',*,*,#4255,.F.);
#2397=ORIENTED_EDGE('',*,*,#4253,.F.);
#2398=ORIENTED_EDGE('',*,*,#4251,.F.);
#2399=ORIENTED_EDGE('',*,*,#4249,.F.);
#2400=ORIENTED_EDGE('',*,*,#4285,.T.);
#2401=ORIENTED_EDGE('',*,*,#4289,.T.);
#2402=ORIENTED_EDGE('',*,*,#4292,.T.);
#2403=ORIENTED_EDGE('',*,*,#4295,.T.);
#2404=ORIENTED_EDGE('',*,*,#4298,.T.);
#2405=ORIENTED_EDGE('',*,*,#4301,.T.);
#2406=ORIENTED_EDGE('',*,*,#4304,.T.);
#2407=ORIENTED_EDGE('',*,*,#4307,.T.);
#2408=ORIENTED_EDGE('',*,*,#4310,.T.);
#2409=ORIENTED_EDGE('',*,*,#4313,.T.);
#2410=ORIENTED_EDGE('',*,*,#3697,.F.);
#2411=ORIENTED_EDGE('',*,*,#4316,.F.);
#2412=ORIENTED_EDGE('',*,*,#4317,.T.);
#2413=ORIENTED_EDGE('',*,*,#4318,.T.);
#2414=ORIENTED_EDGE('',*,*,#3698,.F.);
#2415=ORIENTED_EDGE('',*,*,#4318,.F.);
#2416=ORIENTED_EDGE('',*,*,#4319,.T.);
#2417=ORIENTED_EDGE('',*,*,#4320,.T.);
#2418=ORIENTED_EDGE('',*,*,#3699,.F.);
#2419=ORIENTED_EDGE('',*,*,#4320,.F.);
#2420=ORIENTED_EDGE('',*,*,#4321,.T.);
#2421=ORIENTED_EDGE('',*,*,#4322,.T.);
#2422=ORIENTED_EDGE('',*,*,#3700,.F.);
#2423=ORIENTED_EDGE('',*,*,#4322,.F.);
#2424=ORIENTED_EDGE('',*,*,#4323,.T.);
#2425=ORIENTED_EDGE('',*,*,#4324,.T.);
#2426=ORIENTED_EDGE('',*,*,#3701,.F.);
#2427=ORIENTED_EDGE('',*,*,#4324,.F.);
#2428=ORIENTED_EDGE('',*,*,#4325,.T.);
#2429=ORIENTED_EDGE('',*,*,#4326,.T.);
#2430=ORIENTED_EDGE('',*,*,#3702,.F.);
#2431=ORIENTED_EDGE('',*,*,#4326,.F.);
#2432=ORIENTED_EDGE('',*,*,#4327,.T.);
#2433=ORIENTED_EDGE('',*,*,#4328,.T.);
#2434=ORIENTED_EDGE('',*,*,#3703,.F.);
#2435=ORIENTED_EDGE('',*,*,#4328,.F.);
#2436=ORIENTED_EDGE('',*,*,#4329,.T.);
#2437=ORIENTED_EDGE('',*,*,#4330,.T.);
#2438=ORIENTED_EDGE('',*,*,#3704,.F.);
#2439=ORIENTED_EDGE('',*,*,#4330,.F.);
#2440=ORIENTED_EDGE('',*,*,#4331,.T.);
#2441=ORIENTED_EDGE('',*,*,#4332,.T.);
#2442=ORIENTED_EDGE('',*,*,#3705,.F.);
#2443=ORIENTED_EDGE('',*,*,#4332,.F.);
#2444=ORIENTED_EDGE('',*,*,#4333,.T.);
#2445=ORIENTED_EDGE('',*,*,#4334,.T.);
#2446=ORIENTED_EDGE('',*,*,#3706,.F.);
#2447=ORIENTED_EDGE('',*,*,#4334,.F.);
#2448=ORIENTED_EDGE('',*,*,#4335,.T.);
#2449=ORIENTED_EDGE('',*,*,#4336,.T.);
#2450=ORIENTED_EDGE('',*,*,#3707,.F.);
#2451=ORIENTED_EDGE('',*,*,#4336,.F.);
#2452=ORIENTED_EDGE('',*,*,#4337,.T.);
#2453=ORIENTED_EDGE('',*,*,#4338,.T.);
#2454=ORIENTED_EDGE('',*,*,#3708,.F.);
#2455=ORIENTED_EDGE('',*,*,#4338,.F.);
#2456=ORIENTED_EDGE('',*,*,#4339,.T.);
#2457=ORIENTED_EDGE('',*,*,#4340,.T.);
#2458=ORIENTED_EDGE('',*,*,#3709,.F.);
#2459=ORIENTED_EDGE('',*,*,#4340,.F.);
#2460=ORIENTED_EDGE('',*,*,#4341,.T.);
#2461=ORIENTED_EDGE('',*,*,#4342,.T.);
#2462=ORIENTED_EDGE('',*,*,#3710,.F.);
#2463=ORIENTED_EDGE('',*,*,#4342,.F.);
#2464=ORIENTED_EDGE('',*,*,#4343,.T.);
#2465=ORIENTED_EDGE('',*,*,#4344,.T.);
#2466=ORIENTED_EDGE('',*,*,#3711,.F.);
#2467=ORIENTED_EDGE('',*,*,#4344,.F.);
#2468=ORIENTED_EDGE('',*,*,#4345,.T.);
#2469=ORIENTED_EDGE('',*,*,#4346,.T.);
#2470=ORIENTED_EDGE('',*,*,#4347,.F.);
#2471=ORIENTED_EDGE('',*,*,#4348,.F.);
#2472=ORIENTED_EDGE('',*,*,#4349,.T.);
#2473=ORIENTED_EDGE('',*,*,#4350,.T.);
#2474=ORIENTED_EDGE('',*,*,#4351,.F.);
#2475=ORIENTED_EDGE('',*,*,#4350,.F.);
#2476=ORIENTED_EDGE('',*,*,#4352,.T.);
#2477=ORIENTED_EDGE('',*,*,#4353,.T.);
#2478=ORIENTED_EDGE('',*,*,#4354,.F.);
#2479=ORIENTED_EDGE('',*,*,#4353,.F.);
#2480=ORIENTED_EDGE('',*,*,#4355,.T.);
#2481=ORIENTED_EDGE('',*,*,#4356,.T.);
#2482=ORIENTED_EDGE('',*,*,#4357,.F.);
#2483=ORIENTED_EDGE('',*,*,#4356,.F.);
#2484=ORIENTED_EDGE('',*,*,#4358,.T.);
#2485=ORIENTED_EDGE('',*,*,#4348,.T.);
#2486=ORIENTED_EDGE('',*,*,#3712,.F.);
#2487=ORIENTED_EDGE('',*,*,#4346,.F.);
#2488=ORIENTED_EDGE('',*,*,#4359,.T.);
#2489=ORIENTED_EDGE('',*,*,#4316,.T.);
#2490=ORIENTED_EDGE('',*,*,#4349,.F.);
#2491=ORIENTED_EDGE('',*,*,#4358,.F.);
#2492=ORIENTED_EDGE('',*,*,#4355,.F.);
#2493=ORIENTED_EDGE('',*,*,#4352,.F.);
#2494=ORIENTED_EDGE('',*,*,#4317,.F.);
#2495=ORIENTED_EDGE('',*,*,#4359,.F.);
#2496=ORIENTED_EDGE('',*,*,#4345,.F.);
#2497=ORIENTED_EDGE('',*,*,#4343,.F.);
#2498=ORIENTED_EDGE('',*,*,#4341,.F.);
#2499=ORIENTED_EDGE('',*,*,#4339,.F.);
#2500=ORIENTED_EDGE('',*,*,#4337,.F.);
#2501=ORIENTED_EDGE('',*,*,#4335,.F.);
#2502=ORIENTED_EDGE('',*,*,#4333,.F.);
#2503=ORIENTED_EDGE('',*,*,#4331,.F.);
#2504=ORIENTED_EDGE('',*,*,#4329,.F.);
#2505=ORIENTED_EDGE('',*,*,#4327,.F.);
#2506=ORIENTED_EDGE('',*,*,#4325,.F.);
#2507=ORIENTED_EDGE('',*,*,#4323,.F.);
#2508=ORIENTED_EDGE('',*,*,#4321,.F.);
#2509=ORIENTED_EDGE('',*,*,#4319,.F.);
#2510=ORIENTED_EDGE('',*,*,#4347,.T.);
#2511=ORIENTED_EDGE('',*,*,#4351,.T.);
#2512=ORIENTED_EDGE('',*,*,#4354,.T.);
#2513=ORIENTED_EDGE('',*,*,#4357,.T.);
#2514=ORIENTED_EDGE('',*,*,#4360,.F.);
#2515=ORIENTED_EDGE('',*,*,#4361,.F.);
#2516=ORIENTED_EDGE('',*,*,#4362,.T.);
#2517=ORIENTED_EDGE('',*,*,#4363,.T.);
#2518=ORIENTED_EDGE('',*,*,#4364,.F.);
#2519=ORIENTED_EDGE('',*,*,#4363,.F.);
#2520=ORIENTED_EDGE('',*,*,#4365,.T.);
#2521=ORIENTED_EDGE('',*,*,#4366,.T.);
#2522=ORIENTED_EDGE('',*,*,#4367,.F.);
#2523=ORIENTED_EDGE('',*,*,#4366,.F.);
#2524=ORIENTED_EDGE('',*,*,#4368,.T.);
#2525=ORIENTED_EDGE('',*,*,#4369,.T.);
#2526=ORIENTED_EDGE('',*,*,#4370,.F.);
#2527=ORIENTED_EDGE('',*,*,#4369,.F.);
#2528=ORIENTED_EDGE('',*,*,#4371,.T.);
#2529=ORIENTED_EDGE('',*,*,#4372,.T.);
#2530=ORIENTED_EDGE('',*,*,#4373,.F.);
#2531=ORIENTED_EDGE('',*,*,#4372,.F.);
#2532=ORIENTED_EDGE('',*,*,#4374,.T.);
#2533=ORIENTED_EDGE('',*,*,#4375,.T.);
#2534=ORIENTED_EDGE('',*,*,#4376,.F.);
#2535=ORIENTED_EDGE('',*,*,#4375,.F.);
#2536=ORIENTED_EDGE('',*,*,#4377,.T.);
#2537=ORIENTED_EDGE('',*,*,#4378,.T.);
#2538=ORIENTED_EDGE('',*,*,#4379,.F.);
#2539=ORIENTED_EDGE('',*,*,#4378,.F.);
#2540=ORIENTED_EDGE('',*,*,#4380,.T.);
#2541=ORIENTED_EDGE('',*,*,#4381,.T.);
#2542=ORIENTED_EDGE('',*,*,#4382,.F.);
#2543=ORIENTED_EDGE('',*,*,#4381,.F.);
#2544=ORIENTED_EDGE('',*,*,#4383,.T.);
#2545=ORIENTED_EDGE('',*,*,#4384,.T.);
#2546=ORIENTED_EDGE('',*,*,#4385,.F.);
#2547=ORIENTED_EDGE('',*,*,#4384,.F.);
#2548=ORIENTED_EDGE('',*,*,#4386,.T.);
#2549=ORIENTED_EDGE('',*,*,#4387,.T.);
#2550=ORIENTED_EDGE('',*,*,#3460,.F.);
#2551=ORIENTED_EDGE('',*,*,#4388,.F.);
#2552=ORIENTED_EDGE('',*,*,#4389,.T.);
#2553=ORIENTED_EDGE('',*,*,#4390,.T.);
#2554=ORIENTED_EDGE('',*,*,#3461,.F.);
#2555=ORIENTED_EDGE('',*,*,#4390,.F.);
#2556=ORIENTED_EDGE('',*,*,#4391,.T.);
#2557=ORIENTED_EDGE('',*,*,#4392,.T.);
#2558=ORIENTED_EDGE('',*,*,#3462,.F.);
#2559=ORIENTED_EDGE('',*,*,#4392,.F.);
#2560=ORIENTED_EDGE('',*,*,#4393,.T.);
#2561=ORIENTED_EDGE('',*,*,#4394,.T.);
#2562=ORIENTED_EDGE('',*,*,#3463,.F.);
#2563=ORIENTED_EDGE('',*,*,#4394,.F.);
#2564=ORIENTED_EDGE('',*,*,#4395,.T.);
#2565=ORIENTED_EDGE('',*,*,#4396,.T.);
#2566=ORIENTED_EDGE('',*,*,#3464,.F.);
#2567=ORIENTED_EDGE('',*,*,#4396,.F.);
#2568=ORIENTED_EDGE('',*,*,#4397,.T.);
#2569=ORIENTED_EDGE('',*,*,#4398,.T.);
#2570=ORIENTED_EDGE('',*,*,#3465,.F.);
#2571=ORIENTED_EDGE('',*,*,#4398,.F.);
#2572=ORIENTED_EDGE('',*,*,#4399,.T.);
#2573=ORIENTED_EDGE('',*,*,#4400,.T.);
#2574=ORIENTED_EDGE('',*,*,#3466,.F.);
#2575=ORIENTED_EDGE('',*,*,#4400,.F.);
#2576=ORIENTED_EDGE('',*,*,#4401,.T.);
#2577=ORIENTED_EDGE('',*,*,#4402,.T.);
#2578=ORIENTED_EDGE('',*,*,#3467,.F.);
#2579=ORIENTED_EDGE('',*,*,#4402,.F.);
#2580=ORIENTED_EDGE('',*,*,#4403,.T.);
#2581=ORIENTED_EDGE('',*,*,#4404,.T.);
#2582=ORIENTED_EDGE('',*,*,#3468,.F.);
#2583=ORIENTED_EDGE('',*,*,#4404,.F.);
#2584=ORIENTED_EDGE('',*,*,#4405,.T.);
#2585=ORIENTED_EDGE('',*,*,#4406,.T.);
#2586=ORIENTED_EDGE('',*,*,#3469,.F.);
#2587=ORIENTED_EDGE('',*,*,#4406,.F.);
#2588=ORIENTED_EDGE('',*,*,#4407,.T.);
#2589=ORIENTED_EDGE('',*,*,#4408,.T.);
#2590=ORIENTED_EDGE('',*,*,#3470,.F.);
#2591=ORIENTED_EDGE('',*,*,#4408,.F.);
#2592=ORIENTED_EDGE('',*,*,#4409,.T.);
#2593=ORIENTED_EDGE('',*,*,#4410,.T.);
#2594=ORIENTED_EDGE('',*,*,#3471,.F.);
#2595=ORIENTED_EDGE('',*,*,#4410,.F.);
#2596=ORIENTED_EDGE('',*,*,#4411,.T.);
#2597=ORIENTED_EDGE('',*,*,#4412,.T.);
#2598=ORIENTED_EDGE('',*,*,#3472,.F.);
#2599=ORIENTED_EDGE('',*,*,#4412,.F.);
#2600=ORIENTED_EDGE('',*,*,#4413,.T.);
#2601=ORIENTED_EDGE('',*,*,#4414,.T.);
#2602=ORIENTED_EDGE('',*,*,#3473,.F.);
#2603=ORIENTED_EDGE('',*,*,#4414,.F.);
#2604=ORIENTED_EDGE('',*,*,#4415,.T.);
#2605=ORIENTED_EDGE('',*,*,#4416,.T.);
#2606=ORIENTED_EDGE('',*,*,#3474,.F.);
#2607=ORIENTED_EDGE('',*,*,#4416,.F.);
#2608=ORIENTED_EDGE('',*,*,#4417,.T.);
#2609=ORIENTED_EDGE('',*,*,#4418,.T.);
#2610=ORIENTED_EDGE('',*,*,#3475,.F.);
#2611=ORIENTED_EDGE('',*,*,#4418,.F.);
#2612=ORIENTED_EDGE('',*,*,#4419,.T.);
#2613=ORIENTED_EDGE('',*,*,#4388,.T.);
#2614=ORIENTED_EDGE('',*,*,#4420,.F.);
#2615=ORIENTED_EDGE('',*,*,#4387,.F.);
#2616=ORIENTED_EDGE('',*,*,#4421,.T.);
#2617=ORIENTED_EDGE('',*,*,#4361,.T.);
#2618=ORIENTED_EDGE('',*,*,#4389,.F.);
#2619=ORIENTED_EDGE('',*,*,#4419,.F.);
#2620=ORIENTED_EDGE('',*,*,#4417,.F.);
#2621=ORIENTED_EDGE('',*,*,#4415,.F.);
#2622=ORIENTED_EDGE('',*,*,#4413,.F.);
#2623=ORIENTED_EDGE('',*,*,#4411,.F.);
#2624=ORIENTED_EDGE('',*,*,#4409,.F.);
#2625=ORIENTED_EDGE('',*,*,#4407,.F.);
#2626=ORIENTED_EDGE('',*,*,#4405,.F.);
#2627=ORIENTED_EDGE('',*,*,#4403,.F.);
#2628=ORIENTED_EDGE('',*,*,#4401,.F.);
#2629=ORIENTED_EDGE('',*,*,#4399,.F.);
#2630=ORIENTED_EDGE('',*,*,#4397,.F.);
#2631=ORIENTED_EDGE('',*,*,#4395,.F.);
#2632=ORIENTED_EDGE('',*,*,#4393,.F.);
#2633=ORIENTED_EDGE('',*,*,#4391,.F.);
#2634=ORIENTED_EDGE('',*,*,#4362,.F.);
#2635=ORIENTED_EDGE('',*,*,#4421,.F.);
#2636=ORIENTED_EDGE('',*,*,#4386,.F.);
#2637=ORIENTED_EDGE('',*,*,#4383,.F.);
#2638=ORIENTED_EDGE('',*,*,#4380,.F.);
#2639=ORIENTED_EDGE('',*,*,#4377,.F.);
#2640=ORIENTED_EDGE('',*,*,#4374,.F.);
#2641=ORIENTED_EDGE('',*,*,#4371,.F.);
#2642=ORIENTED_EDGE('',*,*,#4368,.F.);
#2643=ORIENTED_EDGE('',*,*,#4365,.F.);
#2644=ORIENTED_EDGE('',*,*,#3713,.F.);
#2645=ORIENTED_EDGE('',*,*,#4422,.F.);
#2646=ORIENTED_EDGE('',*,*,#4423,.T.);
#2647=ORIENTED_EDGE('',*,*,#4424,.T.);
#2648=ORIENTED_EDGE('',*,*,#3714,.F.);
#2649=ORIENTED_EDGE('',*,*,#4424,.F.);
#2650=ORIENTED_EDGE('',*,*,#4425,.T.);
#2651=ORIENTED_EDGE('',*,*,#4426,.T.);
#2652=ORIENTED_EDGE('',*,*,#3715,.F.);
#2653=ORIENTED_EDGE('',*,*,#4426,.F.);
#2654=ORIENTED_EDGE('',*,*,#4427,.T.);
#2655=ORIENTED_EDGE('',*,*,#4428,.T.);
#2656=ORIENTED_EDGE('',*,*,#3716,.F.);
#2657=ORIENTED_EDGE('',*,*,#4428,.F.);
#2658=ORIENTED_EDGE('',*,*,#4429,.T.);
#2659=ORIENTED_EDGE('',*,*,#4430,.T.);
#2660=ORIENTED_EDGE('',*,*,#3717,.F.);
#2661=ORIENTED_EDGE('',*,*,#4430,.F.);
#2662=ORIENTED_EDGE('',*,*,#4431,.T.);
#2663=ORIENTED_EDGE('',*,*,#4432,.T.);
#2664=ORIENTED_EDGE('',*,*,#3718,.F.);
#2665=ORIENTED_EDGE('',*,*,#4432,.F.);
#2666=ORIENTED_EDGE('',*,*,#4433,.T.);
#2667=ORIENTED_EDGE('',*,*,#4434,.T.);
#2668=ORIENTED_EDGE('',*,*,#3719,.F.);
#2669=ORIENTED_EDGE('',*,*,#4434,.F.);
#2670=ORIENTED_EDGE('',*,*,#4435,.T.);
#2671=ORIENTED_EDGE('',*,*,#4436,.T.);
#2672=ORIENTED_EDGE('',*,*,#3720,.F.);
#2673=ORIENTED_EDGE('',*,*,#4436,.F.);
#2674=ORIENTED_EDGE('',*,*,#4437,.T.);
#2675=ORIENTED_EDGE('',*,*,#4438,.T.);
#2676=ORIENTED_EDGE('',*,*,#3721,.F.);
#2677=ORIENTED_EDGE('',*,*,#4438,.F.);
#2678=ORIENTED_EDGE('',*,*,#4439,.T.);
#2679=ORIENTED_EDGE('',*,*,#4440,.T.);
#2680=ORIENTED_EDGE('',*,*,#3722,.F.);
#2681=ORIENTED_EDGE('',*,*,#4440,.F.);
#2682=ORIENTED_EDGE('',*,*,#4441,.T.);
#2683=ORIENTED_EDGE('',*,*,#4442,.T.);
#2684=ORIENTED_EDGE('',*,*,#3723,.F.);
#2685=ORIENTED_EDGE('',*,*,#4442,.F.);
#2686=ORIENTED_EDGE('',*,*,#4443,.T.);
#2687=ORIENTED_EDGE('',*,*,#4444,.T.);
#2688=ORIENTED_EDGE('',*,*,#3724,.F.);
#2689=ORIENTED_EDGE('',*,*,#4444,.F.);
#2690=ORIENTED_EDGE('',*,*,#4445,.T.);
#2691=ORIENTED_EDGE('',*,*,#4446,.T.);
#2692=ORIENTED_EDGE('',*,*,#3725,.F.);
#2693=ORIENTED_EDGE('',*,*,#4446,.F.);
#2694=ORIENTED_EDGE('',*,*,#4447,.T.);
#2695=ORIENTED_EDGE('',*,*,#4448,.T.);
#2696=ORIENTED_EDGE('',*,*,#3726,.F.);
#2697=ORIENTED_EDGE('',*,*,#4448,.F.);
#2698=ORIENTED_EDGE('',*,*,#4449,.T.);
#2699=ORIENTED_EDGE('',*,*,#4450,.T.);
#2700=ORIENTED_EDGE('',*,*,#3727,.F.);
#2701=ORIENTED_EDGE('',*,*,#4450,.F.);
#2702=ORIENTED_EDGE('',*,*,#4451,.T.);
#2703=ORIENTED_EDGE('',*,*,#4452,.T.);
#2704=ORIENTED_EDGE('',*,*,#3728,.F.);
#2705=ORIENTED_EDGE('',*,*,#4452,.F.);
#2706=ORIENTED_EDGE('',*,*,#4453,.T.);
#2707=ORIENTED_EDGE('',*,*,#4454,.T.);
#2708=ORIENTED_EDGE('',*,*,#3729,.F.);
#2709=ORIENTED_EDGE('',*,*,#4454,.F.);
#2710=ORIENTED_EDGE('',*,*,#4455,.T.);
#2711=ORIENTED_EDGE('',*,*,#4456,.T.);
#2712=ORIENTED_EDGE('',*,*,#3730,.F.);
#2713=ORIENTED_EDGE('',*,*,#4456,.F.);
#2714=ORIENTED_EDGE('',*,*,#4457,.T.);
#2715=ORIENTED_EDGE('',*,*,#4458,.T.);
#2716=ORIENTED_EDGE('',*,*,#3731,.F.);
#2717=ORIENTED_EDGE('',*,*,#4458,.F.);
#2718=ORIENTED_EDGE('',*,*,#4459,.T.);
#2719=ORIENTED_EDGE('',*,*,#4460,.T.);
#2720=ORIENTED_EDGE('',*,*,#3732,.F.);
#2721=ORIENTED_EDGE('',*,*,#4460,.F.);
#2722=ORIENTED_EDGE('',*,*,#4461,.T.);
#2723=ORIENTED_EDGE('',*,*,#4462,.T.);
#2724=ORIENTED_EDGE('',*,*,#4463,.F.);
#2725=ORIENTED_EDGE('',*,*,#4464,.F.);
#2726=ORIENTED_EDGE('',*,*,#4465,.T.);
#2727=ORIENTED_EDGE('',*,*,#4466,.T.);
#2728=ORIENTED_EDGE('',*,*,#4467,.F.);
#2729=ORIENTED_EDGE('',*,*,#4466,.F.);
#2730=ORIENTED_EDGE('',*,*,#4468,.T.);
#2731=ORIENTED_EDGE('',*,*,#4469,.T.);
#2732=ORIENTED_EDGE('',*,*,#4470,.F.);
#2733=ORIENTED_EDGE('',*,*,#4469,.F.);
#2734=ORIENTED_EDGE('',*,*,#4471,.T.);
#2735=ORIENTED_EDGE('',*,*,#4472,.T.);
#2736=ORIENTED_EDGE('',*,*,#4473,.F.);
#2737=ORIENTED_EDGE('',*,*,#4472,.F.);
#2738=ORIENTED_EDGE('',*,*,#4474,.T.);
#2739=ORIENTED_EDGE('',*,*,#4475,.T.);
#2740=ORIENTED_EDGE('',*,*,#4476,.F.);
#2741=ORIENTED_EDGE('',*,*,#4475,.F.);
#2742=ORIENTED_EDGE('',*,*,#4477,.T.);
#2743=ORIENTED_EDGE('',*,*,#4478,.T.);
#2744=ORIENTED_EDGE('',*,*,#4479,.F.);
#2745=ORIENTED_EDGE('',*,*,#4478,.F.);
#2746=ORIENTED_EDGE('',*,*,#4480,.T.);
#2747=ORIENTED_EDGE('',*,*,#4481,.T.);
#2748=ORIENTED_EDGE('',*,*,#4482,.F.);
#2749=ORIENTED_EDGE('',*,*,#4481,.F.);
#2750=ORIENTED_EDGE('',*,*,#4483,.T.);
#2751=ORIENTED_EDGE('',*,*,#4484,.T.);
#2752=ORIENTED_EDGE('',*,*,#4485,.F.);
#2753=ORIENTED_EDGE('',*,*,#4484,.F.);
#2754=ORIENTED_EDGE('',*,*,#4486,.T.);
#2755=ORIENTED_EDGE('',*,*,#4487,.T.);
#2756=ORIENTED_EDGE('',*,*,#4488,.F.);
#2757=ORIENTED_EDGE('',*,*,#4487,.F.);
#2758=ORIENTED_EDGE('',*,*,#4489,.T.);
#2759=ORIENTED_EDGE('',*,*,#4490,.T.);
#2760=ORIENTED_EDGE('',*,*,#4491,.F.);
#2761=ORIENTED_EDGE('',*,*,#4490,.F.);
#2762=ORIENTED_EDGE('',*,*,#4492,.T.);
#2763=ORIENTED_EDGE('',*,*,#4464,.T.);
#2764=ORIENTED_EDGE('',*,*,#3733,.F.);
#2765=ORIENTED_EDGE('',*,*,#4462,.F.);
#2766=ORIENTED_EDGE('',*,*,#4493,.T.);
#2767=ORIENTED_EDGE('',*,*,#4422,.T.);
#2768=ORIENTED_EDGE('',*,*,#4465,.F.);
#2769=ORIENTED_EDGE('',*,*,#4492,.F.);
#2770=ORIENTED_EDGE('',*,*,#4489,.F.);
#2771=ORIENTED_EDGE('',*,*,#4486,.F.);
#2772=ORIENTED_EDGE('',*,*,#4483,.F.);
#2773=ORIENTED_EDGE('',*,*,#4480,.F.);
#2774=ORIENTED_EDGE('',*,*,#4477,.F.);
#2775=ORIENTED_EDGE('',*,*,#4474,.F.);
#2776=ORIENTED_EDGE('',*,*,#4471,.F.);
#2777=ORIENTED_EDGE('',*,*,#4468,.F.);
#2778=ORIENTED_EDGE('',*,*,#4423,.F.);
#2779=ORIENTED_EDGE('',*,*,#4493,.F.);
#2780=ORIENTED_EDGE('',*,*,#4461,.F.);
#2781=ORIENTED_EDGE('',*,*,#4459,.F.);
#2782=ORIENTED_EDGE('',*,*,#4457,.F.);
#2783=ORIENTED_EDGE('',*,*,#4455,.F.);
#2784=ORIENTED_EDGE('',*,*,#4453,.F.);
#2785=ORIENTED_EDGE('',*,*,#4451,.F.);
#2786=ORIENTED_EDGE('',*,*,#4449,.F.);
#2787=ORIENTED_EDGE('',*,*,#4447,.F.);
#2788=ORIENTED_EDGE('',*,*,#4445,.F.);
#2789=ORIENTED_EDGE('',*,*,#4443,.F.);
#2790=ORIENTED_EDGE('',*,*,#4441,.F.);
#2791=ORIENTED_EDGE('',*,*,#4439,.F.);
#2792=ORIENTED_EDGE('',*,*,#4437,.F.);
#2793=ORIENTED_EDGE('',*,*,#4435,.F.);
#2794=ORIENTED_EDGE('',*,*,#4433,.F.);
#2795=ORIENTED_EDGE('',*,*,#4431,.F.);
#2796=ORIENTED_EDGE('',*,*,#4429,.F.);
#2797=ORIENTED_EDGE('',*,*,#4427,.F.);
#2798=ORIENTED_EDGE('',*,*,#4425,.F.);
#2799=ORIENTED_EDGE('',*,*,#4463,.T.);
#2800=ORIENTED_EDGE('',*,*,#4467,.T.);
#2801=ORIENTED_EDGE('',*,*,#4470,.T.);
#2802=ORIENTED_EDGE('',*,*,#4473,.T.);
#2803=ORIENTED_EDGE('',*,*,#4476,.T.);
#2804=ORIENTED_EDGE('',*,*,#4479,.T.);
#2805=ORIENTED_EDGE('',*,*,#4482,.T.);
#2806=ORIENTED_EDGE('',*,*,#4485,.T.);
#2807=ORIENTED_EDGE('',*,*,#4488,.T.);
#2808=ORIENTED_EDGE('',*,*,#4491,.T.);
#2809=ORIENTED_EDGE('',*,*,#3448,.F.);
#2810=ORIENTED_EDGE('',*,*,#4494,.F.);
#2811=ORIENTED_EDGE('',*,*,#4495,.T.);
#2812=ORIENTED_EDGE('',*,*,#4496,.T.);
#2813=ORIENTED_EDGE('',*,*,#3449,.F.);
#2814=ORIENTED_EDGE('',*,*,#4496,.F.);
#2815=ORIENTED_EDGE('',*,*,#4497,.T.);
#2816=ORIENTED_EDGE('',*,*,#4498,.T.);
#2817=ORIENTED_EDGE('',*,*,#3450,.F.);
#2818=ORIENTED_EDGE('',*,*,#4498,.F.);
#2819=ORIENTED_EDGE('',*,*,#4499,.T.);
#2820=ORIENTED_EDGE('',*,*,#4500,.T.);
#2821=ORIENTED_EDGE('',*,*,#3451,.F.);
#2822=ORIENTED_EDGE('',*,*,#4500,.F.);
#2823=ORIENTED_EDGE('',*,*,#4501,.T.);
#2824=ORIENTED_EDGE('',*,*,#4502,.T.);
#2825=ORIENTED_EDGE('',*,*,#3452,.F.);
#2826=ORIENTED_EDGE('',*,*,#4502,.F.);
#2827=ORIENTED_EDGE('',*,*,#4503,.T.);
#2828=ORIENTED_EDGE('',*,*,#4504,.T.);
#2829=ORIENTED_EDGE('',*,*,#3453,.F.);
#2830=ORIENTED_EDGE('',*,*,#4504,.F.);
#2831=ORIENTED_EDGE('',*,*,#4505,.T.);
#2832=ORIENTED_EDGE('',*,*,#4506,.T.);
#2833=ORIENTED_EDGE('',*,*,#3454,.F.);
#2834=ORIENTED_EDGE('',*,*,#4506,.F.);
#2835=ORIENTED_EDGE('',*,*,#4507,.T.);
#2836=ORIENTED_EDGE('',*,*,#4508,.T.);
#2837=ORIENTED_EDGE('',*,*,#3455,.F.);
#2838=ORIENTED_EDGE('',*,*,#4508,.F.);
#2839=ORIENTED_EDGE('',*,*,#4509,.T.);
#2840=ORIENTED_EDGE('',*,*,#4510,.T.);
#2841=ORIENTED_EDGE('',*,*,#3456,.F.);
#2842=ORIENTED_EDGE('',*,*,#4510,.F.);
#2843=ORIENTED_EDGE('',*,*,#4511,.T.);
#2844=ORIENTED_EDGE('',*,*,#4512,.T.);
#2845=ORIENTED_EDGE('',*,*,#3457,.F.);
#2846=ORIENTED_EDGE('',*,*,#4512,.F.);
#2847=ORIENTED_EDGE('',*,*,#4513,.T.);
#2848=ORIENTED_EDGE('',*,*,#4514,.T.);
#2849=ORIENTED_EDGE('',*,*,#3458,.F.);
#2850=ORIENTED_EDGE('',*,*,#4514,.F.);
#2851=ORIENTED_EDGE('',*,*,#4515,.T.);
#2852=ORIENTED_EDGE('',*,*,#4516,.T.);
#2853=ORIENTED_EDGE('',*,*,#3459,.F.);
#2854=ORIENTED_EDGE('',*,*,#4516,.F.);
#2855=ORIENTED_EDGE('',*,*,#4517,.T.);
#2856=ORIENTED_EDGE('',*,*,#4494,.T.);
#2857=ORIENTED_EDGE('',*,*,#4495,.F.);
#2858=ORIENTED_EDGE('',*,*,#4517,.F.);
#2859=ORIENTED_EDGE('',*,*,#4515,.F.);
#2860=ORIENTED_EDGE('',*,*,#4513,.F.);
#2861=ORIENTED_EDGE('',*,*,#4511,.F.);
#2862=ORIENTED_EDGE('',*,*,#4509,.F.);
#2863=ORIENTED_EDGE('',*,*,#4507,.F.);
#2864=ORIENTED_EDGE('',*,*,#4505,.F.);
#2865=ORIENTED_EDGE('',*,*,#4503,.F.);
#2866=ORIENTED_EDGE('',*,*,#4501,.F.);
#2867=ORIENTED_EDGE('',*,*,#4499,.F.);
#2868=ORIENTED_EDGE('',*,*,#4497,.F.);
#2869=ORIENTED_EDGE('',*,*,#3734,.F.);
#2870=ORIENTED_EDGE('',*,*,#4518,.F.);
#2871=ORIENTED_EDGE('',*,*,#4519,.T.);
#2872=ORIENTED_EDGE('',*,*,#4520,.T.);
#2873=ORIENTED_EDGE('',*,*,#3735,.F.);
#2874=ORIENTED_EDGE('',*,*,#4520,.F.);
#2875=ORIENTED_EDGE('',*,*,#4521,.T.);
#2876=ORIENTED_EDGE('',*,*,#4522,.T.);
#2877=ORIENTED_EDGE('',*,*,#3736,.F.);
#2878=ORIENTED_EDGE('',*,*,#4522,.F.);
#2879=ORIENTED_EDGE('',*,*,#4523,.T.);
#2880=ORIENTED_EDGE('',*,*,#4524,.T.);
#2881=ORIENTED_EDGE('',*,*,#3737,.F.);
#2882=ORIENTED_EDGE('',*,*,#4524,.F.);
#2883=ORIENTED_EDGE('',*,*,#4525,.T.);
#2884=ORIENTED_EDGE('',*,*,#4526,.T.);
#2885=ORIENTED_EDGE('',*,*,#3738,.F.);
#2886=ORIENTED_EDGE('',*,*,#4526,.F.);
#2887=ORIENTED_EDGE('',*,*,#4527,.T.);
#2888=ORIENTED_EDGE('',*,*,#4528,.T.);
#2889=ORIENTED_EDGE('',*,*,#3739,.F.);
#2890=ORIENTED_EDGE('',*,*,#4528,.F.);
#2891=ORIENTED_EDGE('',*,*,#4529,.T.);
#2892=ORIENTED_EDGE('',*,*,#4530,.T.);
#2893=ORIENTED_EDGE('',*,*,#3740,.F.);
#2894=ORIENTED_EDGE('',*,*,#4530,.F.);
#2895=ORIENTED_EDGE('',*,*,#4531,.T.);
#2896=ORIENTED_EDGE('',*,*,#4532,.T.);
#2897=ORIENTED_EDGE('',*,*,#3741,.F.);
#2898=ORIENTED_EDGE('',*,*,#4532,.F.);
#2899=ORIENTED_EDGE('',*,*,#4533,.T.);
#2900=ORIENTED_EDGE('',*,*,#4534,.T.);
#2901=ORIENTED_EDGE('',*,*,#3742,.F.);
#2902=ORIENTED_EDGE('',*,*,#4534,.F.);
#2903=ORIENTED_EDGE('',*,*,#4535,.T.);
#2904=ORIENTED_EDGE('',*,*,#4536,.T.);
#2905=ORIENTED_EDGE('',*,*,#3743,.F.);
#2906=ORIENTED_EDGE('',*,*,#4536,.F.);
#2907=ORIENTED_EDGE('',*,*,#4537,.T.);
#2908=ORIENTED_EDGE('',*,*,#4538,.T.);
#2909=ORIENTED_EDGE('',*,*,#3744,.F.);
#2910=ORIENTED_EDGE('',*,*,#4538,.F.);
#2911=ORIENTED_EDGE('',*,*,#4539,.T.);
#2912=ORIENTED_EDGE('',*,*,#4540,.T.);
#2913=ORIENTED_EDGE('',*,*,#3745,.F.);
#2914=ORIENTED_EDGE('',*,*,#4540,.F.);
#2915=ORIENTED_EDGE('',*,*,#4541,.T.);
#2916=ORIENTED_EDGE('',*,*,#4542,.T.);
#2917=ORIENTED_EDGE('',*,*,#3746,.F.);
#2918=ORIENTED_EDGE('',*,*,#4542,.F.);
#2919=ORIENTED_EDGE('',*,*,#4543,.T.);
#2920=ORIENTED_EDGE('',*,*,#4544,.T.);
#2921=ORIENTED_EDGE('',*,*,#3747,.F.);
#2922=ORIENTED_EDGE('',*,*,#4544,.F.);
#2923=ORIENTED_EDGE('',*,*,#4545,.T.);
#2924=ORIENTED_EDGE('',*,*,#4546,.T.);
#2925=ORIENTED_EDGE('',*,*,#3748,.F.);
#2926=ORIENTED_EDGE('',*,*,#4546,.F.);
#2927=ORIENTED_EDGE('',*,*,#4547,.T.);
#2928=ORIENTED_EDGE('',*,*,#4548,.T.);
#2929=ORIENTED_EDGE('',*,*,#4549,.F.);
#2930=ORIENTED_EDGE('',*,*,#4550,.F.);
#2931=ORIENTED_EDGE('',*,*,#4551,.T.);
#2932=ORIENTED_EDGE('',*,*,#4552,.T.);
#2933=ORIENTED_EDGE('',*,*,#4553,.F.);
#2934=ORIENTED_EDGE('',*,*,#4552,.F.);
#2935=ORIENTED_EDGE('',*,*,#4554,.T.);
#2936=ORIENTED_EDGE('',*,*,#4555,.T.);
#2937=ORIENTED_EDGE('',*,*,#4556,.F.);
#2938=ORIENTED_EDGE('',*,*,#4555,.F.);
#2939=ORIENTED_EDGE('',*,*,#4557,.T.);
#2940=ORIENTED_EDGE('',*,*,#4558,.T.);
#2941=ORIENTED_EDGE('',*,*,#4559,.F.);
#2942=ORIENTED_EDGE('',*,*,#4558,.F.);
#2943=ORIENTED_EDGE('',*,*,#4560,.T.);
#2944=ORIENTED_EDGE('',*,*,#4550,.T.);
#2945=ORIENTED_EDGE('',*,*,#3749,.F.);
#2946=ORIENTED_EDGE('',*,*,#4548,.F.);
#2947=ORIENTED_EDGE('',*,*,#4561,.T.);
#2948=ORIENTED_EDGE('',*,*,#4518,.T.);
#2949=ORIENTED_EDGE('',*,*,#4551,.F.);
#2950=ORIENTED_EDGE('',*,*,#4560,.F.);
#2951=ORIENTED_EDGE('',*,*,#4557,.F.);
#2952=ORIENTED_EDGE('',*,*,#4554,.F.);
#2953=ORIENTED_EDGE('',*,*,#4519,.F.);
#2954=ORIENTED_EDGE('',*,*,#4561,.F.);
#2955=ORIENTED_EDGE('',*,*,#4547,.F.);
#2956=ORIENTED_EDGE('',*,*,#4545,.F.);
#2957=ORIENTED_EDGE('',*,*,#4543,.F.);
#2958=ORIENTED_EDGE('',*,*,#4541,.F.);
#2959=ORIENTED_EDGE('',*,*,#4539,.F.);
#2960=ORIENTED_EDGE('',*,*,#4537,.F.);
#2961=ORIENTED_EDGE('',*,*,#4535,.F.);
#2962=ORIENTED_EDGE('',*,*,#4533,.F.);
#2963=ORIENTED_EDGE('',*,*,#4531,.F.);
#2964=ORIENTED_EDGE('',*,*,#4529,.F.);
#2965=ORIENTED_EDGE('',*,*,#4527,.F.);
#2966=ORIENTED_EDGE('',*,*,#4525,.F.);
#2967=ORIENTED_EDGE('',*,*,#4523,.F.);
#2968=ORIENTED_EDGE('',*,*,#4521,.F.);
#2969=ORIENTED_EDGE('',*,*,#4549,.T.);
#2970=ORIENTED_EDGE('',*,*,#4553,.T.);
#2971=ORIENTED_EDGE('',*,*,#4556,.T.);
#2972=ORIENTED_EDGE('',*,*,#4559,.T.);
#2973=ORIENTED_EDGE('',*,*,#3432,.F.);
#2974=ORIENTED_EDGE('',*,*,#4562,.F.);
#2975=ORIENTED_EDGE('',*,*,#4563,.T.);
#2976=ORIENTED_EDGE('',*,*,#4564,.T.);
#2977=ORIENTED_EDGE('',*,*,#3433,.F.);
#2978=ORIENTED_EDGE('',*,*,#4564,.F.);
#2979=ORIENTED_EDGE('',*,*,#4565,.T.);
#2980=ORIENTED_EDGE('',*,*,#4566,.T.);
#2981=ORIENTED_EDGE('',*,*,#3434,.F.);
#2982=ORIENTED_EDGE('',*,*,#4566,.F.);
#2983=ORIENTED_EDGE('',*,*,#4567,.T.);
#2984=ORIENTED_EDGE('',*,*,#4568,.T.);
#2985=ORIENTED_EDGE('',*,*,#3435,.F.);
#2986=ORIENTED_EDGE('',*,*,#4568,.F.);
#2987=ORIENTED_EDGE('',*,*,#4569,.T.);
#2988=ORIENTED_EDGE('',*,*,#4570,.T.);
#2989=ORIENTED_EDGE('',*,*,#3436,.F.);
#2990=ORIENTED_EDGE('',*,*,#4570,.F.);
#2991=ORIENTED_EDGE('',*,*,#4571,.T.);
#2992=ORIENTED_EDGE('',*,*,#4572,.T.);
#2993=ORIENTED_EDGE('',*,*,#3437,.F.);
#2994=ORIENTED_EDGE('',*,*,#4572,.F.);
#2995=ORIENTED_EDGE('',*,*,#4573,.T.);
#2996=ORIENTED_EDGE('',*,*,#4574,.T.);
#2997=ORIENTED_EDGE('',*,*,#3438,.F.);
#2998=ORIENTED_EDGE('',*,*,#4574,.F.);
#2999=ORIENTED_EDGE('',*,*,#4575,.T.);
#3000=ORIENTED_EDGE('',*,*,#4576,.T.);
#3001=ORIENTED_EDGE('',*,*,#3439,.F.);
#3002=ORIENTED_EDGE('',*,*,#4576,.F.);
#3003=ORIENTED_EDGE('',*,*,#4577,.T.);
#3004=ORIENTED_EDGE('',*,*,#4578,.T.);
#3005=ORIENTED_EDGE('',*,*,#3440,.F.);
#3006=ORIENTED_EDGE('',*,*,#4578,.F.);
#3007=ORIENTED_EDGE('',*,*,#4579,.T.);
#3008=ORIENTED_EDGE('',*,*,#4580,.T.);
#3009=ORIENTED_EDGE('',*,*,#3441,.F.);
#3010=ORIENTED_EDGE('',*,*,#4580,.F.);
#3011=ORIENTED_EDGE('',*,*,#4581,.T.);
#3012=ORIENTED_EDGE('',*,*,#4582,.T.);
#3013=ORIENTED_EDGE('',*,*,#3442,.F.);
#3014=ORIENTED_EDGE('',*,*,#4582,.F.);
#3015=ORIENTED_EDGE('',*,*,#4583,.T.);
#3016=ORIENTED_EDGE('',*,*,#4584,.T.);
#3017=ORIENTED_EDGE('',*,*,#3443,.F.);
#3018=ORIENTED_EDGE('',*,*,#4584,.F.);
#3019=ORIENTED_EDGE('',*,*,#4585,.T.);
#3020=ORIENTED_EDGE('',*,*,#4586,.T.);
#3021=ORIENTED_EDGE('',*,*,#3444,.F.);
#3022=ORIENTED_EDGE('',*,*,#4586,.F.);
#3023=ORIENTED_EDGE('',*,*,#4587,.T.);
#3024=ORIENTED_EDGE('',*,*,#4588,.T.);
#3025=ORIENTED_EDGE('',*,*,#3445,.F.);
#3026=ORIENTED_EDGE('',*,*,#4588,.F.);
#3027=ORIENTED_EDGE('',*,*,#4589,.T.);
#3028=ORIENTED_EDGE('',*,*,#4590,.T.);
#3029=ORIENTED_EDGE('',*,*,#3446,.F.);
#3030=ORIENTED_EDGE('',*,*,#4590,.F.);
#3031=ORIENTED_EDGE('',*,*,#4591,.T.);
#3032=ORIENTED_EDGE('',*,*,#4592,.T.);
#3033=ORIENTED_EDGE('',*,*,#4593,.F.);
#3034=ORIENTED_EDGE('',*,*,#4594,.F.);
#3035=ORIENTED_EDGE('',*,*,#4595,.T.);
#3036=ORIENTED_EDGE('',*,*,#4596,.T.);
#3037=ORIENTED_EDGE('',*,*,#4597,.F.);
#3038=ORIENTED_EDGE('',*,*,#4596,.F.);
#3039=ORIENTED_EDGE('',*,*,#4598,.T.);
#3040=ORIENTED_EDGE('',*,*,#4599,.T.);
#3041=ORIENTED_EDGE('',*,*,#4600,.F.);
#3042=ORIENTED_EDGE('',*,*,#4599,.F.);
#3043=ORIENTED_EDGE('',*,*,#4601,.T.);
#3044=ORIENTED_EDGE('',*,*,#4602,.T.);
#3045=ORIENTED_EDGE('',*,*,#4603,.F.);
#3046=ORIENTED_EDGE('',*,*,#4602,.F.);
#3047=ORIENTED_EDGE('',*,*,#4604,.T.);
#3048=ORIENTED_EDGE('',*,*,#4605,.T.);
#3049=ORIENTED_EDGE('',*,*,#4606,.F.);
#3050=ORIENTED_EDGE('',*,*,#4605,.F.);
#3051=ORIENTED_EDGE('',*,*,#4607,.T.);
#3052=ORIENTED_EDGE('',*,*,#4608,.T.);
#3053=ORIENTED_EDGE('',*,*,#4609,.F.);
#3054=ORIENTED_EDGE('',*,*,#4608,.F.);
#3055=ORIENTED_EDGE('',*,*,#4610,.T.);
#3056=ORIENTED_EDGE('',*,*,#4611,.T.);
#3057=ORIENTED_EDGE('',*,*,#4612,.F.);
#3058=ORIENTED_EDGE('',*,*,#4611,.F.);
#3059=ORIENTED_EDGE('',*,*,#4613,.T.);
#3060=ORIENTED_EDGE('',*,*,#4614,.T.);
#3061=ORIENTED_EDGE('',*,*,#4615,.F.);
#3062=ORIENTED_EDGE('',*,*,#4614,.F.);
#3063=ORIENTED_EDGE('',*,*,#4616,.T.);
#3064=ORIENTED_EDGE('',*,*,#4617,.T.);
#3065=ORIENTED_EDGE('',*,*,#4618,.F.);
#3066=ORIENTED_EDGE('',*,*,#4617,.F.);
#3067=ORIENTED_EDGE('',*,*,#4619,.T.);
#3068=ORIENTED_EDGE('',*,*,#4620,.T.);
#3069=ORIENTED_EDGE('',*,*,#4621,.F.);
#3070=ORIENTED_EDGE('',*,*,#4620,.F.);
#3071=ORIENTED_EDGE('',*,*,#4622,.T.);
#3072=ORIENTED_EDGE('',*,*,#4594,.T.);
#3073=ORIENTED_EDGE('',*,*,#3447,.F.);
#3074=ORIENTED_EDGE('',*,*,#4592,.F.);
#3075=ORIENTED_EDGE('',*,*,#4623,.T.);
#3076=ORIENTED_EDGE('',*,*,#4562,.T.);
#3077=ORIENTED_EDGE('',*,*,#4595,.F.);
#3078=ORIENTED_EDGE('',*,*,#4622,.F.);
#3079=ORIENTED_EDGE('',*,*,#4619,.F.);
#3080=ORIENTED_EDGE('',*,*,#4616,.F.);
#3081=ORIENTED_EDGE('',*,*,#4613,.F.);
#3082=ORIENTED_EDGE('',*,*,#4610,.F.);
#3083=ORIENTED_EDGE('',*,*,#4607,.F.);
#3084=ORIENTED_EDGE('',*,*,#4604,.F.);
#3085=ORIENTED_EDGE('',*,*,#4601,.F.);
#3086=ORIENTED_EDGE('',*,*,#4598,.F.);
#3087=ORIENTED_EDGE('',*,*,#4563,.F.);
#3088=ORIENTED_EDGE('',*,*,#4623,.F.);
#3089=ORIENTED_EDGE('',*,*,#4591,.F.);
#3090=ORIENTED_EDGE('',*,*,#4589,.F.);
#3091=ORIENTED_EDGE('',*,*,#4587,.F.);
#3092=ORIENTED_EDGE('',*,*,#4585,.F.);
#3093=ORIENTED_EDGE('',*,*,#4583,.F.);
#3094=ORIENTED_EDGE('',*,*,#4581,.F.);
#3095=ORIENTED_EDGE('',*,*,#4579,.F.);
#3096=ORIENTED_EDGE('',*,*,#4577,.F.);
#3097=ORIENTED_EDGE('',*,*,#4575,.F.);
#3098=ORIENTED_EDGE('',*,*,#4573,.F.);
#3099=ORIENTED_EDGE('',*,*,#4571,.F.);
#3100=ORIENTED_EDGE('',*,*,#4569,.F.);
#3101=ORIENTED_EDGE('',*,*,#4567,.F.);
#3102=ORIENTED_EDGE('',*,*,#4565,.F.);
#3103=ORIENTED_EDGE('',*,*,#4593,.T.);
#3104=ORIENTED_EDGE('',*,*,#4597,.T.);
#3105=ORIENTED_EDGE('',*,*,#4600,.T.);
#3106=ORIENTED_EDGE('',*,*,#4603,.T.);
#3107=ORIENTED_EDGE('',*,*,#4606,.T.);
#3108=ORIENTED_EDGE('',*,*,#4609,.T.);
#3109=ORIENTED_EDGE('',*,*,#4612,.T.);
#3110=ORIENTED_EDGE('',*,*,#4615,.T.);
#3111=ORIENTED_EDGE('',*,*,#4618,.T.);
#3112=ORIENTED_EDGE('',*,*,#4621,.T.);
#3113=ORIENTED_EDGE('',*,*,#3750,.F.);
#3114=ORIENTED_EDGE('',*,*,#4624,.F.);
#3115=ORIENTED_EDGE('',*,*,#4625,.T.);
#3116=ORIENTED_EDGE('',*,*,#4626,.T.);
#3117=ORIENTED_EDGE('',*,*,#3751,.F.);
#3118=ORIENTED_EDGE('',*,*,#4626,.F.);
#3119=ORIENTED_EDGE('',*,*,#4627,.T.);
#3120=ORIENTED_EDGE('',*,*,#4628,.T.);
#3121=ORIENTED_EDGE('',*,*,#3752,.F.);
#3122=ORIENTED_EDGE('',*,*,#4628,.F.);
#3123=ORIENTED_EDGE('',*,*,#4629,.T.);
#3124=ORIENTED_EDGE('',*,*,#4630,.T.);
#3125=ORIENTED_EDGE('',*,*,#3753,.F.);
#3126=ORIENTED_EDGE('',*,*,#4630,.F.);
#3127=ORIENTED_EDGE('',*,*,#4631,.T.);
#3128=ORIENTED_EDGE('',*,*,#4632,.T.);
#3129=ORIENTED_EDGE('',*,*,#3754,.F.);
#3130=ORIENTED_EDGE('',*,*,#4632,.F.);
#3131=ORIENTED_EDGE('',*,*,#4633,.T.);
#3132=ORIENTED_EDGE('',*,*,#4634,.T.);
#3133=ORIENTED_EDGE('',*,*,#3755,.F.);
#3134=ORIENTED_EDGE('',*,*,#4634,.F.);
#3135=ORIENTED_EDGE('',*,*,#4635,.T.);
#3136=ORIENTED_EDGE('',*,*,#4636,.T.);
#3137=ORIENTED_EDGE('',*,*,#3756,.F.);
#3138=ORIENTED_EDGE('',*,*,#4636,.F.);
#3139=ORIENTED_EDGE('',*,*,#4637,.T.);
#3140=ORIENTED_EDGE('',*,*,#4638,.T.);
#3141=ORIENTED_EDGE('',*,*,#3757,.F.);
#3142=ORIENTED_EDGE('',*,*,#4638,.F.);
#3143=ORIENTED_EDGE('',*,*,#4639,.T.);
#3144=ORIENTED_EDGE('',*,*,#4640,.T.);
#3145=ORIENTED_EDGE('',*,*,#3758,.F.);
#3146=ORIENTED_EDGE('',*,*,#4640,.F.);
#3147=ORIENTED_EDGE('',*,*,#4641,.T.);
#3148=ORIENTED_EDGE('',*,*,#4642,.T.);
#3149=ORIENTED_EDGE('',*,*,#3759,.F.);
#3150=ORIENTED_EDGE('',*,*,#4642,.F.);
#3151=ORIENTED_EDGE('',*,*,#4643,.T.);
#3152=ORIENTED_EDGE('',*,*,#4644,.T.);
#3153=ORIENTED_EDGE('',*,*,#3760,.F.);
#3154=ORIENTED_EDGE('',*,*,#4644,.F.);
#3155=ORIENTED_EDGE('',*,*,#4645,.T.);
#3156=ORIENTED_EDGE('',*,*,#4646,.T.);
#3157=ORIENTED_EDGE('',*,*,#3761,.F.);
#3158=ORIENTED_EDGE('',*,*,#4646,.F.);
#3159=ORIENTED_EDGE('',*,*,#4647,.T.);
#3160=ORIENTED_EDGE('',*,*,#4648,.T.);
#3161=ORIENTED_EDGE('',*,*,#3762,.F.);
#3162=ORIENTED_EDGE('',*,*,#4648,.F.);
#3163=ORIENTED_EDGE('',*,*,#4649,.T.);
#3164=ORIENTED_EDGE('',*,*,#4650,.T.);
#3165=ORIENTED_EDGE('',*,*,#3763,.F.);
#3166=ORIENTED_EDGE('',*,*,#4650,.F.);
#3167=ORIENTED_EDGE('',*,*,#4651,.T.);
#3168=ORIENTED_EDGE('',*,*,#4652,.T.);
#3169=ORIENTED_EDGE('',*,*,#3764,.F.);
#3170=ORIENTED_EDGE('',*,*,#4652,.F.);
#3171=ORIENTED_EDGE('',*,*,#4653,.T.);
#3172=ORIENTED_EDGE('',*,*,#4654,.T.);
#3173=ORIENTED_EDGE('',*,*,#3765,.F.);
#3174=ORIENTED_EDGE('',*,*,#4654,.F.);
#3175=ORIENTED_EDGE('',*,*,#4655,.T.);
#3176=ORIENTED_EDGE('',*,*,#4656,.T.);
#3177=ORIENTED_EDGE('',*,*,#3766,.F.);
#3178=ORIENTED_EDGE('',*,*,#4656,.F.);
#3179=ORIENTED_EDGE('',*,*,#4657,.T.);
#3180=ORIENTED_EDGE('',*,*,#4658,.T.);
#3181=ORIENTED_EDGE('',*,*,#3767,.F.);
#3182=ORIENTED_EDGE('',*,*,#4658,.F.);
#3183=ORIENTED_EDGE('',*,*,#4659,.T.);
#3184=ORIENTED_EDGE('',*,*,#4660,.T.);
#3185=ORIENTED_EDGE('',*,*,#3768,.F.);
#3186=ORIENTED_EDGE('',*,*,#4660,.F.);
#3187=ORIENTED_EDGE('',*,*,#4661,.T.);
#3188=ORIENTED_EDGE('',*,*,#4662,.T.);
#3189=ORIENTED_EDGE('',*,*,#3769,.F.);
#3190=ORIENTED_EDGE('',*,*,#4662,.F.);
#3191=ORIENTED_EDGE('',*,*,#4663,.T.);
#3192=ORIENTED_EDGE('',*,*,#4664,.T.);
#3193=ORIENTED_EDGE('',*,*,#3770,.F.);
#3194=ORIENTED_EDGE('',*,*,#4664,.F.);
#3195=ORIENTED_EDGE('',*,*,#4665,.T.);
#3196=ORIENTED_EDGE('',*,*,#4666,.T.);
#3197=ORIENTED_EDGE('',*,*,#4667,.F.);
#3198=ORIENTED_EDGE('',*,*,#4668,.F.);
#3199=ORIENTED_EDGE('',*,*,#4669,.T.);
#3200=ORIENTED_EDGE('',*,*,#4670,.T.);
#3201=ORIENTED_EDGE('',*,*,#4671,.F.);
#3202=ORIENTED_EDGE('',*,*,#4670,.F.);
#3203=ORIENTED_EDGE('',*,*,#4672,.T.);
#3204=ORIENTED_EDGE('',*,*,#4673,.T.);
#3205=ORIENTED_EDGE('',*,*,#4674,.F.);
#3206=ORIENTED_EDGE('',*,*,#4673,.F.);
#3207=ORIENTED_EDGE('',*,*,#4675,.T.);
#3208=ORIENTED_EDGE('',*,*,#4676,.T.);
#3209=ORIENTED_EDGE('',*,*,#4677,.F.);
#3210=ORIENTED_EDGE('',*,*,#4676,.F.);
#3211=ORIENTED_EDGE('',*,*,#4678,.T.);
#3212=ORIENTED_EDGE('',*,*,#4679,.T.);
#3213=ORIENTED_EDGE('',*,*,#4680,.F.);
#3214=ORIENTED_EDGE('',*,*,#4679,.F.);
#3215=ORIENTED_EDGE('',*,*,#4681,.T.);
#3216=ORIENTED_EDGE('',*,*,#4682,.T.);
#3217=ORIENTED_EDGE('',*,*,#4683,.F.);
#3218=ORIENTED_EDGE('',*,*,#4682,.F.);
#3219=ORIENTED_EDGE('',*,*,#4684,.T.);
#3220=ORIENTED_EDGE('',*,*,#4685,.T.);
#3221=ORIENTED_EDGE('',*,*,#4686,.F.);
#3222=ORIENTED_EDGE('',*,*,#4685,.F.);
#3223=ORIENTED_EDGE('',*,*,#4687,.T.);
#3224=ORIENTED_EDGE('',*,*,#4688,.T.);
#3225=ORIENTED_EDGE('',*,*,#4689,.F.);
#3226=ORIENTED_EDGE('',*,*,#4688,.F.);
#3227=ORIENTED_EDGE('',*,*,#4690,.T.);
#3228=ORIENTED_EDGE('',*,*,#4691,.T.);
#3229=ORIENTED_EDGE('',*,*,#4692,.F.);
#3230=ORIENTED_EDGE('',*,*,#4691,.F.);
#3231=ORIENTED_EDGE('',*,*,#4693,.T.);
#3232=ORIENTED_EDGE('',*,*,#4694,.T.);
#3233=ORIENTED_EDGE('',*,*,#4695,.F.);
#3234=ORIENTED_EDGE('',*,*,#4694,.F.);
#3235=ORIENTED_EDGE('',*,*,#4696,.T.);
#3236=ORIENTED_EDGE('',*,*,#4668,.T.);
#3237=ORIENTED_EDGE('',*,*,#3771,.F.);
#3238=ORIENTED_EDGE('',*,*,#4666,.F.);
#3239=ORIENTED_EDGE('',*,*,#4697,.T.);
#3240=ORIENTED_EDGE('',*,*,#4624,.T.);
#3241=ORIENTED_EDGE('',*,*,#4669,.F.);
#3242=ORIENTED_EDGE('',*,*,#4696,.F.);
#3243=ORIENTED_EDGE('',*,*,#4693,.F.);
#3244=ORIENTED_EDGE('',*,*,#4690,.F.);
#3245=ORIENTED_EDGE('',*,*,#4687,.F.);
#3246=ORIENTED_EDGE('',*,*,#4684,.F.);
#3247=ORIENTED_EDGE('',*,*,#4681,.F.);
#3248=ORIENTED_EDGE('',*,*,#4678,.F.);
#3249=ORIENTED_EDGE('',*,*,#4675,.F.);
#3250=ORIENTED_EDGE('',*,*,#4672,.F.);
#3251=ORIENTED_EDGE('',*,*,#4625,.F.);
#3252=ORIENTED_EDGE('',*,*,#4697,.F.);
#3253=ORIENTED_EDGE('',*,*,#4665,.F.);
#3254=ORIENTED_EDGE('',*,*,#4663,.F.);
#3255=ORIENTED_EDGE('',*,*,#4661,.F.);
#3256=ORIENTED_EDGE('',*,*,#4659,.F.);
#3257=ORIENTED_EDGE('',*,*,#4657,.F.);
#3258=ORIENTED_EDGE('',*,*,#4655,.F.);
#3259=ORIENTED_EDGE('',*,*,#4653,.F.);
#3260=ORIENTED_EDGE('',*,*,#4651,.F.);
#3261=ORIENTED_EDGE('',*,*,#4649,.F.);
#3262=ORIENTED_EDGE('',*,*,#4647,.F.);
#3263=ORIENTED_EDGE('',*,*,#4645,.F.);
#3264=ORIENTED_EDGE('',*,*,#4643,.F.);
#3265=ORIENTED_EDGE('',*,*,#4641,.F.);
#3266=ORIENTED_EDGE('',*,*,#4639,.F.);
#3267=ORIENTED_EDGE('',*,*,#4637,.F.);
#3268=ORIENTED_EDGE('',*,*,#4635,.F.);
#3269=ORIENTED_EDGE('',*,*,#4633,.F.);
#3270=ORIENTED_EDGE('',*,*,#4631,.F.);
#3271=ORIENTED_EDGE('',*,*,#4629,.F.);
#3272=ORIENTED_EDGE('',*,*,#4627,.F.);
#3273=ORIENTED_EDGE('',*,*,#4667,.T.);
#3274=ORIENTED_EDGE('',*,*,#4671,.T.);
#3275=ORIENTED_EDGE('',*,*,#4674,.T.);
#3276=ORIENTED_EDGE('',*,*,#4677,.T.);
#3277=ORIENTED_EDGE('',*,*,#4680,.T.);
#3278=ORIENTED_EDGE('',*,*,#4683,.T.);
#3279=ORIENTED_EDGE('',*,*,#4686,.T.);
#3280=ORIENTED_EDGE('',*,*,#4689,.T.);
#3281=ORIENTED_EDGE('',*,*,#4692,.T.);
#3282=ORIENTED_EDGE('',*,*,#4695,.T.);
#3283=ORIENTED_EDGE('',*,*,#3834,.T.);
#3284=ORIENTED_EDGE('',*,*,#3838,.T.);
#3285=ORIENTED_EDGE('',*,*,#3841,.T.);
#3286=ORIENTED_EDGE('',*,*,#3844,.T.);
#3287=ORIENTED_EDGE('',*,*,#3847,.T.);
#3288=ORIENTED_EDGE('',*,*,#3850,.T.);
#3289=ORIENTED_EDGE('',*,*,#3853,.T.);
#3290=ORIENTED_EDGE('',*,*,#3856,.T.);
#3291=ORIENTED_EDGE('',*,*,#3859,.T.);
#3292=ORIENTED_EDGE('',*,*,#3920,.T.);
#3293=ORIENTED_EDGE('',*,*,#4360,.T.);
#3294=ORIENTED_EDGE('',*,*,#4364,.T.);
#3295=ORIENTED_EDGE('',*,*,#4367,.T.);
#3296=ORIENTED_EDGE('',*,*,#4370,.T.);
#3297=ORIENTED_EDGE('',*,*,#4373,.T.);
#3298=ORIENTED_EDGE('',*,*,#4376,.T.);
#3299=ORIENTED_EDGE('',*,*,#4379,.T.);
#3300=ORIENTED_EDGE('',*,*,#4382,.T.);
#3301=ORIENTED_EDGE('',*,*,#4385,.T.);
#3302=ORIENTED_EDGE('',*,*,#4420,.T.);
#3303=ORIENTED_EDGE('',*,*,#4698,.F.);
#3304=ORIENTED_EDGE('',*,*,#4699,.F.);
#3305=ORIENTED_EDGE('',*,*,#4700,.T.);
#3306=ORIENTED_EDGE('',*,*,#4701,.T.);
#3307=ORIENTED_EDGE('',*,*,#4702,.T.);
#3308=ORIENTED_EDGE('',*,*,#4703,.F.);
#3309=ORIENTED_EDGE('',*,*,#4704,.F.);
#3310=ORIENTED_EDGE('',*,*,#4699,.T.);
#3311=ORIENTED_EDGE('',*,*,#4705,.T.);
#3312=ORIENTED_EDGE('',*,*,#4706,.T.);
#3313=ORIENTED_EDGE('',*,*,#4707,.F.);
#3314=ORIENTED_EDGE('',*,*,#4703,.T.);
#3315=ORIENTED_EDGE('',*,*,#4708,.T.);
#3316=ORIENTED_EDGE('',*,*,#4709,.T.);
#3317=ORIENTED_EDGE('',*,*,#4710,.F.);
#3318=ORIENTED_EDGE('',*,*,#4711,.T.);
#3319=ORIENTED_EDGE('',*,*,#4712,.F.);
#3320=ORIENTED_EDGE('',*,*,#4713,.T.);
#3321=ORIENTED_EDGE('',*,*,#4714,.T.);
#3322=ORIENTED_EDGE('',*,*,#4715,.F.);
#3323=ORIENTED_EDGE('',*,*,#4716,.F.);
#3324=ORIENTED_EDGE('',*,*,#4717,.F.);
#3325=ORIENTED_EDGE('',*,*,#4718,.T.);
#3326=ORIENTED_EDGE('',*,*,#4715,.T.);
#3327=ORIENTED_EDGE('',*,*,#4719,.F.);
#3328=ORIENTED_EDGE('',*,*,#4720,.F.);
#3329=ORIENTED_EDGE('',*,*,#4721,.T.);
#3330=ORIENTED_EDGE('',*,*,#4717,.T.);
#3331=ORIENTED_EDGE('',*,*,#4722,.F.);
#3332=ORIENTED_EDGE('',*,*,#4701,.F.);
#3333=ORIENTED_EDGE('',*,*,#4723,.T.);
#3334=ORIENTED_EDGE('',*,*,#4720,.T.);
#3335=ORIENTED_EDGE('',*,*,#4710,.T.);
#3336=ORIENTED_EDGE('',*,*,#4724,.T.);
#3337=ORIENTED_EDGE('',*,*,#4712,.T.);
#3338=ORIENTED_EDGE('',*,*,#4718,.F.);
#3339=ORIENTED_EDGE('',*,*,#4721,.F.);
#3340=ORIENTED_EDGE('',*,*,#4723,.F.);
#3341=ORIENTED_EDGE('',*,*,#4700,.F.);
#3342=ORIENTED_EDGE('',*,*,#4704,.T.);
#3343=ORIENTED_EDGE('',*,*,#4707,.T.);
#3344=ORIENTED_EDGE('',*,*,#4725,.T.);
#3345=ORIENTED_EDGE('',*,*,#4714,.F.);
#3346=ORIENTED_EDGE('',*,*,#4726,.T.);
#3347=ORIENTED_EDGE('',*,*,#4708,.F.);
#3348=ORIENTED_EDGE('',*,*,#4727,.T.);
#3349=ORIENTED_EDGE('',*,*,#4705,.F.);
#3350=ORIENTED_EDGE('',*,*,#4702,.F.);
#3351=ORIENTED_EDGE('',*,*,#4698,.T.);
#3352=ORIENTED_EDGE('',*,*,#4722,.T.);
#3353=ORIENTED_EDGE('',*,*,#4719,.T.);
#3354=ORIENTED_EDGE('',*,*,#4716,.T.);
#3355=ORIENTED_EDGE('',*,*,#4724,.F.);
#3356=ORIENTED_EDGE('',*,*,#4709,.F.);
#3357=ORIENTED_EDGE('',*,*,#4726,.F.);
#3358=ORIENTED_EDGE('',*,*,#4713,.F.);
#3359=ORIENTED_EDGE('',*,*,#4725,.F.);
#3360=ORIENTED_EDGE('',*,*,#4706,.F.);
#3361=ORIENTED_EDGE('',*,*,#4727,.F.);
#3362=ORIENTED_EDGE('',*,*,#4711,.F.);
#3363=ORIENTED_EDGE('',*,*,#4728,.F.);
#3364=ORIENTED_EDGE('',*,*,#4729,.F.);
#3365=ORIENTED_EDGE('',*,*,#4730,.T.);
#3366=ORIENTED_EDGE('',*,*,#4731,.T.);
#3367=ORIENTED_EDGE('',*,*,#4732,.T.);
#3368=ORIENTED_EDGE('',*,*,#4733,.F.);
#3369=ORIENTED_EDGE('',*,*,#4734,.F.);
#3370=ORIENTED_EDGE('',*,*,#4729,.T.);
#3371=ORIENTED_EDGE('',*,*,#4735,.T.);
#3372=ORIENTED_EDGE('',*,*,#4736,.F.);
#3373=ORIENTED_EDGE('',*,*,#4737,.F.);
#3374=ORIENTED_EDGE('',*,*,#4733,.T.);
#3375=ORIENTED_EDGE('',*,*,#4738,.F.);
#3376=ORIENTED_EDGE('',*,*,#4731,.F.);
#3377=ORIENTED_EDGE('',*,*,#4739,.T.);
#3378=ORIENTED_EDGE('',*,*,#4736,.T.);
#3379=ORIENTED_EDGE('',*,*,#4730,.F.);
#3380=ORIENTED_EDGE('',*,*,#4734,.T.);
#3381=ORIENTED_EDGE('',*,*,#4737,.T.);
#3382=ORIENTED_EDGE('',*,*,#4739,.F.);
#3383=ORIENTED_EDGE('',*,*,#4728,.T.);
#3384=ORIENTED_EDGE('',*,*,#4738,.T.);
#3385=ORIENTED_EDGE('',*,*,#4735,.F.);
#3386=ORIENTED_EDGE('',*,*,#4732,.F.);
#3387=EDGE_CURVE('',#4740,#4741,#5644,.T.);
#3388=EDGE_CURVE('',#4742,#4740,#5645,.T.);
#3389=EDGE_CURVE('',#4742,#4743,#5646,.T.);
#3390=EDGE_CURVE('',#4743,#4741,#5647,.T.);
#3391=EDGE_CURVE('',#4744,#4740,#5648,.T.);
#3392=EDGE_CURVE('',#4745,#4744,#5649,.T.);
#3393=EDGE_CURVE('',#4745,#4742,#5650,.T.);
#3394=EDGE_CURVE('',#4744,#4746,#5651,.T.);
#3395=EDGE_CURVE('',#4746,#4747,#5652,.F.);
#3396=EDGE_CURVE('',#4745,#4747,#5653,.T.);
#3397=EDGE_CURVE('',#4748,#4749,#5654,.T.);
#3398=EDGE_CURVE('',#4748,#4750,#5655,.T.);
#3399=EDGE_CURVE('',#4750,#4751,#5656,.T.);
#3400=EDGE_CURVE('',#4751,#4749,#5657,.F.);
#3401=EDGE_CURVE('',#4752,#4753,#5658,.T.);
#3402=EDGE_CURVE('',#4753,#4754,#5659,.F.);
#3403=EDGE_CURVE('',#4755,#4754,#5660,.T.);
#3404=EDGE_CURVE('',#4755,#4752,#5661,.T.);
#3405=EDGE_CURVE('',#4756,#4757,#5662,.T.);
#3406=EDGE_CURVE('',#4756,#4758,#5663,.T.);
#3407=EDGE_CURVE('',#4758,#4759,#5664,.T.);
#3408=EDGE_CURVE('',#4757,#4759,#5665,.T.);
#3409=EDGE_CURVE('',#4760,#4759,#5666,.T.);
#3410=EDGE_CURVE('',#4761,#4760,#5667,.T.);
#3411=EDGE_CURVE('',#4761,#4757,#5668,.T.);
#3412=EDGE_CURVE('',#4762,#4760,#5669,.T.);
#3413=EDGE_CURVE('',#4763,#4762,#5670,.T.);
#3414=EDGE_CURVE('',#4763,#4761,#5671,.T.);
#3415=EDGE_CURVE('',#4764,#4762,#5672,.T.);
#3416=EDGE_CURVE('',#4765,#4764,#5673,.T.);
#3417=EDGE_CURVE('',#4765,#4763,#5674,.T.);
#3418=EDGE_CURVE('',#4766,#4766,#630,.T.);
#3419=EDGE_CURVE('',#4767,#4767,#631,.T.);
#3420=EDGE_CURVE('',#4768,#4768,#632,.T.);
#3421=EDGE_CURVE('',#4769,#4769,#633,.T.);
#3422=EDGE_CURVE('',#4741,#4764,#5675,.T.);
#3423=EDGE_CURVE('',#4743,#4765,#5676,.T.);
#3424=EDGE_CURVE('',#4770,#4770,#634,.T.);
#3425=EDGE_CURVE('',#4771,#4771,#635,.T.);
#3426=EDGE_CURVE('',#4754,#4756,#636,.T.);
#3427=EDGE_CURVE('',#4747,#4748,#637,.T.);
#3428=EDGE_CURVE('',#4749,#4755,#638,.T.);
#3429=EDGE_CURVE('',#4758,#4753,#639,.F.);
#3430=EDGE_CURVE('',#4752,#4751,#640,.F.);
#3431=EDGE_CURVE('',#4750,#4746,#641,.F.);
#3432=EDGE_CURVE('',#4772,#4773,#642,.F.);
#3433=EDGE_CURVE('',#4773,#4774,#5677,.T.);
#3434=EDGE_CURVE('',#4774,#4775,#214,.T.);
#3435=EDGE_CURVE('',#4775,#4776,#215,.T.);
#3436=EDGE_CURVE('',#4776,#4777,#5678,.T.);
#3437=EDGE_CURVE('',#4777,#4778,#216,.T.);
#3438=EDGE_CURVE('',#4778,#4779,#217,.T.);
#3439=EDGE_CURVE('',#4779,#4780,#5679,.T.);
#3440=EDGE_CURVE('',#4780,#4781,#218,.T.);
#3441=EDGE_CURVE('',#4781,#4782,#5680,.T.);
#3442=EDGE_CURVE('',#4782,#4783,#219,.T.);
#3443=EDGE_CURVE('',#4783,#4784,#5681,.T.);
#3444=EDGE_CURVE('',#4784,#4785,#220,.T.);
#3445=EDGE_CURVE('',#4785,#4786,#5682,.T.);
#3446=EDGE_CURVE('',#4786,#4787,#5683,.T.);
#3447=EDGE_CURVE('',#4787,#4772,#643,.F.);
#3448=EDGE_CURVE('',#4788,#4789,#221,.T.);
#3449=EDGE_CURVE('',#4789,#4790,#5684,.T.);
#3450=EDGE_CURVE('',#4790,#4791,#222,.T.);
#3451=EDGE_CURVE('',#4791,#4792,#5685,.T.);
#3452=EDGE_CURVE('',#4792,#4793,#223,.T.);
#3453=EDGE_CURVE('',#4793,#4794,#5686,.T.);
#3454=EDGE_CURVE('',#4794,#4795,#224,.T.);
#3455=EDGE_CURVE('',#4795,#4796,#5687,.T.);
#3456=EDGE_CURVE('',#4796,#4797,#225,.T.);
#3457=EDGE_CURVE('',#4797,#4798,#5688,.T.);
#3458=EDGE_CURVE('',#4798,#4799,#226,.T.);
#3459=EDGE_CURVE('',#4799,#4788,#5689,.T.);
#3460=EDGE_CURVE('',#4800,#4801,#227,.T.);
#3461=EDGE_CURVE('',#4801,#4802,#5690,.T.);
#3462=EDGE_CURVE('',#4802,#4803,#228,.T.);
#3463=EDGE_CURVE('',#4803,#4804,#5691,.T.);
#3464=EDGE_CURVE('',#4804,#4805,#229,.T.);
#3465=EDGE_CURVE('',#4805,#4806,#5692,.T.);
#3466=EDGE_CURVE('',#4806,#4807,#5693,.T.);
#3467=EDGE_CURVE('',#4807,#4808,#644,.F.);
#3468=EDGE_CURVE('',#4808,#4809,#645,.F.);
#3469=EDGE_CURVE('',#4809,#4810,#5694,.T.);
#3470=EDGE_CURVE('',#4810,#4811,#230,.T.);
#3471=EDGE_CURVE('',#4811,#4812,#231,.T.);
#3472=EDGE_CURVE('',#4812,#4813,#5695,.T.);
#3473=EDGE_CURVE('',#4813,#4814,#232,.T.);
#3474=EDGE_CURVE('',#4814,#4815,#233,.T.);
#3475=EDGE_CURVE('',#4815,#4800,#5696,.T.);
#3476=EDGE_CURVE('',#4816,#4817,#234,.T.);
#3477=EDGE_CURVE('',#4817,#4818,#5697,.T.);
#3478=EDGE_CURVE('',#4818,#4819,#235,.T.);
#3479=EDGE_CURVE('',#4819,#4820,#5698,.T.);
#3480=EDGE_CURVE('',#4820,#4821,#236,.T.);
#3481=EDGE_CURVE('',#4821,#4822,#5699,.T.);
#3482=EDGE_CURVE('',#4822,#4823,#237,.T.);
#3483=EDGE_CURVE('',#4823,#4824,#238,.T.);
#3484=EDGE_CURVE('',#4824,#4825,#5700,.T.);
#3485=EDGE_CURVE('',#4825,#4826,#239,.T.);
#3486=EDGE_CURVE('',#4826,#4827,#5701,.T.);
#3487=EDGE_CURVE('',#4827,#4828,#5702,.T.);
#3488=EDGE_CURVE('',#4828,#4829,#240,.T.);
#3489=EDGE_CURVE('',#4829,#4830,#5703,.T.);
#3490=EDGE_CURVE('',#4830,#4831,#241,.T.);
#3491=EDGE_CURVE('',#4831,#4832,#242,.T.);
#3492=EDGE_CURVE('',#4832,#4833,#5704,.T.);
#3493=EDGE_CURVE('',#4833,#4834,#5705,.T.);
#3494=EDGE_CURVE('',#4834,#4835,#243,.T.);
#3495=EDGE_CURVE('',#4835,#4816,#5706,.T.);
#3496=EDGE_CURVE('',#4836,#4837,#244,.T.);
#3497=EDGE_CURVE('',#4837,#4838,#5707,.T.);
#3498=EDGE_CURVE('',#4838,#4839,#245,.T.);
#3499=EDGE_CURVE('',#4839,#4840,#5708,.T.);
#3500=EDGE_CURVE('',#4840,#4841,#246,.T.);
#3501=EDGE_CURVE('',#4841,#4842,#5709,.T.);
#3502=EDGE_CURVE('',#4842,#4843,#247,.T.);
#3503=EDGE_CURVE('',#4843,#4844,#5710,.T.);
#3504=EDGE_CURVE('',#4844,#4845,#5711,.T.);
#3505=EDGE_CURVE('',#4845,#4846,#5712,.T.);
#3506=EDGE_CURVE('',#4846,#4847,#248,.T.);
#3507=EDGE_CURVE('',#4847,#4848,#5713,.T.);
#3508=EDGE_CURVE('',#4848,#4849,#249,.T.);
#3509=EDGE_CURVE('',#4849,#4836,#5714,.T.);
#3510=EDGE_CURVE('',#4850,#4851,#250,.T.);
#3511=EDGE_CURVE('',#4851,#4852,#5715,.T.);
#3512=EDGE_CURVE('',#4852,#4853,#251,.T.);
#3513=EDGE_CURVE('',#4853,#4854,#5716,.T.);
#3514=EDGE_CURVE('',#4854,#4855,#252,.T.);
#3515=EDGE_CURVE('',#4855,#4856,#5717,.T.);
#3516=EDGE_CURVE('',#4856,#4857,#253,.T.);
#3517=EDGE_CURVE('',#4857,#4858,#5718,.T.);
#3518=EDGE_CURVE('',#4858,#4859,#5719,.T.);
#3519=EDGE_CURVE('',#4859,#4860,#254,.T.);
#3520=EDGE_CURVE('',#4860,#4861,#646,.F.);
#3521=EDGE_CURVE('',#4861,#4862,#5720,.T.);
#3522=EDGE_CURVE('',#4862,#4863,#255,.T.);
#3523=EDGE_CURVE('',#4863,#4864,#256,.T.);
#3524=EDGE_CURVE('',#4864,#4865,#5721,.T.);
#3525=EDGE_CURVE('',#4865,#4866,#257,.T.);
#3526=EDGE_CURVE('',#4866,#4867,#258,.T.);
#3527=EDGE_CURVE('',#4867,#4868,#5722,.T.);
#3528=EDGE_CURVE('',#4868,#4869,#259,.T.);
#3529=EDGE_CURVE('',#4869,#4870,#5723,.T.);
#3530=EDGE_CURVE('',#4870,#4871,#260,.T.);
#3531=EDGE_CURVE('',#4871,#4872,#5724,.T.);
#3532=EDGE_CURVE('',#4872,#4873,#261,.T.);
#3533=EDGE_CURVE('',#4873,#4874,#262,.T.);
#3534=EDGE_CURVE('',#4874,#4875,#5725,.T.);
#3535=EDGE_CURVE('',#4875,#4876,#263,.T.);
#3536=EDGE_CURVE('',#4876,#4877,#5726,.T.);
#3537=EDGE_CURVE('',#4877,#4878,#264,.T.);
#3538=EDGE_CURVE('',#4878,#4879,#5727,.T.);
#3539=EDGE_CURVE('',#4879,#4880,#265,.T.);
#3540=EDGE_CURVE('',#4880,#4881,#5728,.T.);
#3541=EDGE_CURVE('',#4881,#4882,#266,.T.);
#3542=EDGE_CURVE('',#4882,#4883,#267,.T.);
#3543=EDGE_CURVE('',#4883,#4884,#5729,.T.);
#3544=EDGE_CURVE('',#4884,#4885,#268,.T.);
#3545=EDGE_CURVE('',#4885,#4850,#5730,.T.);
#3546=EDGE_CURVE('',#4886,#4887,#269,.T.);
#3547=EDGE_CURVE('',#4887,#4888,#5731,.T.);
#3548=EDGE_CURVE('',#4888,#4889,#270,.T.);
#3549=EDGE_CURVE('',#4889,#4890,#5732,.T.);
#3550=EDGE_CURVE('',#4890,#4891,#271,.T.);
#3551=EDGE_CURVE('',#4891,#4892,#5733,.T.);
#3552=EDGE_CURVE('',#4892,#4893,#272,.T.);
#3553=EDGE_CURVE('',#4893,#4894,#5734,.T.);
#3554=EDGE_CURVE('',#4894,#4895,#273,.T.);
#3555=EDGE_CURVE('',#4895,#4896,#5735,.T.);
#3556=EDGE_CURVE('',#4896,#4897,#274,.T.);
#3557=EDGE_CURVE('',#4897,#4898,#5736,.T.);
#3558=EDGE_CURVE('',#4898,#4899,#275,.T.);
#3559=EDGE_CURVE('',#4899,#4900,#5737,.T.);
#3560=EDGE_CURVE('',#4900,#4901,#276,.T.);
#3561=EDGE_CURVE('',#4901,#4902,#5738,.T.);
#3562=EDGE_CURVE('',#4902,#4903,#277,.T.);
#3563=EDGE_CURVE('',#4903,#4904,#5739,.T.);
#3564=EDGE_CURVE('',#4904,#4905,#278,.T.);
#3565=EDGE_CURVE('',#4905,#4906,#5740,.T.);
#3566=EDGE_CURVE('',#4906,#4907,#279,.T.);
#3567=EDGE_CURVE('',#4907,#4908,#5741,.T.);
#3568=EDGE_CURVE('',#4908,#4909,#280,.T.);
#3569=EDGE_CURVE('',#4909,#4886,#5742,.T.);
#3570=EDGE_CURVE('',#4910,#4911,#281,.T.);
#3571=EDGE_CURVE('',#4911,#4912,#5743,.T.);
#3572=EDGE_CURVE('',#4912,#4913,#282,.T.);
#3573=EDGE_CURVE('',#4913,#4914,#5744,.T.);
#3574=EDGE_CURVE('',#4914,#4915,#283,.T.);
#3575=EDGE_CURVE('',#4915,#4916,#5745,.T.);
#3576=EDGE_CURVE('',#4916,#4917,#284,.T.);
#3577=EDGE_CURVE('',#4917,#4910,#5746,.T.);
#3578=EDGE_CURVE('',#4918,#4919,#285,.T.);
#3579=EDGE_CURVE('',#4919,#4920,#5747,.T.);
#3580=EDGE_CURVE('',#4920,#4921,#286,.T.);
#3581=EDGE_CURVE('',#4921,#4922,#5748,.T.);
#3582=EDGE_CURVE('',#4922,#4923,#287,.T.);
#3583=EDGE_CURVE('',#4923,#4924,#288,.T.);
#3584=EDGE_CURVE('',#4924,#4925,#5749,.T.);
#3585=EDGE_CURVE('',#4925,#4926,#289,.T.);
#3586=EDGE_CURVE('',#4926,#4927,#290,.T.);
#3587=EDGE_CURVE('',#4927,#4928,#291,.T.);
#3588=EDGE_CURVE('',#4928,#4929,#5750,.T.);
#3589=EDGE_CURVE('',#4929,#4930,#292,.T.);
#3590=EDGE_CURVE('',#4930,#4931,#293,.T.);
#3591=EDGE_CURVE('',#4931,#4918,#5751,.T.);
#3592=EDGE_CURVE('',#4932,#4933,#5752,.T.);
#3593=EDGE_CURVE('',#4934,#4932,#5753,.T.);
#3594=EDGE_CURVE('',#4935,#4934,#5754,.T.);
#3595=EDGE_CURVE('',#4936,#4935,#5755,.T.);
#3596=EDGE_CURVE('',#4936,#4937,#5756,.T.);
#3597=EDGE_CURVE('',#4938,#4937,#5757,.T.);
#3598=EDGE_CURVE('',#4939,#4938,#5758,.T.);
#3599=EDGE_CURVE('',#4940,#4939,#5759,.T.);
#3600=EDGE_CURVE('',#4941,#4940,#5760,.T.);
#3601=EDGE_CURVE('',#4942,#4941,#5761,.T.);
#3602=EDGE_CURVE('',#4942,#4943,#5762,.T.);
#3603=EDGE_CURVE('',#4944,#4943,#5763,.T.);
#3604=EDGE_CURVE('',#4945,#4944,#5764,.T.);
#3605=EDGE_CURVE('',#4946,#4945,#5765,.T.);
#3606=EDGE_CURVE('',#4946,#4947,#5766,.T.);
#3607=EDGE_CURVE('',#4948,#4947,#5767,.T.);
#3608=EDGE_CURVE('',#4933,#4948,#5768,.T.);
#3609=EDGE_CURVE('',#4949,#4950,#294,.T.);
#3610=EDGE_CURVE('',#4950,#4951,#5769,.T.);
#3611=EDGE_CURVE('',#4951,#4952,#295,.T.);
#3612=EDGE_CURVE('',#4952,#4953,#5770,.T.);
#3613=EDGE_CURVE('',#4953,#4954,#296,.T.);
#3614=EDGE_CURVE('',#4954,#4955,#5771,.T.);
#3615=EDGE_CURVE('',#4955,#4956,#297,.T.);
#3616=EDGE_CURVE('',#4956,#4957,#5772,.T.);
#3617=EDGE_CURVE('',#4957,#4958,#5773,.T.);
#3618=EDGE_CURVE('',#4958,#4959,#5774,.T.);
#3619=EDGE_CURVE('',#4959,#4960,#298,.T.);
#3620=EDGE_CURVE('',#4960,#4961,#5775,.T.);
#3621=EDGE_CURVE('',#4961,#4962,#299,.T.);
#3622=EDGE_CURVE('',#4962,#4949,#5776,.T.);
#3623=EDGE_CURVE('',#4963,#4964,#300,.T.);
#3624=EDGE_CURVE('',#4964,#4965,#5777,.T.);
#3625=EDGE_CURVE('',#4965,#4966,#301,.T.);
#3626=EDGE_CURVE('',#4966,#4967,#5778,.T.);
#3627=EDGE_CURVE('',#4967,#4968,#302,.T.);
#3628=EDGE_CURVE('',#4968,#4969,#5779,.T.);
#3629=EDGE_CURVE('',#4969,#4970,#303,.T.);
#3630=EDGE_CURVE('',#4970,#4971,#5780,.T.);
#3631=EDGE_CURVE('',#4971,#4972,#304,.T.);
#3632=EDGE_CURVE('',#4972,#4973,#5781,.T.);
#3633=EDGE_CURVE('',#4973,#4974,#305,.T.);
#3634=EDGE_CURVE('',#4974,#4975,#306,.T.);
#3635=EDGE_CURVE('',#4975,#4976,#5782,.T.);
#3636=EDGE_CURVE('',#4976,#4977,#5783,.T.);
#3637=EDGE_CURVE('',#4977,#4978,#5784,.T.);
#3638=EDGE_CURVE('',#4978,#4963,#307,.T.);
#3639=EDGE_CURVE('',#4979,#4980,#308,.T.);
#3640=EDGE_CURVE('',#4980,#4981,#5785,.T.);
#3641=EDGE_CURVE('',#4981,#4982,#309,.T.);
#3642=EDGE_CURVE('',#4982,#4983,#5786,.T.);
#3643=EDGE_CURVE('',#4983,#4984,#310,.T.);
#3644=EDGE_CURVE('',#4984,#4985,#5787,.T.);
#3645=EDGE_CURVE('',#4985,#4986,#311,.T.);
#3646=EDGE_CURVE('',#4986,#4979,#5788,.T.);
#3647=EDGE_CURVE('',#4987,#4988,#312,.T.);
#3648=EDGE_CURVE('',#4988,#4989,#5789,.T.);
#3649=EDGE_CURVE('',#4989,#4990,#313,.T.);
#3650=EDGE_CURVE('',#4990,#4991,#5790,.T.);
#3651=EDGE_CURVE('',#4991,#4992,#314,.T.);
#3652=EDGE_CURVE('',#4992,#4993,#315,.T.);
#3653=EDGE_CURVE('',#4993,#4994,#5791,.T.);
#3654=EDGE_CURVE('',#4994,#4995,#316,.T.);
#3655=EDGE_CURVE('',#4995,#4996,#317,.T.);
#3656=EDGE_CURVE('',#4996,#4997,#5792,.T.);
#3657=EDGE_CURVE('',#4997,#4998,#318,.T.);
#3658=EDGE_CURVE('',#4998,#4999,#5793,.T.);
#3659=EDGE_CURVE('',#4999,#5000,#319,.T.);
#3660=EDGE_CURVE('',#5000,#5001,#5794,.T.);
#3661=EDGE_CURVE('',#5001,#5002,#320,.T.);
#3662=EDGE_CURVE('',#5002,#5003,#321,.T.);
#3663=EDGE_CURVE('',#5003,#5004,#5795,.T.);
#3664=EDGE_CURVE('',#5004,#5005,#322,.T.);
#3665=EDGE_CURVE('',#5005,#5006,#323,.T.);
#3666=EDGE_CURVE('',#5006,#4987,#5796,.T.);
#3667=EDGE_CURVE('',#5007,#5008,#324,.T.);
#3668=EDGE_CURVE('',#5008,#5009,#5797,.T.);
#3669=EDGE_CURVE('',#5009,#5010,#325,.T.);
#3670=EDGE_CURVE('',#5010,#5011,#5798,.T.);
#3671=EDGE_CURVE('',#5011,#5012,#326,.T.);
#3672=EDGE_CURVE('',#5012,#5013,#5799,.T.);
#3673=EDGE_CURVE('',#5013,#5014,#327,.T.);
#3674=EDGE_CURVE('',#5014,#5015,#328,.T.);
#3675=EDGE_CURVE('',#5015,#5016,#5800,.T.);
#3676=EDGE_CURVE('',#5016,#5017,#329,.T.);
#3677=EDGE_CURVE('',#5017,#5018,#5801,.T.);
#3678=EDGE_CURVE('',#5018,#5019,#330,.T.);
#3679=EDGE_CURVE('',#5019,#5020,#5802,.T.);
#3680=EDGE_CURVE('',#5020,#5021,#331,.T.);
#3681=EDGE_CURVE('',#5021,#5022,#5803,.T.);
#3682=EDGE_CURVE('',#5022,#5023,#5804,.T.);
#3683=EDGE_CURVE('',#5023,#5024,#5805,.T.);
#3684=EDGE_CURVE('',#5024,#5025,#332,.T.);
#3685=EDGE_CURVE('',#5025,#5026,#5806,.T.);
#3686=EDGE_CURVE('',#5026,#5027,#333,.T.);
#3687=EDGE_CURVE('',#5027,#5028,#5807,.T.);
#3688=EDGE_CURVE('',#5028,#5007,#334,.T.);
#3689=EDGE_CURVE('',#5029,#5030,#335,.T.);
#3690=EDGE_CURVE('',#5030,#5031,#5808,.T.);
#3691=EDGE_CURVE('',#5031,#5032,#336,.T.);
#3692=EDGE_CURVE('',#5032,#5033,#5809,.T.);
#3693=EDGE_CURVE('',#5033,#5034,#337,.T.);
#3694=EDGE_CURVE('',#5034,#5035,#5810,.T.);
#3695=EDGE_CURVE('',#5035,#5036,#338,.T.);
#3696=EDGE_CURVE('',#5036,#5029,#5811,.T.);
#3697=EDGE_CURVE('',#5037,#5038,#339,.T.);
#3698=EDGE_CURVE('',#5038,#5039,#5812,.T.);
#3699=EDGE_CURVE('',#5039,#5040,#340,.T.);
#3700=EDGE_CURVE('',#5040,#5041,#5813,.T.);
#3701=EDGE_CURVE('',#5041,#5042,#341,.T.);
#3702=EDGE_CURVE('',#5042,#5043,#5814,.T.);
#3703=EDGE_CURVE('',#5043,#5044,#342,.T.);
#3704=EDGE_CURVE('',#5044,#5045,#5815,.T.);
#3705=EDGE_CURVE('',#5045,#5046,#343,.T.);
#3706=EDGE_CURVE('',#5046,#5047,#5816,.T.);
#3707=EDGE_CURVE('',#5047,#5048,#344,.T.);
#3708=EDGE_CURVE('',#5048,#5049,#345,.T.);
#3709=EDGE_CURVE('',#5049,#5050,#5817,.T.);
#3710=EDGE_CURVE('',#5050,#5051,#5818,.T.);
#3711=EDGE_CURVE('',#5051,#5052,#5819,.T.);
#3712=EDGE_CURVE('',#5052,#5037,#346,.T.);
#3713=EDGE_CURVE('',#5053,#5054,#347,.T.);
#3714=EDGE_CURVE('',#5054,#5055,#5820,.T.);
#3715=EDGE_CURVE('',#5055,#5056,#348,.T.);
#3716=EDGE_CURVE('',#5056,#5057,#349,.T.);
#3717=EDGE_CURVE('',#5057,#5058,#5821,.T.);
#3718=EDGE_CURVE('',#5058,#5059,#350,.T.);
#3719=EDGE_CURVE('',#5059,#5060,#351,.T.);
#3720=EDGE_CURVE('',#5060,#5061,#5822,.T.);
#3721=EDGE_CURVE('',#5061,#5062,#352,.T.);
#3722=EDGE_CURVE('',#5062,#5063,#353,.T.);
#3723=EDGE_CURVE('',#5063,#5064,#5823,.T.);
#3724=EDGE_CURVE('',#5064,#5065,#354,.T.);
#3725=EDGE_CURVE('',#5065,#5066,#5824,.T.);
#3726=EDGE_CURVE('',#5066,#5067,#355,.T.);
#3727=EDGE_CURVE('',#5067,#5068,#5825,.T.);
#3728=EDGE_CURVE('',#5068,#5069,#356,.T.);
#3729=EDGE_CURVE('',#5069,#5070,#357,.T.);
#3730=EDGE_CURVE('',#5070,#5071,#5826,.T.);
#3731=EDGE_CURVE('',#5071,#5072,#358,.T.);
#3732=EDGE_CURVE('',#5072,#5073,#5827,.T.);
#3733=EDGE_CURVE('',#5073,#5053,#359,.T.);
#3734=EDGE_CURVE('',#5074,#5075,#360,.T.);
#3735=EDGE_CURVE('',#5075,#5076,#5828,.T.);
#3736=EDGE_CURVE('',#5076,#5077,#361,.T.);
#3737=EDGE_CURVE('',#5077,#5078,#5829,.T.);
#3738=EDGE_CURVE('',#5078,#5079,#362,.T.);
#3739=EDGE_CURVE('',#5079,#5080,#5830,.T.);
#3740=EDGE_CURVE('',#5080,#5081,#363,.T.);
#3741=EDGE_CURVE('',#5081,#5082,#5831,.T.);
#3742=EDGE_CURVE('',#5082,#5083,#364,.T.);
#3743=EDGE_CURVE('',#5083,#5084,#5832,.T.);
#3744=EDGE_CURVE('',#5084,#5085,#365,.T.);
#3745=EDGE_CURVE('',#5085,#5086,#366,.T.);
#3746=EDGE_CURVE('',#5086,#5087,#5833,.T.);
#3747=EDGE_CURVE('',#5087,#5088,#5834,.T.);
#3748=EDGE_CURVE('',#5088,#5089,#5835,.T.);
#3749=EDGE_CURVE('',#5089,#5074,#367,.T.);
#3750=EDGE_CURVE('',#5090,#5091,#647,.F.);
#3751=EDGE_CURVE('',#5091,#5092,#5836,.T.);
#3752=EDGE_CURVE('',#5092,#5093,#368,.T.);
#3753=EDGE_CURVE('',#5093,#5094,#369,.T.);
#3754=EDGE_CURVE('',#5094,#5095,#5837,.T.);
#3755=EDGE_CURVE('',#5095,#5096,#370,.T.);
#3756=EDGE_CURVE('',#5096,#5097,#371,.T.);
#3757=EDGE_CURVE('',#5097,#5098,#5838,.T.);
#3758=EDGE_CURVE('',#5098,#5099,#648,.F.);
#3759=EDGE_CURVE('',#5099,#5100,#649,.F.);
#3760=EDGE_CURVE('',#5100,#5101,#5839,.T.);
#3761=EDGE_CURVE('',#5101,#5102,#5840,.T.);
#3762=EDGE_CURVE('',#5102,#5103,#372,.T.);
#3763=EDGE_CURVE('',#5103,#5104,#5841,.T.);
#3764=EDGE_CURVE('',#5104,#5105,#373,.T.);
#3765=EDGE_CURVE('',#5105,#5106,#5842,.T.);
#3766=EDGE_CURVE('',#5106,#5107,#374,.T.);
#3767=EDGE_CURVE('',#5107,#5108,#5843,.T.);
#3768=EDGE_CURVE('',#5108,#5109,#375,.T.);
#3769=EDGE_CURVE('',#5109,#5110,#5844,.T.);
#3770=EDGE_CURVE('',#5110,#5111,#5845,.T.);
#3771=EDGE_CURVE('',#5111,#5090,#650,.F.);
#3772=EDGE_CURVE('',#5112,#4933,#5846,.T.);
#3773=EDGE_CURVE('',#5113,#5112,#5847,.T.);
#3774=EDGE_CURVE('',#5113,#4932,#5848,.T.);
#3775=EDGE_CURVE('',#5114,#4948,#5849,.T.);
#3776=EDGE_CURVE('',#5112,#5114,#5850,.T.);
#3777=EDGE_CURVE('',#5115,#4947,#5851,.T.);
#3778=EDGE_CURVE('',#5114,#5115,#5852,.T.);
#3779=EDGE_CURVE('',#5116,#4946,#5853,.T.);
#3780=EDGE_CURVE('',#5116,#5115,#5854,.T.);
#3781=EDGE_CURVE('',#5117,#4945,#5855,.T.);
#3782=EDGE_CURVE('',#5116,#5117,#5856,.T.);
#3783=EDGE_CURVE('',#5118,#4944,#5857,.T.);
#3784=EDGE_CURVE('',#5117,#5118,#5858,.T.);
#3785=EDGE_CURVE('',#5119,#4943,#5859,.T.);
#3786=EDGE_CURVE('',#5118,#5119,#5860,.T.);
#3787=EDGE_CURVE('',#5120,#4942,#5861,.T.);
#3788=EDGE_CURVE('',#5120,#5119,#5862,.T.);
#3789=EDGE_CURVE('',#5121,#4941,#5863,.T.);
#3790=EDGE_CURVE('',#5120,#5121,#5864,.T.);
#3791=EDGE_CURVE('',#5122,#4940,#5865,.T.);
#3792=EDGE_CURVE('',#5121,#5122,#5866,.T.);
#3793=EDGE_CURVE('',#5123,#4939,#5867,.T.);
#3794=EDGE_CURVE('',#5122,#5123,#5868,.T.);
#3795=EDGE_CURVE('',#5124,#4938,#5869,.T.);
#3796=EDGE_CURVE('',#5123,#5124,#5870,.T.);
#3797=EDGE_CURVE('',#5125,#4937,#5871,.T.);
#3798=EDGE_CURVE('',#5124,#5125,#5872,.T.);
#3799=EDGE_CURVE('',#5126,#4936,#5873,.T.);
#3800=EDGE_CURVE('',#5126,#5125,#5874,.T.);
#3801=EDGE_CURVE('',#5127,#4935,#5875,.T.);
#3802=EDGE_CURVE('',#5126,#5127,#5876,.T.);
#3803=EDGE_CURVE('',#5128,#4934,#5877,.T.);
#3804=EDGE_CURVE('',#5127,#5128,#5878,.T.);
#3805=EDGE_CURVE('',#5128,#5113,#5879,.T.);
#3806=EDGE_CURVE('',#5129,#4949,#5880,.T.);
#3807=EDGE_CURVE('',#5129,#5130,#376,.T.);
#3808=EDGE_CURVE('',#5130,#4950,#5881,.T.);
#3809=EDGE_CURVE('',#5130,#5131,#5882,.T.);
#3810=EDGE_CURVE('',#5131,#4951,#5883,.T.);
#3811=EDGE_CURVE('',#5131,#5132,#377,.T.);
#3812=EDGE_CURVE('',#5132,#4952,#5884,.T.);
#3813=EDGE_CURVE('',#5132,#5133,#5885,.T.);
#3814=EDGE_CURVE('',#5133,#4953,#5886,.T.);
#3815=EDGE_CURVE('',#5133,#5134,#378,.T.);
#3816=EDGE_CURVE('',#5134,#4954,#5887,.T.);
#3817=EDGE_CURVE('',#5134,#5135,#5888,.T.);
#3818=EDGE_CURVE('',#5135,#4955,#5889,.T.);
#3819=EDGE_CURVE('',#5135,#5136,#379,.T.);
#3820=EDGE_CURVE('',#5136,#4956,#5890,.T.);
#3821=EDGE_CURVE('',#5136,#5137,#5891,.T.);
#3822=EDGE_CURVE('',#5137,#4957,#5892,.T.);
#3823=EDGE_CURVE('',#5137,#5138,#5893,.T.);
#3824=EDGE_CURVE('',#5138,#4958,#5894,.T.);
#3825=EDGE_CURVE('',#5138,#5139,#5895,.T.);
#3826=EDGE_CURVE('',#5139,#4959,#5896,.T.);
#3827=EDGE_CURVE('',#5139,#5140,#380,.T.);
#3828=EDGE_CURVE('',#5140,#4960,#5897,.T.);
#3829=EDGE_CURVE('',#5140,#5141,#5898,.T.);
#3830=EDGE_CURVE('',#5141,#4961,#5899,.T.);
#3831=EDGE_CURVE('',#5141,#5142,#381,.T.);
#3832=EDGE_CURVE('',#5142,#4962,#5900,.T.);
#3833=EDGE_CURVE('',#5142,#5129,#5901,.T.);
#3834=EDGE_CURVE('',#5143,#5144,#382,.T.);
#3835=EDGE_CURVE('',#5145,#5143,#5902,.T.);
#3836=EDGE_CURVE('',#5145,#5146,#383,.T.);
#3837=EDGE_CURVE('',#5146,#5144,#5903,.T.);
#3838=EDGE_CURVE('',#5144,#5147,#5904,.T.);
#3839=EDGE_CURVE('',#5146,#5148,#5905,.T.);
#3840=EDGE_CURVE('',#5148,#5147,#5906,.T.);
#3841=EDGE_CURVE('',#5147,#5149,#384,.T.);
#3842=EDGE_CURVE('',#5148,#5150,#385,.T.);
#3843=EDGE_CURVE('',#5150,#5149,#5907,.T.);
#3844=EDGE_CURVE('',#5149,#5151,#386,.T.);
#3845=EDGE_CURVE('',#5150,#5152,#387,.T.);
#3846=EDGE_CURVE('',#5152,#5151,#5908,.T.);
#3847=EDGE_CURVE('',#5151,#5153,#5909,.T.);
#3848=EDGE_CURVE('',#5152,#5154,#5910,.T.);
#3849=EDGE_CURVE('',#5154,#5153,#5911,.T.);
#3850=EDGE_CURVE('',#5153,#5155,#388,.T.);
#3851=EDGE_CURVE('',#5154,#5156,#389,.T.);
#3852=EDGE_CURVE('',#5156,#5155,#5912,.T.);
#3853=EDGE_CURVE('',#5155,#5157,#390,.T.);
#3854=EDGE_CURVE('',#5156,#5158,#391,.T.);
#3855=EDGE_CURVE('',#5158,#5157,#5913,.T.);
#3856=EDGE_CURVE('',#5157,#5159,#5914,.T.);
#3857=EDGE_CURVE('',#5158,#5160,#5915,.T.);
#3858=EDGE_CURVE('',#5160,#5159,#5916,.T.);
#3859=EDGE_CURVE('',#5159,#5161,#392,.T.);
#3860=EDGE_CURVE('',#5160,#5162,#393,.T.);
#3861=EDGE_CURVE('',#5162,#5161,#5917,.T.);
#3862=EDGE_CURVE('',#5163,#5164,#394,.T.);
#3863=EDGE_CURVE('',#5165,#5163,#5918,.T.);
#3864=EDGE_CURVE('',#5165,#5166,#395,.T.);
#3865=EDGE_CURVE('',#5166,#5164,#5919,.T.);
#3866=EDGE_CURVE('',#5164,#5167,#5920,.T.);
#3867=EDGE_CURVE('',#5166,#5168,#5921,.T.);
#3868=EDGE_CURVE('',#5168,#5167,#5922,.T.);
#3869=EDGE_CURVE('',#5167,#5169,#396,.T.);
#3870=EDGE_CURVE('',#5168,#5170,#397,.T.);
#3871=EDGE_CURVE('',#5170,#5169,#5923,.T.);
#3872=EDGE_CURVE('',#5169,#5171,#398,.T.);
#3873=EDGE_CURVE('',#5170,#5172,#399,.T.);
#3874=EDGE_CURVE('',#5172,#5171,#5924,.T.);
#3875=EDGE_CURVE('',#5171,#5173,#5925,.T.);
#3876=EDGE_CURVE('',#5172,#5174,#5926,.T.);
#3877=EDGE_CURVE('',#5174,#5173,#5927,.T.);
#3878=EDGE_CURVE('',#5173,#5175,#400,.T.);
#3879=EDGE_CURVE('',#5174,#5176,#401,.T.);
#3880=EDGE_CURVE('',#5176,#5175,#5928,.T.);
#3881=EDGE_CURVE('',#5175,#5177,#402,.T.);
#3882=EDGE_CURVE('',#5176,#5178,#403,.T.);
#3883=EDGE_CURVE('',#5178,#5177,#5929,.T.);
#3884=EDGE_CURVE('',#5177,#5179,#5930,.T.);
#3885=EDGE_CURVE('',#5178,#5180,#5931,.T.);
#3886=EDGE_CURVE('',#5180,#5179,#5932,.T.);
#3887=EDGE_CURVE('',#5179,#5181,#404,.T.);
#3888=EDGE_CURVE('',#5180,#5182,#405,.T.);
#3889=EDGE_CURVE('',#5182,#5181,#5933,.T.);
#3890=EDGE_CURVE('',#5183,#4918,#5934,.T.);
#3891=EDGE_CURVE('',#5183,#5184,#406,.T.);
#3892=EDGE_CURVE('',#5184,#4919,#5935,.T.);
#3893=EDGE_CURVE('',#5184,#5185,#5936,.T.);
#3894=EDGE_CURVE('',#5185,#4920,#5937,.T.);
#3895=EDGE_CURVE('',#5185,#5186,#407,.T.);
#3896=EDGE_CURVE('',#5186,#4921,#5938,.T.);
#3897=EDGE_CURVE('',#5186,#5187,#5939,.T.);
#3898=EDGE_CURVE('',#5187,#4922,#5940,.T.);
#3899=EDGE_CURVE('',#5187,#5188,#408,.T.);
#3900=EDGE_CURVE('',#5188,#4923,#5941,.T.);
#3901=EDGE_CURVE('',#5188,#5189,#409,.T.);
#3902=EDGE_CURVE('',#5189,#4924,#5942,.T.);
#3903=EDGE_CURVE('',#5189,#5190,#5943,.T.);
#3904=EDGE_CURVE('',#5190,#4925,#5944,.T.);
#3905=EDGE_CURVE('',#5190,#5191,#410,.T.);
#3906=EDGE_CURVE('',#5191,#4926,#5945,.T.);
#3907=EDGE_CURVE('',#5191,#5192,#411,.T.);
#3908=EDGE_CURVE('',#5192,#4927,#5946,.T.);
#3909=EDGE_CURVE('',#5192,#5193,#412,.T.);
#3910=EDGE_CURVE('',#5193,#4928,#5947,.T.);
#3911=EDGE_CURVE('',#5193,#5194,#5948,.T.);
#3912=EDGE_CURVE('',#5194,#4929,#5949,.T.);
#3913=EDGE_CURVE('',#5194,#5195,#413,.T.);
#3914=EDGE_CURVE('',#5195,#4930,#5950,.T.);
#3915=EDGE_CURVE('',#5195,#5196,#414,.T.);
#3916=EDGE_CURVE('',#5196,#4931,#5951,.T.);
#3917=EDGE_CURVE('',#5181,#5163,#5952,.T.);
#3918=EDGE_CURVE('',#5182,#5165,#5953,.T.);
#3919=EDGE_CURVE('',#5196,#5183,#5954,.T.);
#3920=EDGE_CURVE('',#5161,#5143,#5955,.T.);
#3921=EDGE_CURVE('',#5162,#5145,#5956,.T.);
#3922=EDGE_CURVE('',#5197,#4963,#5957,.T.);
#3923=EDGE_CURVE('',#5197,#5198,#415,.T.);
#3924=EDGE_CURVE('',#5198,#4964,#5958,.T.);
#3925=EDGE_CURVE('',#5198,#5199,#5959,.T.);
#3926=EDGE_CURVE('',#5199,#4965,#5960,.T.);
#3927=EDGE_CURVE('',#5199,#5200,#416,.T.);
#3928=EDGE_CURVE('',#5200,#4966,#5961,.T.);
#3929=EDGE_CURVE('',#5200,#5201,#5962,.T.);
#3930=EDGE_CURVE('',#5201,#4967,#5963,.T.);
#3931=EDGE_CURVE('',#5201,#5202,#417,.T.);
#3932=EDGE_CURVE('',#5202,#4968,#5964,.T.);
#3933=EDGE_CURVE('',#5202,#5203,#5965,.T.);
#3934=EDGE_CURVE('',#5203,#4969,#5966,.T.);
#3935=EDGE_CURVE('',#5203,#5204,#418,.T.);
#3936=EDGE_CURVE('',#5204,#4970,#5967,.T.);
#3937=EDGE_CURVE('',#5204,#5205,#5968,.T.);
#3938=EDGE_CURVE('',#5205,#4971,#5969,.T.);
#3939=EDGE_CURVE('',#5205,#5206,#419,.T.);
#3940=EDGE_CURVE('',#5206,#4972,#5970,.T.);
#3941=EDGE_CURVE('',#5206,#5207,#5971,.T.);
#3942=EDGE_CURVE('',#5207,#4973,#5972,.T.);
#3943=EDGE_CURVE('',#5207,#5208,#420,.T.);
#3944=EDGE_CURVE('',#5208,#4974,#5973,.T.);
#3945=EDGE_CURVE('',#5208,#5209,#421,.T.);
#3946=EDGE_CURVE('',#5209,#4975,#5974,.T.);
#3947=EDGE_CURVE('',#5209,#5210,#5975,.T.);
#3948=EDGE_CURVE('',#5210,#4976,#5976,.T.);
#3949=EDGE_CURVE('',#5210,#5211,#5977,.T.);
#3950=EDGE_CURVE('',#5211,#4977,#5978,.T.);
#3951=EDGE_CURVE('',#5211,#5212,#5979,.T.);
#3952=EDGE_CURVE('',#5212,#4978,#5980,.T.);
#3953=EDGE_CURVE('',#5213,#5214,#5981,.T.);
#3954=EDGE_CURVE('',#5215,#5213,#5982,.T.);
#3955=EDGE_CURVE('',#5215,#5216,#5983,.T.);
#3956=EDGE_CURVE('',#5216,#5214,#5984,.T.);
#3957=EDGE_CURVE('',#5214,#5217,#5985,.T.);
#3958=EDGE_CURVE('',#5216,#5218,#5986,.T.);
#3959=EDGE_CURVE('',#5218,#5217,#5987,.T.);
#3960=EDGE_CURVE('',#5217,#5219,#5988,.T.);
#3961=EDGE_CURVE('',#5218,#5220,#5989,.T.);
#3962=EDGE_CURVE('',#5220,#5219,#5990,.T.);
#3963=EDGE_CURVE('',#5219,#5213,#5991,.T.);
#3964=EDGE_CURVE('',#5220,#5215,#5992,.T.);
#3965=EDGE_CURVE('',#5212,#5197,#422,.T.);
#3966=EDGE_CURVE('',#5221,#4910,#5993,.T.);
#3967=EDGE_CURVE('',#5221,#5222,#423,.T.);
#3968=EDGE_CURVE('',#5222,#4911,#5994,.T.);
#3969=EDGE_CURVE('',#5222,#5223,#5995,.T.);
#3970=EDGE_CURVE('',#5223,#4912,#5996,.T.);
#3971=EDGE_CURVE('',#5223,#5224,#424,.T.);
#3972=EDGE_CURVE('',#5224,#4913,#5997,.T.);
#3973=EDGE_CURVE('',#5224,#5225,#5998,.T.);
#3974=EDGE_CURVE('',#5225,#4914,#5999,.T.);
#3975=EDGE_CURVE('',#5225,#5226,#425,.T.);
#3976=EDGE_CURVE('',#5226,#4915,#6000,.T.);
#3977=EDGE_CURVE('',#5226,#5227,#6001,.T.);
#3978=EDGE_CURVE('',#5227,#4916,#6002,.T.);
#3979=EDGE_CURVE('',#5227,#5228,#426,.T.);
#3980=EDGE_CURVE('',#5228,#4917,#6003,.T.);
#3981=EDGE_CURVE('',#5228,#5221,#6004,.T.);
#3982=EDGE_CURVE('',#5229,#4979,#6005,.T.);
#3983=EDGE_CURVE('',#5229,#5230,#427,.T.);
#3984=EDGE_CURVE('',#5230,#4980,#6006,.T.);
#3985=EDGE_CURVE('',#5230,#5231,#6007,.T.);
#3986=EDGE_CURVE('',#5231,#4981,#6008,.T.);
#3987=EDGE_CURVE('',#5231,#5232,#428,.T.);
#3988=EDGE_CURVE('',#5232,#4982,#6009,.T.);
#3989=EDGE_CURVE('',#5232,#5233,#6010,.T.);
#3990=EDGE_CURVE('',#5233,#4983,#6011,.T.);
#3991=EDGE_CURVE('',#5233,#5234,#429,.T.);
#3992=EDGE_CURVE('',#5234,#4984,#6012,.T.);
#3993=EDGE_CURVE('',#5234,#5235,#6013,.T.);
#3994=EDGE_CURVE('',#5235,#4985,#6014,.T.);
#3995=EDGE_CURVE('',#5235,#5236,#430,.T.);
#3996=EDGE_CURVE('',#5236,#4986,#6015,.T.);
#3997=EDGE_CURVE('',#5236,#5229,#6016,.T.);
#3998=EDGE_CURVE('',#5237,#4886,#6017,.T.);
#3999=EDGE_CURVE('',#5237,#5238,#431,.T.);
#4000=EDGE_CURVE('',#5238,#4887,#6018,.T.);
#4001=EDGE_CURVE('',#5238,#5239,#6019,.T.);
#4002=EDGE_CURVE('',#5239,#4888,#6020,.T.);
#4003=EDGE_CURVE('',#5239,#5240,#432,.T.);
#4004=EDGE_CURVE('',#5240,#4889,#6021,.T.);
#4005=EDGE_CURVE('',#5240,#5241,#6022,.T.);
#4006=EDGE_CURVE('',#5241,#4890,#6023,.T.);
#4007=EDGE_CURVE('',#5241,#5242,#433,.T.);
#4008=EDGE_CURVE('',#5242,#4891,#6024,.T.);
#4009=EDGE_CURVE('',#5242,#5243,#6025,.T.);
#4010=EDGE_CURVE('',#5243,#4892,#6026,.T.);
#4011=EDGE_CURVE('',#5243,#5244,#434,.T.);
#4012=EDGE_CURVE('',#5244,#4893,#6027,.T.);
#4013=EDGE_CURVE('',#5244,#5245,#6028,.T.);
#4014=EDGE_CURVE('',#5245,#4894,#6029,.T.);
#4015=EDGE_CURVE('',#5245,#5246,#435,.T.);
#4016=EDGE_CURVE('',#5246,#4895,#6030,.T.);
#4017=EDGE_CURVE('',#5246,#5247,#6031,.T.);
#4018=EDGE_CURVE('',#5247,#4896,#6032,.T.);
#4019=EDGE_CURVE('',#5247,#5248,#436,.T.);
#4020=EDGE_CURVE('',#5248,#4897,#6033,.T.);
#4021=EDGE_CURVE('',#5248,#5249,#6034,.T.);
#4022=EDGE_CURVE('',#5249,#4898,#6035,.T.);
#4023=EDGE_CURVE('',#5249,#5250,#437,.T.);
#4024=EDGE_CURVE('',#5250,#4899,#6036,.T.);
#4025=EDGE_CURVE('',#5250,#5251,#6037,.T.);
#4026=EDGE_CURVE('',#5251,#4900,#6038,.T.);
#4027=EDGE_CURVE('',#5251,#5252,#438,.T.);
#4028=EDGE_CURVE('',#5252,#4901,#6039,.T.);
#4029=EDGE_CURVE('',#5252,#5253,#6040,.T.);
#4030=EDGE_CURVE('',#5253,#4902,#6041,.T.);
#4031=EDGE_CURVE('',#5253,#5254,#439,.T.);
#4032=EDGE_CURVE('',#5254,#4903,#6042,.T.);
#4033=EDGE_CURVE('',#5254,#5255,#6043,.T.);
#4034=EDGE_CURVE('',#5255,#4904,#6044,.T.);
#4035=EDGE_CURVE('',#5255,#5256,#440,.T.);
#4036=EDGE_CURVE('',#5256,#4905,#6045,.T.);
#4037=EDGE_CURVE('',#5256,#5257,#6046,.T.);
#4038=EDGE_CURVE('',#5257,#4906,#6047,.T.);
#4039=EDGE_CURVE('',#5257,#5258,#441,.T.);
#4040=EDGE_CURVE('',#5258,#4907,#6048,.T.);
#4041=EDGE_CURVE('',#5258,#5259,#6049,.T.);
#4042=EDGE_CURVE('',#5259,#4908,#6050,.T.);
#4043=EDGE_CURVE('',#5259,#5260,#442,.T.);
#4044=EDGE_CURVE('',#5260,#4909,#6051,.T.);
#4045=EDGE_CURVE('',#5260,#5237,#6052,.T.);
#4046=EDGE_CURVE('',#5261,#4987,#6053,.T.);
#4047=EDGE_CURVE('',#5261,#5262,#443,.T.);
#4048=EDGE_CURVE('',#5262,#4988,#6054,.T.);
#4049=EDGE_CURVE('',#5262,#5263,#6055,.T.);
#4050=EDGE_CURVE('',#5263,#4989,#6056,.T.);
#4051=EDGE_CURVE('',#5263,#5264,#444,.T.);
#4052=EDGE_CURVE('',#5264,#4990,#6057,.T.);
#4053=EDGE_CURVE('',#5264,#5265,#6058,.T.);
#4054=EDGE_CURVE('',#5265,#4991,#6059,.T.);
#4055=EDGE_CURVE('',#5265,#5266,#445,.T.);
#4056=EDGE_CURVE('',#5266,#4992,#6060,.T.);
#4057=EDGE_CURVE('',#5266,#5267,#446,.T.);
#4058=EDGE_CURVE('',#5267,#4993,#6061,.T.);
#4059=EDGE_CURVE('',#5267,#5268,#6062,.T.);
#4060=EDGE_CURVE('',#5268,#4994,#6063,.T.);
#4061=EDGE_CURVE('',#5268,#5269,#447,.T.);
#4062=EDGE_CURVE('',#5269,#4995,#6064,.T.);
#4063=EDGE_CURVE('',#5269,#5270,#448,.T.);
#4064=EDGE_CURVE('',#5270,#4996,#6065,.T.);
#4065=EDGE_CURVE('',#5270,#5271,#6066,.T.);
#4066=EDGE_CURVE('',#5271,#4997,#6067,.T.);
#4067=EDGE_CURVE('',#5271,#5272,#449,.T.);
#4068=EDGE_CURVE('',#5272,#4998,#6068,.T.);
#4069=EDGE_CURVE('',#5272,#5273,#6069,.T.);
#4070=EDGE_CURVE('',#5273,#4999,#6070,.T.);
#4071=EDGE_CURVE('',#5273,#5274,#450,.T.);
#4072=EDGE_CURVE('',#5274,#5000,#6071,.T.);
#4073=EDGE_CURVE('',#5274,#5275,#6072,.T.);
#4074=EDGE_CURVE('',#5275,#5001,#6073,.T.);
#4075=EDGE_CURVE('',#5275,#5276,#451,.T.);
#4076=EDGE_CURVE('',#5276,#5002,#6074,.T.);
#4077=EDGE_CURVE('',#5276,#5277,#452,.T.);
#4078=EDGE_CURVE('',#5277,#5003,#6075,.T.);
#4079=EDGE_CURVE('',#5277,#5278,#6076,.T.);
#4080=EDGE_CURVE('',#5278,#5004,#6077,.T.);
#4081=EDGE_CURVE('',#5278,#5279,#453,.T.);
#4082=EDGE_CURVE('',#5279,#5005,#6078,.T.);
#4083=EDGE_CURVE('',#5279,#5280,#454,.T.);
#4084=EDGE_CURVE('',#5280,#5006,#6079,.T.);
#4085=EDGE_CURVE('',#5280,#5261,#6080,.T.);
#4086=EDGE_CURVE('',#5281,#4850,#6081,.T.);
#4087=EDGE_CURVE('',#5281,#5282,#455,.T.);
#4088=EDGE_CURVE('',#5282,#4851,#6082,.T.);
#4089=EDGE_CURVE('',#5282,#5283,#6083,.T.);
#4090=EDGE_CURVE('',#5283,#4852,#6084,.T.);
#4091=EDGE_CURVE('',#5283,#5284,#456,.T.);
#4092=EDGE_CURVE('',#5284,#4853,#6085,.T.);
#4093=EDGE_CURVE('',#5284,#5285,#6086,.T.);
#4094=EDGE_CURVE('',#5285,#4854,#6087,.T.);
#4095=EDGE_CURVE('',#5285,#5286,#457,.T.);
#4096=EDGE_CURVE('',#5286,#4855,#6088,.T.);
#4097=EDGE_CURVE('',#5286,#5287,#6089,.T.);
#4098=EDGE_CURVE('',#5287,#4856,#6090,.T.);
#4099=EDGE_CURVE('',#5287,#5288,#458,.T.);
#4100=EDGE_CURVE('',#5288,#4857,#6091,.T.);
#4101=EDGE_CURVE('',#5288,#5289,#6092,.T.);
#4102=EDGE_CURVE('',#5289,#4858,#6093,.T.);
#4103=EDGE_CURVE('',#5289,#5290,#6094,.T.);
#4104=EDGE_CURVE('',#5290,#4859,#6095,.T.);
#4105=EDGE_CURVE('',#5290,#5291,#459,.T.);
#4106=EDGE_CURVE('',#5291,#4860,#6096,.T.);
#4107=EDGE_CURVE('',#5291,#5292,#651,.F.);
#4108=EDGE_CURVE('',#5292,#4861,#6097,.T.);
#4109=EDGE_CURVE('',#5292,#5293,#6098,.T.);
#4110=EDGE_CURVE('',#5293,#4862,#6099,.T.);
#4111=EDGE_CURVE('',#5293,#5294,#460,.T.);
#4112=EDGE_CURVE('',#5294,#4863,#6100,.T.);
#4113=EDGE_CURVE('',#5294,#5295,#461,.T.);
#4114=EDGE_CURVE('',#5295,#4864,#6101,.T.);
#4115=EDGE_CURVE('',#5295,#5296,#6102,.T.);
#4116=EDGE_CURVE('',#5296,#4865,#6103,.T.);
#4117=EDGE_CURVE('',#5296,#5297,#462,.T.);
#4118=EDGE_CURVE('',#5297,#4866,#6104,.T.);
#4119=EDGE_CURVE('',#5297,#5298,#463,.T.);
#4120=EDGE_CURVE('',#5298,#4867,#6105,.T.);
#4121=EDGE_CURVE('',#5298,#5299,#6106,.T.);
#4122=EDGE_CURVE('',#5299,#4868,#6107,.T.);
#4123=EDGE_CURVE('',#5299,#5300,#464,.T.);
#4124=EDGE_CURVE('',#5300,#4869,#6108,.T.);
#4125=EDGE_CURVE('',#5300,#5301,#6109,.T.);
#4126=EDGE_CURVE('',#5301,#4870,#6110,.T.);
#4127=EDGE_CURVE('',#5301,#5302,#465,.T.);
#4128=EDGE_CURVE('',#5302,#4871,#6111,.T.);
#4129=EDGE_CURVE('',#5302,#5303,#6112,.T.);
#4130=EDGE_CURVE('',#5303,#4872,#6113,.T.);
#4131=EDGE_CURVE('',#5303,#5304,#466,.T.);
#4132=EDGE_CURVE('',#5304,#4873,#6114,.T.);
#4133=EDGE_CURVE('',#5304,#5305,#467,.T.);
#4134=EDGE_CURVE('',#5305,#4874,#6115,.T.);
#4135=EDGE_CURVE('',#5305,#5306,#6116,.T.);
#4136=EDGE_CURVE('',#5306,#4875,#6117,.T.);
#4137=EDGE_CURVE('',#5306,#5307,#468,.T.);
#4138=EDGE_CURVE('',#5307,#4876,#6118,.T.);
#4139=EDGE_CURVE('',#5307,#5308,#6119,.T.);
#4140=EDGE_CURVE('',#5308,#4877,#6120,.T.);
#4141=EDGE_CURVE('',#5308,#5309,#469,.T.);
#4142=EDGE_CURVE('',#5309,#4878,#6121,.T.);
#4143=EDGE_CURVE('',#5309,#5310,#6122,.T.);
#4144=EDGE_CURVE('',#5310,#4879,#6123,.T.);
#4145=EDGE_CURVE('',#5310,#5311,#470,.T.);
#4146=EDGE_CURVE('',#5311,#4880,#6124,.T.);
#4147=EDGE_CURVE('',#5311,#5312,#6125,.T.);
#4148=EDGE_CURVE('',#5312,#4881,#6126,.T.);
#4149=EDGE_CURVE('',#5312,#5313,#471,.T.);
#4150=EDGE_CURVE('',#5313,#4882,#6127,.T.);
#4151=EDGE_CURVE('',#5313,#5314,#472,.T.);
#4152=EDGE_CURVE('',#5314,#4883,#6128,.T.);
#4153=EDGE_CURVE('',#5314,#5315,#6129,.T.);
#4154=EDGE_CURVE('',#5315,#4884,#6130,.T.);
#4155=EDGE_CURVE('',#5315,#5316,#473,.T.);
#4156=EDGE_CURVE('',#5316,#4885,#6131,.T.);
#4157=EDGE_CURVE('',#5316,#5281,#6132,.T.);
#4158=EDGE_CURVE('',#5317,#5007,#6133,.T.);
#4159=EDGE_CURVE('',#5317,#5318,#474,.T.);
#4160=EDGE_CURVE('',#5318,#5008,#6134,.T.);
#4161=EDGE_CURVE('',#5318,#5319,#6135,.T.);
#4162=EDGE_CURVE('',#5319,#5009,#6136,.T.);
#4163=EDGE_CURVE('',#5319,#5320,#475,.T.);
#4164=EDGE_CURVE('',#5320,#5010,#6137,.T.);
#4165=EDGE_CURVE('',#5320,#5321,#6138,.T.);
#4166=EDGE_CURVE('',#5321,#5011,#6139,.T.);
#4167=EDGE_CURVE('',#5321,#5322,#476,.T.);
#4168=EDGE_CURVE('',#5322,#5012,#6140,.T.);
#4169=EDGE_CURVE('',#5322,#5323,#6141,.T.);
#4170=EDGE_CURVE('',#5323,#5013,#6142,.T.);
#4171=EDGE_CURVE('',#5323,#5324,#477,.T.);
#4172=EDGE_CURVE('',#5324,#5014,#6143,.T.);
#4173=EDGE_CURVE('',#5324,#5325,#478,.T.);
#4174=EDGE_CURVE('',#5325,#5015,#6144,.T.);
#4175=EDGE_CURVE('',#5325,#5326,#6145,.T.);
#4176=EDGE_CURVE('',#5326,#5016,#6146,.T.);
#4177=EDGE_CURVE('',#5326,#5327,#479,.T.);
#4178=EDGE_CURVE('',#5327,#5017,#6147,.T.);
#4179=EDGE_CURVE('',#5327,#5328,#6148,.T.);
#4180=EDGE_CURVE('',#5328,#5018,#6149,.T.);
#4181=EDGE_CURVE('',#5328,#5329,#480,.T.);
#4182=EDGE_CURVE('',#5329,#5019,#6150,.T.);
#4183=EDGE_CURVE('',#5329,#5330,#6151,.T.);
#4184=EDGE_CURVE('',#5330,#5020,#6152,.T.);
#4185=EDGE_CURVE('',#5330,#5331,#481,.T.);
#4186=EDGE_CURVE('',#5331,#5021,#6153,.T.);
#4187=EDGE_CURVE('',#5331,#5332,#6154,.T.);
#4188=EDGE_CURVE('',#5332,#5022,#6155,.T.);
#4189=EDGE_CURVE('',#5332,#5333,#6156,.T.);
#4190=EDGE_CURVE('',#5333,#5023,#6157,.T.);
#4191=EDGE_CURVE('',#5333,#5334,#6158,.T.);
#4192=EDGE_CURVE('',#5334,#5024,#6159,.T.);
#4193=EDGE_CURVE('',#5334,#5335,#482,.T.);
#4194=EDGE_CURVE('',#5335,#5025,#6160,.T.);
#4195=EDGE_CURVE('',#5335,#5336,#6161,.T.);
#4196=EDGE_CURVE('',#5336,#5026,#6162,.T.);
#4197=EDGE_CURVE('',#5336,#5337,#483,.T.);
#4198=EDGE_CURVE('',#5337,#5027,#6163,.T.);
#4199=EDGE_CURVE('',#5337,#5338,#6164,.T.);
#4200=EDGE_CURVE('',#5338,#5028,#6165,.T.);
#4201=EDGE_CURVE('',#5338,#5317,#484,.T.);
#4202=EDGE_CURVE('',#5339,#4836,#6166,.T.);
#4203=EDGE_CURVE('',#5339,#5340,#485,.T.);
#4204=EDGE_CURVE('',#5340,#4837,#6167,.T.);
#4205=EDGE_CURVE('',#5340,#5341,#6168,.T.);
#4206=EDGE_CURVE('',#5341,#4838,#6169,.T.);
#4207=EDGE_CURVE('',#5341,#5342,#486,.T.);
#4208=EDGE_CURVE('',#5342,#4839,#6170,.T.);
#4209=EDGE_CURVE('',#5342,#5343,#6171,.T.);
#4210=EDGE_CURVE('',#5343,#4840,#6172,.T.);
#4211=EDGE_CURVE('',#5343,#5344,#487,.T.);
#4212=EDGE_CURVE('',#5344,#4841,#6173,.T.);
#4213=EDGE_CURVE('',#5344,#5345,#6174,.T.);
#4214=EDGE_CURVE('',#5345,#4842,#6175,.T.);
#4215=EDGE_CURVE('',#5345,#5346,#488,.T.);
#4216=EDGE_CURVE('',#5346,#4843,#6176,.T.);
#4217=EDGE_CURVE('',#5346,#5347,#6177,.T.);
#4218=EDGE_CURVE('',#5347,#4844,#6178,.T.);
#4219=EDGE_CURVE('',#5347,#5348,#6179,.T.);
#4220=EDGE_CURVE('',#5348,#4845,#6180,.T.);
#4221=EDGE_CURVE('',#5348,#5349,#6181,.T.);
#4222=EDGE_CURVE('',#5349,#4846,#6182,.T.);
#4223=EDGE_CURVE('',#5349,#5350,#489,.T.);
#4224=EDGE_CURVE('',#5350,#4847,#6183,.T.);
#4225=EDGE_CURVE('',#5350,#5351,#6184,.T.);
#4226=EDGE_CURVE('',#5351,#4848,#6185,.T.);
#4227=EDGE_CURVE('',#5351,#5352,#490,.T.);
#4228=EDGE_CURVE('',#5352,#4849,#6186,.T.);
#4229=EDGE_CURVE('',#5352,#5339,#6187,.T.);
#4230=EDGE_CURVE('',#5353,#5029,#6188,.T.);
#4231=EDGE_CURVE('',#5353,#5354,#491,.T.);
#4232=EDGE_CURVE('',#5354,#5030,#6189,.T.);
#4233=EDGE_CURVE('',#5354,#5355,#6190,.T.);
#4234=EDGE_CURVE('',#5355,#5031,#6191,.T.);
#4235=EDGE_CURVE('',#5355,#5356,#492,.T.);
#4236=EDGE_CURVE('',#5356,#5032,#6192,.T.);
#4237=EDGE_CURVE('',#5356,#5357,#6193,.T.);
#4238=EDGE_CURVE('',#5357,#5033,#6194,.T.);
#4239=EDGE_CURVE('',#5357,#5358,#493,.T.);
#4240=EDGE_CURVE('',#5358,#5034,#6195,.T.);
#4241=EDGE_CURVE('',#5358,#5359,#6196,.T.);
#4242=EDGE_CURVE('',#5359,#5035,#6197,.T.);
#4243=EDGE_CURVE('',#5359,#5360,#494,.T.);
#4244=EDGE_CURVE('',#5360,#5036,#6198,.T.);
#4245=EDGE_CURVE('',#5360,#5353,#6199,.T.);
#4246=EDGE_CURVE('',#5361,#4816,#6200,.T.);
#4247=EDGE_CURVE('',#5361,#5362,#495,.T.);
#4248=EDGE_CURVE('',#5362,#4817,#6201,.T.);
#4249=EDGE_CURVE('',#5362,#5363,#6202,.T.);
#4250=EDGE_CURVE('',#5363,#4818,#6203,.T.);
#4251=EDGE_CURVE('',#5363,#5364,#496,.T.);
#4252=EDGE_CURVE('',#5364,#4819,#6204,.T.);
#4253=EDGE_CURVE('',#5364,#5365,#6205,.T.);
#4254=EDGE_CURVE('',#5365,#4820,#6206,.T.);
#4255=EDGE_CURVE('',#5365,#5366,#497,.T.);
#4256=EDGE_CURVE('',#5366,#4821,#6207,.T.);
#4257=EDGE_CURVE('',#5366,#5367,#6208,.T.);
#4258=EDGE_CURVE('',#5367,#4822,#6209,.T.);
#4259=EDGE_CURVE('',#5367,#5368,#498,.T.);
#4260=EDGE_CURVE('',#5368,#4823,#6210,.T.);
#4261=EDGE_CURVE('',#5368,#5369,#499,.T.);
#4262=EDGE_CURVE('',#5369,#4824,#6211,.T.);
#4263=EDGE_CURVE('',#5369,#5370,#6212,.T.);
#4264=EDGE_CURVE('',#5370,#4825,#6213,.T.);
#4265=EDGE_CURVE('',#5370,#5371,#500,.T.);
#4266=EDGE_CURVE('',#5371,#4826,#6214,.T.);
#4267=EDGE_CURVE('',#5371,#5372,#6215,.T.);
#4268=EDGE_CURVE('',#5372,#4827,#6216,.T.);
#4269=EDGE_CURVE('',#5372,#5373,#6217,.T.);
#4270=EDGE_CURVE('',#5373,#4828,#6218,.T.);
#4271=EDGE_CURVE('',#5373,#5374,#501,.T.);
#4272=EDGE_CURVE('',#5374,#4829,#6219,.T.);
#4273=EDGE_CURVE('',#5374,#5375,#6220,.T.);
#4274=EDGE_CURVE('',#5375,#4830,#6221,.T.);
#4275=EDGE_CURVE('',#5375,#5376,#502,.T.);
#4276=EDGE_CURVE('',#5376,#4831,#6222,.T.);
#4277=EDGE_CURVE('',#5376,#5377,#503,.T.);
#4278=EDGE_CURVE('',#5377,#4832,#6223,.T.);
#4279=EDGE_CURVE('',#5377,#5378,#6224,.T.);
#4280=EDGE_CURVE('',#5378,#4833,#6225,.T.);
#4281=EDGE_CURVE('',#5378,#5379,#6226,.T.);
#4282=EDGE_CURVE('',#5379,#4834,#6227,.T.);
#4283=EDGE_CURVE('',#5379,#5380,#504,.T.);
#4284=EDGE_CURVE('',#5380,#4835,#6228,.T.);
#4285=EDGE_CURVE('',#5381,#5382,#505,.T.);
#4286=EDGE_CURVE('',#5383,#5381,#6229,.T.);
#4287=EDGE_CURVE('',#5383,#5384,#506,.T.);
#4288=EDGE_CURVE('',#5384,#5382,#6230,.T.);
#4289=EDGE_CURVE('',#5382,#5385,#6231,.T.);
#4290=EDGE_CURVE('',#5384,#5386,#6232,.T.);
#4291=EDGE_CURVE('',#5386,#5385,#6233,.T.);
#4292=EDGE_CURVE('',#5385,#5387,#507,.T.);
#4293=EDGE_CURVE('',#5386,#5388,#508,.T.);
#4294=EDGE_CURVE('',#5388,#5387,#6234,.T.);
#4295=EDGE_CURVE('',#5387,#5389,#509,.T.);
#4296=EDGE_CURVE('',#5388,#5390,#510,.T.);
#4297=EDGE_CURVE('',#5390,#5389,#6235,.T.);
#4298=EDGE_CURVE('',#5389,#5391,#6236,.T.);
#4299=EDGE_CURVE('',#5390,#5392,#6237,.T.);
#4300=EDGE_CURVE('',#5392,#5391,#6238,.T.);
#4301=EDGE_CURVE('',#5391,#5393,#511,.T.);
#4302=EDGE_CURVE('',#5392,#5394,#512,.T.);
#4303=EDGE_CURVE('',#5394,#5393,#6239,.T.);
#4304=EDGE_CURVE('',#5393,#5395,#513,.T.);
#4305=EDGE_CURVE('',#5394,#5396,#514,.T.);
#4306=EDGE_CURVE('',#5396,#5395,#6240,.T.);
#4307=EDGE_CURVE('',#5395,#5397,#6241,.T.);
#4308=EDGE_CURVE('',#5396,#5398,#6242,.T.);
#4309=EDGE_CURVE('',#5398,#5397,#6243,.T.);
#4310=EDGE_CURVE('',#5397,#5399,#515,.T.);
#4311=EDGE_CURVE('',#5398,#5400,#516,.T.);
#4312=EDGE_CURVE('',#5400,#5399,#6244,.T.);
#4313=EDGE_CURVE('',#5399,#5381,#6245,.T.);
#4314=EDGE_CURVE('',#5400,#5383,#6246,.T.);
#4315=EDGE_CURVE('',#5380,#5361,#6247,.T.);
#4316=EDGE_CURVE('',#5401,#5037,#6248,.T.);
#4317=EDGE_CURVE('',#5401,#5402,#517,.T.);
#4318=EDGE_CURVE('',#5402,#5038,#6249,.T.);
#4319=EDGE_CURVE('',#5402,#5403,#6250,.T.);
#4320=EDGE_CURVE('',#5403,#5039,#6251,.T.);
#4321=EDGE_CURVE('',#5403,#5404,#518,.T.);
#4322=EDGE_CURVE('',#5404,#5040,#6252,.T.);
#4323=EDGE_CURVE('',#5404,#5405,#6253,.T.);
#4324=EDGE_CURVE('',#5405,#5041,#6254,.T.);
#4325=EDGE_CURVE('',#5405,#5406,#519,.T.);
#4326=EDGE_CURVE('',#5406,#5042,#6255,.T.);
#4327=EDGE_CURVE('',#5406,#5407,#6256,.T.);
#4328=EDGE_CURVE('',#5407,#5043,#6257,.T.);
#4329=EDGE_CURVE('',#5407,#5408,#520,.T.);
#4330=EDGE_CURVE('',#5408,#5044,#6258,.T.);
#4331=EDGE_CURVE('',#5408,#5409,#6259,.T.);
#4332=EDGE_CURVE('',#5409,#5045,#6260,.T.);
#4333=EDGE_CURVE('',#5409,#5410,#521,.T.);
#4334=EDGE_CURVE('',#5410,#5046,#6261,.T.);
#4335=EDGE_CURVE('',#5410,#5411,#6262,.T.);
#4336=EDGE_CURVE('',#5411,#5047,#6263,.T.);
#4337=EDGE_CURVE('',#5411,#5412,#522,.T.);
#4338=EDGE_CURVE('',#5412,#5048,#6264,.T.);
#4339=EDGE_CURVE('',#5412,#5413,#523,.T.);
#4340=EDGE_CURVE('',#5413,#5049,#6265,.T.);
#4341=EDGE_CURVE('',#5413,#5414,#6266,.T.);
#4342=EDGE_CURVE('',#5414,#5050,#6267,.T.);
#4343=EDGE_CURVE('',#5414,#5415,#6268,.T.);
#4344=EDGE_CURVE('',#5415,#5051,#6269,.T.);
#4345=EDGE_CURVE('',#5415,#5416,#6270,.T.);
#4346=EDGE_CURVE('',#5416,#5052,#6271,.T.);
#4347=EDGE_CURVE('',#5417,#5418,#6272,.T.);
#4348=EDGE_CURVE('',#5419,#5417,#6273,.T.);
#4349=EDGE_CURVE('',#5419,#5420,#6274,.T.);
#4350=EDGE_CURVE('',#5420,#5418,#6275,.T.);
#4351=EDGE_CURVE('',#5418,#5421,#6276,.T.);
#4352=EDGE_CURVE('',#5420,#5422,#6277,.T.);
#4353=EDGE_CURVE('',#5422,#5421,#6278,.T.);
#4354=EDGE_CURVE('',#5421,#5423,#6279,.T.);
#4355=EDGE_CURVE('',#5422,#5424,#6280,.T.);
#4356=EDGE_CURVE('',#5424,#5423,#6281,.T.);
#4357=EDGE_CURVE('',#5423,#5417,#6282,.T.);
#4358=EDGE_CURVE('',#5424,#5419,#6283,.T.);
#4359=EDGE_CURVE('',#5416,#5401,#524,.T.);
#4360=EDGE_CURVE('',#5425,#5426,#525,.T.);
#4361=EDGE_CURVE('',#5427,#5425,#6284,.T.);
#4362=EDGE_CURVE('',#5427,#5428,#526,.T.);
#4363=EDGE_CURVE('',#5428,#5426,#6285,.T.);
#4364=EDGE_CURVE('',#5426,#5429,#6286,.T.);
#4365=EDGE_CURVE('',#5428,#5430,#6287,.T.);
#4366=EDGE_CURVE('',#5430,#5429,#6288,.T.);
#4367=EDGE_CURVE('',#5429,#5431,#527,.T.);
#4368=EDGE_CURVE('',#5430,#5432,#528,.T.);
#4369=EDGE_CURVE('',#5432,#5431,#6289,.T.);
#4370=EDGE_CURVE('',#5431,#5433,#529,.T.);
#4371=EDGE_CURVE('',#5432,#5434,#530,.T.);
#4372=EDGE_CURVE('',#5434,#5433,#6290,.T.);
#4373=EDGE_CURVE('',#5433,#5435,#6291,.T.);
#4374=EDGE_CURVE('',#5434,#5436,#6292,.T.);
#4375=EDGE_CURVE('',#5436,#5435,#6293,.T.);
#4376=EDGE_CURVE('',#5435,#5437,#531,.T.);
#4377=EDGE_CURVE('',#5436,#5438,#532,.T.);
#4378=EDGE_CURVE('',#5438,#5437,#6294,.T.);
#4379=EDGE_CURVE('',#5437,#5439,#533,.T.);
#4380=EDGE_CURVE('',#5438,#5440,#534,.T.);
#4381=EDGE_CURVE('',#5440,#5439,#6295,.T.);
#4382=EDGE_CURVE('',#5439,#5441,#6296,.T.);
#4383=EDGE_CURVE('',#5440,#5442,#6297,.T.);
#4384=EDGE_CURVE('',#5442,#5441,#6298,.T.);
#4385=EDGE_CURVE('',#5441,#5443,#535,.T.);
#4386=EDGE_CURVE('',#5442,#5444,#536,.T.);
#4387=EDGE_CURVE('',#5444,#5443,#6299,.T.);
#4388=EDGE_CURVE('',#5445,#4800,#6300,.T.);
#4389=EDGE_CURVE('',#5445,#5446,#537,.T.);
#4390=EDGE_CURVE('',#5446,#4801,#6301,.T.);
#4391=EDGE_CURVE('',#5446,#5447,#6302,.T.);
#4392=EDGE_CURVE('',#5447,#4802,#6303,.T.);
#4393=EDGE_CURVE('',#5447,#5448,#538,.T.);
#4394=EDGE_CURVE('',#5448,#4803,#6304,.T.);
#4395=EDGE_CURVE('',#5448,#5449,#6305,.T.);
#4396=EDGE_CURVE('',#5449,#4804,#6306,.T.);
#4397=EDGE_CURVE('',#5449,#5450,#539,.T.);
#4398=EDGE_CURVE('',#5450,#4805,#6307,.T.);
#4399=EDGE_CURVE('',#5450,#5451,#6308,.T.);
#4400=EDGE_CURVE('',#5451,#4806,#6309,.T.);
#4401=EDGE_CURVE('',#5451,#5452,#6310,.T.);
#4402=EDGE_CURVE('',#5452,#4807,#6311,.T.);
#4403=EDGE_CURVE('',#5452,#5453,#652,.F.);
#4404=EDGE_CURVE('',#5453,#4808,#6312,.T.);
#4405=EDGE_CURVE('',#5453,#5454,#653,.F.);
#4406=EDGE_CURVE('',#5454,#4809,#6313,.T.);
#4407=EDGE_CURVE('',#5454,#5455,#6314,.T.);
#4408=EDGE_CURVE('',#5455,#4810,#6315,.T.);
#4409=EDGE_CURVE('',#5455,#5456,#540,.T.);
#4410=EDGE_CURVE('',#5456,#4811,#6316,.T.);
#4411=EDGE_CURVE('',#5456,#5457,#541,.T.);
#4412=EDGE_CURVE('',#5457,#4812,#6317,.T.);
#4413=EDGE_CURVE('',#5457,#5458,#6318,.T.);
#4414=EDGE_CURVE('',#5458,#4813,#6319,.T.);
#4415=EDGE_CURVE('',#5458,#5459,#542,.T.);
#4416=EDGE_CURVE('',#5459,#4814,#6320,.T.);
#4417=EDGE_CURVE('',#5459,#5460,#543,.T.);
#4418=EDGE_CURVE('',#5460,#4815,#6321,.T.);
#4419=EDGE_CURVE('',#5460,#5445,#6322,.T.);
#4420=EDGE_CURVE('',#5443,#5425,#6323,.T.);
#4421=EDGE_CURVE('',#5444,#5427,#6324,.T.);
#4422=EDGE_CURVE('',#5461,#5053,#6325,.T.);
#4423=EDGE_CURVE('',#5461,#5462,#544,.T.);
#4424=EDGE_CURVE('',#5462,#5054,#6326,.T.);
#4425=EDGE_CURVE('',#5462,#5463,#6327,.T.);
#4426=EDGE_CURVE('',#5463,#5055,#6328,.T.);
#4427=EDGE_CURVE('',#5463,#5464,#545,.T.);
#4428=EDGE_CURVE('',#5464,#5056,#6329,.T.);
#4429=EDGE_CURVE('',#5464,#5465,#546,.T.);
#4430=EDGE_CURVE('',#5465,#5057,#6330,.T.);
#4431=EDGE_CURVE('',#5465,#5466,#6331,.T.);
#4432=EDGE_CURVE('',#5466,#5058,#6332,.T.);
#4433=EDGE_CURVE('',#5466,#5467,#547,.T.);
#4434=EDGE_CURVE('',#5467,#5059,#6333,.T.);
#4435=EDGE_CURVE('',#5467,#5468,#548,.T.);
#4436=EDGE_CURVE('',#5468,#5060,#6334,.T.);
#4437=EDGE_CURVE('',#5468,#5469,#6335,.T.);
#4438=EDGE_CURVE('',#5469,#5061,#6336,.T.);
#4439=EDGE_CURVE('',#5469,#5470,#549,.T.);
#4440=EDGE_CURVE('',#5470,#5062,#6337,.T.);
#4441=EDGE_CURVE('',#5470,#5471,#550,.T.);
#4442=EDGE_CURVE('',#5471,#5063,#6338,.T.);
#4443=EDGE_CURVE('',#5471,#5472,#6339,.T.);
#4444=EDGE_CURVE('',#5472,#5064,#6340,.T.);
#4445=EDGE_CURVE('',#5472,#5473,#551,.T.);
#4446=EDGE_CURVE('',#5473,#5065,#6341,.T.);
#4447=EDGE_CURVE('',#5473,#5474,#6342,.T.);
#4448=EDGE_CURVE('',#5474,#5066,#6343,.T.);
#4449=EDGE_CURVE('',#5474,#5475,#552,.T.);
#4450=EDGE_CURVE('',#5475,#5067,#6344,.T.);
#4451=EDGE_CURVE('',#5475,#5476,#6345,.T.);
#4452=EDGE_CURVE('',#5476,#5068,#6346,.T.);
#4453=EDGE_CURVE('',#5476,#5477,#553,.T.);
#4454=EDGE_CURVE('',#5477,#5069,#6347,.T.);
#4455=EDGE_CURVE('',#5477,#5478,#554,.T.);
#4456=EDGE_CURVE('',#5478,#5070,#6348,.T.);
#4457=EDGE_CURVE('',#5478,#5479,#6349,.T.);
#4458=EDGE_CURVE('',#5479,#5071,#6350,.T.);
#4459=EDGE_CURVE('',#5479,#5480,#555,.T.);
#4460=EDGE_CURVE('',#5480,#5072,#6351,.T.);
#4461=EDGE_CURVE('',#5480,#5481,#6352,.T.);
#4462=EDGE_CURVE('',#5481,#5073,#6353,.T.);
#4463=EDGE_CURVE('',#5482,#5483,#556,.T.);
#4464=EDGE_CURVE('',#5484,#5482,#6354,.T.);
#4465=EDGE_CURVE('',#5484,#5485,#557,.T.);
#4466=EDGE_CURVE('',#5485,#5483,#6355,.T.);
#4467=EDGE_CURVE('',#5483,#5486,#6356,.T.);
#4468=EDGE_CURVE('',#5485,#5487,#6357,.T.);
#4469=EDGE_CURVE('',#5487,#5486,#6358,.T.);
#4470=EDGE_CURVE('',#5486,#5488,#558,.T.);
#4471=EDGE_CURVE('',#5487,#5489,#559,.T.);
#4472=EDGE_CURVE('',#5489,#5488,#6359,.T.);
#4473=EDGE_CURVE('',#5488,#5490,#6360,.T.);
#4474=EDGE_CURVE('',#5489,#5491,#6361,.T.);
#4475=EDGE_CURVE('',#5491,#5490,#6362,.T.);
#4476=EDGE_CURVE('',#5490,#5492,#560,.T.);
#4477=EDGE_CURVE('',#5491,#5493,#561,.T.);
#4478=EDGE_CURVE('',#5493,#5492,#6363,.T.);
#4479=EDGE_CURVE('',#5492,#5494,#562,.T.);
#4480=EDGE_CURVE('',#5493,#5495,#563,.T.);
#4481=EDGE_CURVE('',#5495,#5494,#6364,.T.);
#4482=EDGE_CURVE('',#5494,#5496,#6365,.T.);
#4483=EDGE_CURVE('',#5495,#5497,#6366,.T.);
#4484=EDGE_CURVE('',#5497,#5496,#6367,.T.);
#4485=EDGE_CURVE('',#5496,#5498,#564,.T.);
#4486=EDGE_CURVE('',#5497,#5499,#565,.T.);
#4487=EDGE_CURVE('',#5499,#5498,#6368,.T.);
#4488=EDGE_CURVE('',#5498,#5500,#566,.T.);
#4489=EDGE_CURVE('',#5499,#5501,#567,.T.);
#4490=EDGE_CURVE('',#5501,#5500,#6369,.T.);
#4491=EDGE_CURVE('',#5500,#5482,#6370,.T.);
#4492=EDGE_CURVE('',#5501,#5484,#6371,.T.);
#4493=EDGE_CURVE('',#5481,#5461,#568,.T.);
#4494=EDGE_CURVE('',#5502,#4788,#6372,.T.);
#4495=EDGE_CURVE('',#5502,#5503,#569,.T.);
#4496=EDGE_CURVE('',#5503,#4789,#6373,.T.);
#4497=EDGE_CURVE('',#5503,#5504,#6374,.T.);
#4498=EDGE_CURVE('',#5504,#4790,#6375,.T.);
#4499=EDGE_CURVE('',#5504,#5505,#570,.T.);
#4500=EDGE_CURVE('',#5505,#4791,#6376,.T.);
#4501=EDGE_CURVE('',#5505,#5506,#6377,.T.);
#4502=EDGE_CURVE('',#5506,#4792,#6378,.T.);
#4503=EDGE_CURVE('',#5506,#5507,#571,.T.);
#4504=EDGE_CURVE('',#5507,#4793,#6379,.T.);
#4505=EDGE_CURVE('',#5507,#5508,#6380,.T.);
#4506=EDGE_CURVE('',#5508,#4794,#6381,.T.);
#4507=EDGE_CURVE('',#5508,#5509,#572,.T.);
#4508=EDGE_CURVE('',#5509,#4795,#6382,.T.);
#4509=EDGE_CURVE('',#5509,#5510,#6383,.T.);
#4510=EDGE_CURVE('',#5510,#4796,#6384,.T.);
#4511=EDGE_CURVE('',#5510,#5511,#573,.T.);
#4512=EDGE_CURVE('',#5511,#4797,#6385,.T.);
#4513=EDGE_CURVE('',#5511,#5512,#6386,.T.);
#4514=EDGE_CURVE('',#5512,#4798,#6387,.T.);
#4515=EDGE_CURVE('',#5512,#5513,#574,.T.);
#4516=EDGE_CURVE('',#5513,#4799,#6388,.T.);
#4517=EDGE_CURVE('',#5513,#5502,#6389,.T.);
#4518=EDGE_CURVE('',#5514,#5074,#6390,.T.);
#4519=EDGE_CURVE('',#5514,#5515,#575,.T.);
#4520=EDGE_CURVE('',#5515,#5075,#6391,.T.);
#4521=EDGE_CURVE('',#5515,#5516,#6392,.T.);
#4522=EDGE_CURVE('',#5516,#5076,#6393,.T.);
#4523=EDGE_CURVE('',#5516,#5517,#576,.T.);
#4524=EDGE_CURVE('',#5517,#5077,#6394,.T.);
#4525=EDGE_CURVE('',#5517,#5518,#6395,.T.);
#4526=EDGE_CURVE('',#5518,#5078,#6396,.T.);
#4527=EDGE_CURVE('',#5518,#5519,#577,.T.);
#4528=EDGE_CURVE('',#5519,#5079,#6397,.T.);
#4529=EDGE_CURVE('',#5519,#5520,#6398,.T.);
#4530=EDGE_CURVE('',#5520,#5080,#6399,.T.);
#4531=EDGE_CURVE('',#5520,#5521,#578,.T.);
#4532=EDGE_CURVE('',#5521,#5081,#6400,.T.);
#4533=EDGE_CURVE('',#5521,#5522,#6401,.T.);
#4534=EDGE_CURVE('',#5522,#5082,#6402,.T.);
#4535=EDGE_CURVE('',#5522,#5523,#579,.T.);
#4536=EDGE_CURVE('',#5523,#5083,#6403,.T.);
#4537=EDGE_CURVE('',#5523,#5524,#6404,.T.);
#4538=EDGE_CURVE('',#5524,#5084,#6405,.T.);
#4539=EDGE_CURVE('',#5524,#5525,#580,.T.);
#4540=EDGE_CURVE('',#5525,#5085,#6406,.T.);
#4541=EDGE_CURVE('',#5525,#5526,#581,.T.);
#4542=EDGE_CURVE('',#5526,#5086,#6407,.T.);
#4543=EDGE_CURVE('',#5526,#5527,#6408,.T.);
#4544=EDGE_CURVE('',#5527,#5087,#6409,.T.);
#4545=EDGE_CURVE('',#5527,#5528,#6410,.T.);
#4546=EDGE_CURVE('',#5528,#5088,#6411,.T.);
#4547=EDGE_CURVE('',#5528,#5529,#6412,.T.);
#4548=EDGE_CURVE('',#5529,#5089,#6413,.T.);
#4549=EDGE_CURVE('',#5530,#5531,#6414,.T.);
#4550=EDGE_CURVE('',#5532,#5530,#6415,.T.);
#4551=EDGE_CURVE('',#5532,#5533,#6416,.T.);
#4552=EDGE_CURVE('',#5533,#5531,#6417,.T.);
#4553=EDGE_CURVE('',#5531,#5534,#6418,.T.);
#4554=EDGE_CURVE('',#5533,#5535,#6419,.T.);
#4555=EDGE_CURVE('',#5535,#5534,#6420,.T.);
#4556=EDGE_CURVE('',#5534,#5536,#6421,.T.);
#4557=EDGE_CURVE('',#5535,#5537,#6422,.T.);
#4558=EDGE_CURVE('',#5537,#5536,#6423,.T.);
#4559=EDGE_CURVE('',#5536,#5530,#6424,.T.);
#4560=EDGE_CURVE('',#5537,#5532,#6425,.T.);
#4561=EDGE_CURVE('',#5529,#5514,#582,.T.);
#4562=EDGE_CURVE('',#5538,#4772,#6426,.T.);
#4563=EDGE_CURVE('',#5538,#5539,#654,.F.);
#4564=EDGE_CURVE('',#5539,#4773,#6427,.T.);
#4565=EDGE_CURVE('',#5539,#5540,#6428,.T.);
#4566=EDGE_CURVE('',#5540,#4774,#6429,.T.);
#4567=EDGE_CURVE('',#5540,#5541,#583,.T.);
#4568=EDGE_CURVE('',#5541,#4775,#6430,.T.);
#4569=EDGE_CURVE('',#5541,#5542,#584,.T.);
#4570=EDGE_CURVE('',#5542,#4776,#6431,.T.);
#4571=EDGE_CURVE('',#5542,#5543,#6432,.T.);
#4572=EDGE_CURVE('',#5543,#4777,#6433,.T.);
#4573=EDGE_CURVE('',#5543,#5544,#585,.T.);
#4574=EDGE_CURVE('',#5544,#4778,#6434,.T.);
#4575=EDGE_CURVE('',#5544,#5545,#586,.T.);
#4576=EDGE_CURVE('',#5545,#4779,#6435,.T.);
#4577=EDGE_CURVE('',#5545,#5546,#6436,.T.);
#4578=EDGE_CURVE('',#5546,#4780,#6437,.T.);
#4579=EDGE_CURVE('',#5546,#5547,#587,.T.);
#4580=EDGE_CURVE('',#5547,#4781,#6438,.T.);
#4581=EDGE_CURVE('',#5547,#5548,#6439,.T.);
#4582=EDGE_CURVE('',#5548,#4782,#6440,.T.);
#4583=EDGE_CURVE('',#5548,#5549,#588,.T.);
#4584=EDGE_CURVE('',#5549,#4783,#6441,.T.);
#4585=EDGE_CURVE('',#5549,#5550,#6442,.T.);
#4586=EDGE_CURVE('',#5550,#4784,#6443,.T.);
#4587=EDGE_CURVE('',#5550,#5551,#589,.T.);
#4588=EDGE_CURVE('',#5551,#4785,#6444,.T.);
#4589=EDGE_CURVE('',#5551,#5552,#6445,.T.);
#4590=EDGE_CURVE('',#5552,#4786,#6446,.T.);
#4591=EDGE_CURVE('',#5552,#5553,#6447,.T.);
#4592=EDGE_CURVE('',#5553,#4787,#6448,.T.);
#4593=EDGE_CURVE('',#5554,#5555,#590,.T.);
#4594=EDGE_CURVE('',#5556,#5554,#6449,.T.);
#4595=EDGE_CURVE('',#5556,#5557,#591,.T.);
#4596=EDGE_CURVE('',#5557,#5555,#6450,.T.);
#4597=EDGE_CURVE('',#5555,#5558,#6451,.T.);
#4598=EDGE_CURVE('',#5557,#5559,#6452,.T.);
#4599=EDGE_CURVE('',#5559,#5558,#6453,.T.);
#4600=EDGE_CURVE('',#5558,#5560,#592,.T.);
#4601=EDGE_CURVE('',#5559,#5561,#593,.T.);
#4602=EDGE_CURVE('',#5561,#5560,#6454,.T.);
#4603=EDGE_CURVE('',#5560,#5562,#6455,.T.);
#4604=EDGE_CURVE('',#5561,#5563,#6456,.T.);
#4605=EDGE_CURVE('',#5563,#5562,#6457,.T.);
#4606=EDGE_CURVE('',#5562,#5564,#594,.T.);
#4607=EDGE_CURVE('',#5563,#5565,#595,.T.);
#4608=EDGE_CURVE('',#5565,#5564,#6458,.T.);
#4609=EDGE_CURVE('',#5564,#5566,#596,.T.);
#4610=EDGE_CURVE('',#5565,#5567,#597,.T.);
#4611=EDGE_CURVE('',#5567,#5566,#6459,.T.);
#4612=EDGE_CURVE('',#5566,#5568,#6460,.T.);
#4613=EDGE_CURVE('',#5567,#5569,#6461,.T.);
#4614=EDGE_CURVE('',#5569,#5568,#6462,.T.);
#4615=EDGE_CURVE('',#5568,#5570,#598,.T.);
#4616=EDGE_CURVE('',#5569,#5571,#599,.T.);
#4617=EDGE_CURVE('',#5571,#5570,#6463,.T.);
#4618=EDGE_CURVE('',#5570,#5572,#600,.T.);
#4619=EDGE_CURVE('',#5571,#5573,#601,.T.);
#4620=EDGE_CURVE('',#5573,#5572,#6464,.T.);
#4621=EDGE_CURVE('',#5572,#5554,#6465,.T.);
#4622=EDGE_CURVE('',#5573,#5556,#6466,.T.);
#4623=EDGE_CURVE('',#5553,#5538,#655,.F.);
#4624=EDGE_CURVE('',#5574,#5090,#6467,.T.);
#4625=EDGE_CURVE('',#5574,#5575,#656,.F.);
#4626=EDGE_CURVE('',#5575,#5091,#6468,.T.);
#4627=EDGE_CURVE('',#5575,#5576,#6469,.T.);
#4628=EDGE_CURVE('',#5576,#5092,#6470,.T.);
#4629=EDGE_CURVE('',#5576,#5577,#602,.T.);
#4630=EDGE_CURVE('',#5577,#5093,#6471,.T.);
#4631=EDGE_CURVE('',#5577,#5578,#603,.T.);
#4632=EDGE_CURVE('',#5578,#5094,#6472,.T.);
#4633=EDGE_CURVE('',#5578,#5579,#6473,.T.);
#4634=EDGE_CURVE('',#5579,#5095,#6474,.T.);
#4635=EDGE_CURVE('',#5579,#5580,#604,.T.);
#4636=EDGE_CURVE('',#5580,#5096,#6475,.T.);
#4637=EDGE_CURVE('',#5580,#5581,#605,.T.);
#4638=EDGE_CURVE('',#5581,#5097,#6476,.T.);
#4639=EDGE_CURVE('',#5581,#5582,#6477,.T.);
#4640=EDGE_CURVE('',#5582,#5098,#6478,.T.);
#4641=EDGE_CURVE('',#5582,#5583,#657,.F.);
#4642=EDGE_CURVE('',#5583,#5099,#6479,.T.);
#4643=EDGE_CURVE('',#5583,#5584,#658,.F.);
#4644=EDGE_CURVE('',#5584,#5100,#6480,.T.);
#4645=EDGE_CURVE('',#5584,#5585,#6481,.T.);
#4646=EDGE_CURVE('',#5585,#5101,#6482,.T.);
#4647=EDGE_CURVE('',#5585,#5586,#6483,.T.);
#4648=EDGE_CURVE('',#5586,#5102,#6484,.T.);
#4649=EDGE_CURVE('',#5586,#5587,#606,.T.);
#4650=EDGE_CURVE('',#5587,#5103,#6485,.T.);
#4651=EDGE_CURVE('',#5587,#5588,#6486,.T.);
#4652=EDGE_CURVE('',#5588,#5104,#6487,.T.);
#4653=EDGE_CURVE('',#5588,#5589,#607,.T.);
#4654=EDGE_CURVE('',#5589,#5105,#6488,.T.);
#4655=EDGE_CURVE('',#5589,#5590,#6489,.T.);
#4656=EDGE_CURVE('',#5590,#5106,#6490,.T.);
#4657=EDGE_CURVE('',#5590,#5591,#608,.T.);
#4658=EDGE_CURVE('',#5591,#5107,#6491,.T.);
#4659=EDGE_CURVE('',#5591,#5592,#6492,.T.);
#4660=EDGE_CURVE('',#5592,#5108,#6493,.T.);
#4661=EDGE_CURVE('',#5592,#5593,#609,.T.);
#4662=EDGE_CURVE('',#5593,#5109,#6494,.T.);
#4663=EDGE_CURVE('',#5593,#5594,#6495,.T.);
#4664=EDGE_CURVE('',#5594,#5110,#6496,.T.);
#4665=EDGE_CURVE('',#5594,#5595,#6497,.T.);
#4666=EDGE_CURVE('',#5595,#5111,#6498,.T.);
#4667=EDGE_CURVE('',#5596,#5597,#610,.T.);
#4668=EDGE_CURVE('',#5598,#5596,#6499,.T.);
#4669=EDGE_CURVE('',#5598,#5599,#611,.T.);
#4670=EDGE_CURVE('',#5599,#5597,#6500,.T.);
#4671=EDGE_CURVE('',#5597,#5600,#6501,.T.);
#4672=EDGE_CURVE('',#5599,#5601,#6502,.T.);
#4673=EDGE_CURVE('',#5601,#5600,#6503,.T.);
#4674=EDGE_CURVE('',#5600,#5602,#612,.T.);
#4675=EDGE_CURVE('',#5601,#5603,#613,.T.);
#4676=EDGE_CURVE('',#5603,#5602,#6504,.T.);
#4677=EDGE_CURVE('',#5602,#5604,#6505,.T.);
#4678=EDGE_CURVE('',#5603,#5605,#6506,.T.);
#4679=EDGE_CURVE('',#5605,#5604,#6507,.T.);
#4680=EDGE_CURVE('',#5604,#5606,#614,.T.);
#4681=EDGE_CURVE('',#5605,#5607,#615,.T.);
#4682=EDGE_CURVE('',#5607,#5606,#6508,.T.);
#4683=EDGE_CURVE('',#5606,#5608,#616,.T.);
#4684=EDGE_CURVE('',#5607,#5609,#617,.T.);
#4685=EDGE_CURVE('',#5609,#5608,#6509,.T.);
#4686=EDGE_CURVE('',#5608,#5610,#6510,.T.);
#4687=EDGE_CURVE('',#5609,#5611,#6511,.T.);
#4688=EDGE_CURVE('',#5611,#5610,#6512,.T.);
#4689=EDGE_CURVE('',#5610,#5612,#618,.T.);
#4690=EDGE_CURVE('',#5611,#5613,#619,.T.);
#4691=EDGE_CURVE('',#5613,#5612,#6513,.T.);
#4692=EDGE_CURVE('',#5612,#5614,#620,.T.);
#4693=EDGE_CURVE('',#5613,#5615,#621,.T.);
#4694=EDGE_CURVE('',#5615,#5614,#6514,.T.);
#4695=EDGE_CURVE('',#5614,#5596,#6515,.T.);
#4696=EDGE_CURVE('',#5615,#5598,#6516,.T.);
#4697=EDGE_CURVE('',#5595,#5574,#659,.F.);
#4698=EDGE_CURVE('',#5616,#5617,#6517,.T.);
#4699=EDGE_CURVE('',#5618,#5616,#6518,.T.);
#4700=EDGE_CURVE('',#5618,#5619,#6519,.T.);
#4701=EDGE_CURVE('',#5619,#5617,#6520,.T.);
#4702=EDGE_CURVE('',#5616,#5620,#6521,.T.);
#4703=EDGE_CURVE('',#5621,#5620,#6522,.T.);
#4704=EDGE_CURVE('',#5618,#5621,#6523,.T.);
#4705=EDGE_CURVE('',#5620,#5622,#6524,.T.);
#4706=EDGE_CURVE('',#5622,#5623,#6525,.F.);
#4707=EDGE_CURVE('',#5621,#5623,#6526,.T.);
#4708=EDGE_CURVE('',#5624,#5625,#6527,.T.);
#4709=EDGE_CURVE('',#5625,#5626,#6528,.F.);
#4710=EDGE_CURVE('',#5627,#5626,#6529,.T.);
#4711=EDGE_CURVE('',#5627,#5624,#6530,.T.);
#4712=EDGE_CURVE('',#5628,#5629,#6531,.T.);
#4713=EDGE_CURVE('',#5628,#5630,#6532,.T.);
#4714=EDGE_CURVE('',#5630,#5631,#6533,.T.);
#4715=EDGE_CURVE('',#5629,#5631,#6534,.T.);
#4716=EDGE_CURVE('',#5632,#5631,#6535,.T.);
#4717=EDGE_CURVE('',#5633,#5632,#6536,.T.);
#4718=EDGE_CURVE('',#5633,#5629,#6537,.T.);
#4719=EDGE_CURVE('',#5634,#5632,#6538,.T.);
#4720=EDGE_CURVE('',#5635,#5634,#6539,.T.);
#4721=EDGE_CURVE('',#5635,#5633,#6540,.T.);
#4722=EDGE_CURVE('',#5617,#5634,#6541,.T.);
#4723=EDGE_CURVE('',#5619,#5635,#6542,.T.);
#4724=EDGE_CURVE('',#5626,#5628,#660,.T.);
#4725=EDGE_CURVE('',#5623,#5627,#661,.T.);
#4726=EDGE_CURVE('',#5630,#5625,#662,.F.);
#4727=EDGE_CURVE('',#5624,#5622,#663,.F.);
#4728=EDGE_CURVE('',#5636,#5637,#6543,.T.);
#4729=EDGE_CURVE('',#5638,#5636,#6544,.T.);
#4730=EDGE_CURVE('',#5638,#5639,#6545,.T.);
#4731=EDGE_CURVE('',#5639,#5637,#6546,.T.);
#4732=EDGE_CURVE('',#5636,#5640,#6547,.T.);
#4733=EDGE_CURVE('',#5641,#5640,#6548,.T.);
#4734=EDGE_CURVE('',#5638,#5641,#6549,.T.);
#4735=EDGE_CURVE('',#5640,#5642,#6550,.T.);
#4736=EDGE_CURVE('',#5643,#5642,#6551,.T.);
#4737=EDGE_CURVE('',#5641,#5643,#6552,.T.);
#4738=EDGE_CURVE('',#5637,#5642,#6553,.T.);
#4739=EDGE_CURVE('',#5639,#5643,#6554,.T.);
#4740=VERTEX_POINT('',#11208);
#4741=VERTEX_POINT('',#11209);
#4742=VERTEX_POINT('',#11211);
#4743=VERTEX_POINT('',#11213);
#4744=VERTEX_POINT('',#11217);
#4745=VERTEX_POINT('',#11219);
#4746=VERTEX_POINT('',#11223);
#4747=VERTEX_POINT('',#11225);
#4748=VERTEX_POINT('',#11229);
#4749=VERTEX_POINT('',#11230);
#4750=VERTEX_POINT('',#11232);
#4751=VERTEX_POINT('',#11234);
#4752=VERTEX_POINT('',#11238);
#4753=VERTEX_POINT('',#11239);
#4754=VERTEX_POINT('',#11241);
#4755=VERTEX_POINT('',#11243);
#4756=VERTEX_POINT('',#11247);
#4757=VERTEX_POINT('',#11248);
#4758=VERTEX_POINT('',#11250);
#4759=VERTEX_POINT('',#11252);
#4760=VERTEX_POINT('',#11256);
#4761=VERTEX_POINT('',#11258);
#4762=VERTEX_POINT('',#11262);
#4763=VERTEX_POINT('',#11264);
#4764=VERTEX_POINT('',#11268);
#4765=VERTEX_POINT('',#11270);
#4766=VERTEX_POINT('',#11274);
#4767=VERTEX_POINT('',#11276);
#4768=VERTEX_POINT('',#11279);
#4769=VERTEX_POINT('',#11281);
#4770=VERTEX_POINT('',#11287);
#4771=VERTEX_POINT('',#11289);
#4772=VERTEX_POINT('',#11304);
#4773=VERTEX_POINT('',#11305);
#4774=VERTEX_POINT('',#11307);
#4775=VERTEX_POINT('',#11311);
#4776=VERTEX_POINT('',#11315);
#4777=VERTEX_POINT('',#11317);
#4778=VERTEX_POINT('',#11321);
#4779=VERTEX_POINT('',#11325);
#4780=VERTEX_POINT('',#11327);
#4781=VERTEX_POINT('',#11331);
#4782=VERTEX_POINT('',#11333);
#4783=VERTEX_POINT('',#11337);
#4784=VERTEX_POINT('',#11339);
#4785=VERTEX_POINT('',#11343);
#4786=VERTEX_POINT('',#11345);
#4787=VERTEX_POINT('',#11347);
#4788=VERTEX_POINT('',#11352);
#4789=VERTEX_POINT('',#11353);
#4790=VERTEX_POINT('',#11355);
#4791=VERTEX_POINT('',#11359);
#4792=VERTEX_POINT('',#11361);
#4793=VERTEX_POINT('',#11365);
#4794=VERTEX_POINT('',#11367);
#4795=VERTEX_POINT('',#11371);
#4796=VERTEX_POINT('',#11373);
#4797=VERTEX_POINT('',#11377);
#4798=VERTEX_POINT('',#11379);
#4799=VERTEX_POINT('',#11383);
#4800=VERTEX_POINT('',#11388);
#4801=VERTEX_POINT('',#11389);
#4802=VERTEX_POINT('',#11391);
#4803=VERTEX_POINT('',#11395);
#4804=VERTEX_POINT('',#11397);
#4805=VERTEX_POINT('',#11401);
#4806=VERTEX_POINT('',#11403);
#4807=VERTEX_POINT('',#11405);
#4808=VERTEX_POINT('',#11407);
#4809=VERTEX_POINT('',#11409);
#4810=VERTEX_POINT('',#11411);
#4811=VERTEX_POINT('',#11415);
#4812=VERTEX_POINT('',#11419);
#4813=VERTEX_POINT('',#11421);
#4814=VERTEX_POINT('',#11425);
#4815=VERTEX_POINT('',#11429);
#4816=VERTEX_POINT('',#11434);
#4817=VERTEX_POINT('',#11435);
#4818=VERTEX_POINT('',#11437);
#4819=VERTEX_POINT('',#11441);
#4820=VERTEX_POINT('',#11443);
#4821=VERTEX_POINT('',#11447);
#4822=VERTEX_POINT('',#11449);
#4823=VERTEX_POINT('',#11453);
#4824=VERTEX_POINT('',#11457);
#4825=VERTEX_POINT('',#11459);
#4826=VERTEX_POINT('',#11463);
#4827=VERTEX_POINT('',#11465);
#4828=VERTEX_POINT('',#11467);
#4829=VERTEX_POINT('',#11471);
#4830=VERTEX_POINT('',#11473);
#4831=VERTEX_POINT('',#11477);
#4832=VERTEX_POINT('',#11481);
#4833=VERTEX_POINT('',#11483);
#4834=VERTEX_POINT('',#11485);
#4835=VERTEX_POINT('',#11489);
#4836=VERTEX_POINT('',#11494);
#4837=VERTEX_POINT('',#11495);
#4838=VERTEX_POINT('',#11497);
#4839=VERTEX_POINT('',#11501);
#4840=VERTEX_POINT('',#11503);
#4841=VERTEX_POINT('',#11507);
#4842=VERTEX_POINT('',#11509);
#4843=VERTEX_POINT('',#11513);
#4844=VERTEX_POINT('',#11515);
#4845=VERTEX_POINT('',#11517);
#4846=VERTEX_POINT('',#11519);
#4847=VERTEX_POINT('',#11523);
#4848=VERTEX_POINT('',#11525);
#4849=VERTEX_POINT('',#11529);
#4850=VERTEX_POINT('',#11534);
#4851=VERTEX_POINT('',#11535);
#4852=VERTEX_POINT('',#11537);
#4853=VERTEX_POINT('',#11541);
#4854=VERTEX_POINT('',#11543);
#4855=VERTEX_POINT('',#11547);
#4856=VERTEX_POINT('',#11549);
#4857=VERTEX_POINT('',#11553);
#4858=VERTEX_POINT('',#11555);
#4859=VERTEX_POINT('',#11557);
#4860=VERTEX_POINT('',#11561);
#4861=VERTEX_POINT('',#11563);
#4862=VERTEX_POINT('',#11565);
#4863=VERTEX_POINT('',#11569);
#4864=VERTEX_POINT('',#11573);
#4865=VERTEX_POINT('',#11575);
#4866=VERTEX_POINT('',#11579);
#4867=VERTEX_POINT('',#11583);
#4868=VERTEX_POINT('',#11585);
#4869=VERTEX_POINT('',#11589);
#4870=VERTEX_POINT('',#11591);
#4871=VERTEX_POINT('',#11595);
#4872=VERTEX_POINT('',#11597);
#4873=VERTEX_POINT('',#11601);
#4874=VERTEX_POINT('',#11605);
#4875=VERTEX_POINT('',#11607);
#4876=VERTEX_POINT('',#11611);
#4877=VERTEX_POINT('',#11613);
#4878=VERTEX_POINT('',#11617);
#4879=VERTEX_POINT('',#11619);
#4880=VERTEX_POINT('',#11623);
#4881=VERTEX_POINT('',#11625);
#4882=VERTEX_POINT('',#11629);
#4883=VERTEX_POINT('',#11633);
#4884=VERTEX_POINT('',#11635);
#4885=VERTEX_POINT('',#11639);
#4886=VERTEX_POINT('',#11644);
#4887=VERTEX_POINT('',#11645);
#4888=VERTEX_POINT('',#11647);
#4889=VERTEX_POINT('',#11651);
#4890=VERTEX_POINT('',#11653);
#4891=VERTEX_POINT('',#11657);
#4892=VERTEX_POINT('',#11659);
#4893=VERTEX_POINT('',#11663);
#4894=VERTEX_POINT('',#11665);
#4895=VERTEX_POINT('',#11669);
#4896=VERTEX_POINT('',#11671);
#4897=VERTEX_POINT('',#11675);
#4898=VERTEX_POINT('',#11677);
#4899=VERTEX_POINT('',#11681);
#4900=VERTEX_POINT('',#11683);
#4901=VERTEX_POINT('',#11687);
#4902=VERTEX_POINT('',#11689);
#4903=VERTEX_POINT('',#11693);
#4904=VERTEX_POINT('',#11695);
#4905=VERTEX_POINT('',#11699);
#4906=VERTEX_POINT('',#11701);
#4907=VERTEX_POINT('',#11705);
#4908=VERTEX_POINT('',#11707);
#4909=VERTEX_POINT('',#11711);
#4910=VERTEX_POINT('',#11716);
#4911=VERTEX_POINT('',#11717);
#4912=VERTEX_POINT('',#11719);
#4913=VERTEX_POINT('',#11723);
#4914=VERTEX_POINT('',#11725);
#4915=VERTEX_POINT('',#11729);
#4916=VERTEX_POINT('',#11731);
#4917=VERTEX_POINT('',#11735);
#4918=VERTEX_POINT('',#11740);
#4919=VERTEX_POINT('',#11741);
#4920=VERTEX_POINT('',#11743);
#4921=VERTEX_POINT('',#11747);
#4922=VERTEX_POINT('',#11749);
#4923=VERTEX_POINT('',#11753);
#4924=VERTEX_POINT('',#11757);
#4925=VERTEX_POINT('',#11759);
#4926=VERTEX_POINT('',#11763);
#4927=VERTEX_POINT('',#11767);
#4928=VERTEX_POINT('',#11771);
#4929=VERTEX_POINT('',#11773);
#4930=VERTEX_POINT('',#11777);
#4931=VERTEX_POINT('',#11781);
#4932=VERTEX_POINT('',#11784);
#4933=VERTEX_POINT('',#11785);
#4934=VERTEX_POINT('',#11787);
#4935=VERTEX_POINT('',#11789);
#4936=VERTEX_POINT('',#11791);
#4937=VERTEX_POINT('',#11793);
#4938=VERTEX_POINT('',#11795);
#4939=VERTEX_POINT('',#11797);
#4940=VERTEX_POINT('',#11799);
#4941=VERTEX_POINT('',#11801);
#4942=VERTEX_POINT('',#11803);
#4943=VERTEX_POINT('',#11805);
#4944=VERTEX_POINT('',#11807);
#4945=VERTEX_POINT('',#11809);
#4946=VERTEX_POINT('',#11811);
#4947=VERTEX_POINT('',#11813);
#4948=VERTEX_POINT('',#11815);
#4949=VERTEX_POINT('',#11820);
#4950=VERTEX_POINT('',#11821);
#4951=VERTEX_POINT('',#11823);
#4952=VERTEX_POINT('',#11827);
#4953=VERTEX_POINT('',#11829);
#4954=VERTEX_POINT('',#11833);
#4955=VERTEX_POINT('',#11835);
#4956=VERTEX_POINT('',#11839);
#4957=VERTEX_POINT('',#11841);
#4958=VERTEX_POINT('',#11843);
#4959=VERTEX_POINT('',#11845);
#4960=VERTEX_POINT('',#11849);
#4961=VERTEX_POINT('',#11851);
#4962=VERTEX_POINT('',#11855);
#4963=VERTEX_POINT('',#11860);
#4964=VERTEX_POINT('',#11861);
#4965=VERTEX_POINT('',#11863);
#4966=VERTEX_POINT('',#11867);
#4967=VERTEX_POINT('',#11869);
#4968=VERTEX_POINT('',#11873);
#4969=VERTEX_POINT('',#11875);
#4970=VERTEX_POINT('',#11879);
#4971=VERTEX_POINT('',#11881);
#4972=VERTEX_POINT('',#11885);
#4973=VERTEX_POINT('',#11887);
#4974=VERTEX_POINT('',#11891);
#4975=VERTEX_POINT('',#11895);
#4976=VERTEX_POINT('',#11897);
#4977=VERTEX_POINT('',#11899);
#4978=VERTEX_POINT('',#11901);
#4979=VERTEX_POINT('',#11908);
#4980=VERTEX_POINT('',#11909);
#4981=VERTEX_POINT('',#11911);
#4982=VERTEX_POINT('',#11915);
#4983=VERTEX_POINT('',#11917);
#4984=VERTEX_POINT('',#11921);
#4985=VERTEX_POINT('',#11923);
#4986=VERTEX_POINT('',#11927);
#4987=VERTEX_POINT('',#11932);
#4988=VERTEX_POINT('',#11933);
#4989=VERTEX_POINT('',#11935);
#4990=VERTEX_POINT('',#11939);
#4991=VERTEX_POINT('',#11941);
#4992=VERTEX_POINT('',#11945);
#4993=VERTEX_POINT('',#11949);
#4994=VERTEX_POINT('',#11951);
#4995=VERTEX_POINT('',#11955);
#4996=VERTEX_POINT('',#11959);
#4997=VERTEX_POINT('',#11961);
#4998=VERTEX_POINT('',#11965);
#4999=VERTEX_POINT('',#11967);
#5000=VERTEX_POINT('',#11971);
#5001=VERTEX_POINT('',#11973);
#5002=VERTEX_POINT('',#11977);
#5003=VERTEX_POINT('',#11981);
#5004=VERTEX_POINT('',#11983);
#5005=VERTEX_POINT('',#11987);
#5006=VERTEX_POINT('',#11991);
#5007=VERTEX_POINT('',#11996);
#5008=VERTEX_POINT('',#11997);
#5009=VERTEX_POINT('',#11999);
#5010=VERTEX_POINT('',#12003);
#5011=VERTEX_POINT('',#12005);
#5012=VERTEX_POINT('',#12009);
#5013=VERTEX_POINT('',#12011);
#5014=VERTEX_POINT('',#12015);
#5015=VERTEX_POINT('',#12019);
#5016=VERTEX_POINT('',#12021);
#5017=VERTEX_POINT('',#12025);
#5018=VERTEX_POINT('',#12027);
#5019=VERTEX_POINT('',#12031);
#5020=VERTEX_POINT('',#12033);
#5021=VERTEX_POINT('',#12037);
#5022=VERTEX_POINT('',#12039);
#5023=VERTEX_POINT('',#12041);
#5024=VERTEX_POINT('',#12043);
#5025=VERTEX_POINT('',#12047);
#5026=VERTEX_POINT('',#12049);
#5027=VERTEX_POINT('',#12053);
#5028=VERTEX_POINT('',#12055);
#5029=VERTEX_POINT('',#12062);
#5030=VERTEX_POINT('',#12063);
#5031=VERTEX_POINT('',#12065);
#5032=VERTEX_POINT('',#12069);
#5033=VERTEX_POINT('',#12071);
#5034=VERTEX_POINT('',#12075);
#5035=VERTEX_POINT('',#12077);
#5036=VERTEX_POINT('',#12081);
#5037=VERTEX_POINT('',#12086);
#5038=VERTEX_POINT('',#12087);
#5039=VERTEX_POINT('',#12089);
#5040=VERTEX_POINT('',#12093);
#5041=VERTEX_POINT('',#12095);
#5042=VERTEX_POINT('',#12099);
#5043=VERTEX_POINT('',#12101);
#5044=VERTEX_POINT('',#12105);
#5045=VERTEX_POINT('',#12107);
#5046=VERTEX_POINT('',#12111);
#5047=VERTEX_POINT('',#12113);
#5048=VERTEX_POINT('',#12117);
#5049=VERTEX_POINT('',#12121);
#5050=VERTEX_POINT('',#12123);
#5051=VERTEX_POINT('',#12125);
#5052=VERTEX_POINT('',#12127);
#5053=VERTEX_POINT('',#12134);
#5054=VERTEX_POINT('',#12135);
#5055=VERTEX_POINT('',#12137);
#5056=VERTEX_POINT('',#12141);
#5057=VERTEX_POINT('',#12145);
#5058=VERTEX_POINT('',#12147);
#5059=VERTEX_POINT('',#12151);
#5060=VERTEX_POINT('',#12155);
#5061=VERTEX_POINT('',#12157);
#5062=VERTEX_POINT('',#12161);
#5063=VERTEX_POINT('',#12165);
#5064=VERTEX_POINT('',#12167);
#5065=VERTEX_POINT('',#12171);
#5066=VERTEX_POINT('',#12173);
#5067=VERTEX_POINT('',#12177);
#5068=VERTEX_POINT('',#12179);
#5069=VERTEX_POINT('',#12183);
#5070=VERTEX_POINT('',#12187);
#5071=VERTEX_POINT('',#12189);
#5072=VERTEX_POINT('',#12193);
#5073=VERTEX_POINT('',#12195);
#5074=VERTEX_POINT('',#12202);
#5075=VERTEX_POINT('',#12203);
#5076=VERTEX_POINT('',#12205);
#5077=VERTEX_POINT('',#12209);
#5078=VERTEX_POINT('',#12211);
#5079=VERTEX_POINT('',#12215);
#5080=VERTEX_POINT('',#12217);
#5081=VERTEX_POINT('',#12221);
#5082=VERTEX_POINT('',#12223);
#5083=VERTEX_POINT('',#12227);
#5084=VERTEX_POINT('',#12229);
#5085=VERTEX_POINT('',#12233);
#5086=VERTEX_POINT('',#12237);
#5087=VERTEX_POINT('',#12239);
#5088=VERTEX_POINT('',#12241);
#5089=VERTEX_POINT('',#12243);
#5090=VERTEX_POINT('',#12248);
#5091=VERTEX_POINT('',#12249);
#5092=VERTEX_POINT('',#12251);
#5093=VERTEX_POINT('',#12255);
#5094=VERTEX_POINT('',#12259);
#5095=VERTEX_POINT('',#12261);
#5096=VERTEX_POINT('',#12265);
#5097=VERTEX_POINT('',#12269);
#5098=VERTEX_POINT('',#12271);
#5099=VERTEX_POINT('',#12273);
#5100=VERTEX_POINT('',#12275);
#5101=VERTEX_POINT('',#12277);
#5102=VERTEX_POINT('',#12279);
#5103=VERTEX_POINT('',#12283);
#5104=VERTEX_POINT('',#12285);
#5105=VERTEX_POINT('',#12289);
#5106=VERTEX_POINT('',#12291);
#5107=VERTEX_POINT('',#12295);
#5108=VERTEX_POINT('',#12297);
#5109=VERTEX_POINT('',#12301);
#5110=VERTEX_POINT('',#12303);
#5111=VERTEX_POINT('',#12305);
#5112=VERTEX_POINT('',#12309);
#5113=VERTEX_POINT('',#12311);
#5114=VERTEX_POINT('',#12315);
#5115=VERTEX_POINT('',#12319);
#5116=VERTEX_POINT('',#12323);
#5117=VERTEX_POINT('',#12327);
#5118=VERTEX_POINT('',#12331);
#5119=VERTEX_POINT('',#12335);
#5120=VERTEX_POINT('',#12339);
#5121=VERTEX_POINT('',#12343);
#5122=VERTEX_POINT('',#12347);
#5123=VERTEX_POINT('',#12351);
#5124=VERTEX_POINT('',#12355);
#5125=VERTEX_POINT('',#12359);
#5126=VERTEX_POINT('',#12363);
#5127=VERTEX_POINT('',#12367);
#5128=VERTEX_POINT('',#12371);
#5129=VERTEX_POINT('',#12385);
#5130=VERTEX_POINT('',#12389);
#5131=VERTEX_POINT('',#12393);
#5132=VERTEX_POINT('',#12406);
#5133=VERTEX_POINT('',#12410);
#5134=VERTEX_POINT('',#12423);
#5135=VERTEX_POINT('',#12427);
#5136=VERTEX_POINT('',#12440);
#5137=VERTEX_POINT('',#12444);
#5138=VERTEX_POINT('',#12448);
#5139=VERTEX_POINT('',#12452);
#5140=VERTEX_POINT('',#12465);
#5141=VERTEX_POINT('',#12469);
#5142=VERTEX_POINT('',#12482);
#5143=VERTEX_POINT('',#12498);
#5144=VERTEX_POINT('',#12499);
#5145=VERTEX_POINT('',#12501);
#5146=VERTEX_POINT('',#12505);
#5147=VERTEX_POINT('',#12509);
#5148=VERTEX_POINT('',#12511);
#5149=VERTEX_POINT('',#12524);
#5150=VERTEX_POINT('',#12528);
#5151=VERTEX_POINT('',#12541);
#5152=VERTEX_POINT('',#12545);
#5153=VERTEX_POINT('',#12549);
#5154=VERTEX_POINT('',#12551);
#5155=VERTEX_POINT('',#12564);
#5156=VERTEX_POINT('',#12568);
#5157=VERTEX_POINT('',#12581);
#5158=VERTEX_POINT('',#12585);
#5159=VERTEX_POINT('',#12589);
#5160=VERTEX_POINT('',#12591);
#5161=VERTEX_POINT('',#12604);
#5162=VERTEX_POINT('',#12608);
#5163=VERTEX_POINT('',#12621);
#5164=VERTEX_POINT('',#12622);
#5165=VERTEX_POINT('',#12624);
#5166=VERTEX_POINT('',#12628);
#5167=VERTEX_POINT('',#12632);
#5168=VERTEX_POINT('',#12634);
#5169=VERTEX_POINT('',#12647);
#5170=VERTEX_POINT('',#12651);
#5171=VERTEX_POINT('',#12664);
#5172=VERTEX_POINT('',#12668);
#5173=VERTEX_POINT('',#12672);
#5174=VERTEX_POINT('',#12674);
#5175=VERTEX_POINT('',#12687);
#5176=VERTEX_POINT('',#12691);
#5177=VERTEX_POINT('',#12704);
#5178=VERTEX_POINT('',#12708);
#5179=VERTEX_POINT('',#12712);
#5180=VERTEX_POINT('',#12714);
#5181=VERTEX_POINT('',#12727);
#5182=VERTEX_POINT('',#12731);
#5183=VERTEX_POINT('',#12742);
#5184=VERTEX_POINT('',#12746);
#5185=VERTEX_POINT('',#12750);
#5186=VERTEX_POINT('',#12763);
#5187=VERTEX_POINT('',#12767);
#5188=VERTEX_POINT('',#12780);
#5189=VERTEX_POINT('',#12793);
#5190=VERTEX_POINT('',#12797);
#5191=VERTEX_POINT('',#12810);
#5192=VERTEX_POINT('',#12823);
#5193=VERTEX_POINT('',#12836);
#5194=VERTEX_POINT('',#12840);
#5195=VERTEX_POINT('',#12853);
#5196=VERTEX_POINT('',#12866);
#5197=VERTEX_POINT('',#12887);
#5198=VERTEX_POINT('',#12891);
#5199=VERTEX_POINT('',#12895);
#5200=VERTEX_POINT('',#12908);
#5201=VERTEX_POINT('',#12912);
#5202=VERTEX_POINT('',#12925);
#5203=VERTEX_POINT('',#12929);
#5204=VERTEX_POINT('',#12942);
#5205=VERTEX_POINT('',#12946);
#5206=VERTEX_POINT('',#12959);
#5207=VERTEX_POINT('',#12963);
#5208=VERTEX_POINT('',#12976);
#5209=VERTEX_POINT('',#12989);
#5210=VERTEX_POINT('',#12993);
#5211=VERTEX_POINT('',#12997);
#5212=VERTEX_POINT('',#13001);
#5213=VERTEX_POINT('',#13005);
#5214=VERTEX_POINT('',#13006);
#5215=VERTEX_POINT('',#13008);
#5216=VERTEX_POINT('',#13010);
#5217=VERTEX_POINT('',#13014);
#5218=VERTEX_POINT('',#13016);
#5219=VERTEX_POINT('',#13020);
#5220=VERTEX_POINT('',#13022);
#5221=VERTEX_POINT('',#13049);
#5222=VERTEX_POINT('',#13053);
#5223=VERTEX_POINT('',#13057);
#5224=VERTEX_POINT('',#13070);
#5225=VERTEX_POINT('',#13074);
#5226=VERTEX_POINT('',#13087);
#5227=VERTEX_POINT('',#13091);
#5228=VERTEX_POINT('',#13104);
#5229=VERTEX_POINT('',#13118);
#5230=VERTEX_POINT('',#13122);
#5231=VERTEX_POINT('',#13126);
#5232=VERTEX_POINT('',#13139);
#5233=VERTEX_POINT('',#13143);
#5234=VERTEX_POINT('',#13156);
#5235=VERTEX_POINT('',#13160);
#5236=VERTEX_POINT('',#13173);
#5237=VERTEX_POINT('',#13187);
#5238=VERTEX_POINT('',#13191);
#5239=VERTEX_POINT('',#13195);
#5240=VERTEX_POINT('',#13208);
#5241=VERTEX_POINT('',#13212);
#5242=VERTEX_POINT('',#13225);
#5243=VERTEX_POINT('',#13229);
#5244=VERTEX_POINT('',#13242);
#5245=VERTEX_POINT('',#13246);
#5246=VERTEX_POINT('',#13259);
#5247=VERTEX_POINT('',#13263);
#5248=VERTEX_POINT('',#13276);
#5249=VERTEX_POINT('',#13280);
#5250=VERTEX_POINT('',#13293);
#5251=VERTEX_POINT('',#13297);
#5252=VERTEX_POINT('',#13310);
#5253=VERTEX_POINT('',#13314);
#5254=VERTEX_POINT('',#13327);
#5255=VERTEX_POINT('',#13331);
#5256=VERTEX_POINT('',#13344);
#5257=VERTEX_POINT('',#13348);
#5258=VERTEX_POINT('',#13361);
#5259=VERTEX_POINT('',#13365);
#5260=VERTEX_POINT('',#13378);
#5261=VERTEX_POINT('',#13392);
#5262=VERTEX_POINT('',#13396);
#5263=VERTEX_POINT('',#13400);
#5264=VERTEX_POINT('',#13413);
#5265=VERTEX_POINT('',#13417);
#5266=VERTEX_POINT('',#13430);
#5267=VERTEX_POINT('',#13443);
#5268=VERTEX_POINT('',#13447);
#5269=VERTEX_POINT('',#13460);
#5270=VERTEX_POINT('',#13473);
#5271=VERTEX_POINT('',#13477);
#5272=VERTEX_POINT('',#13490);
#5273=VERTEX_POINT('',#13494);
#5274=VERTEX_POINT('',#13507);
#5275=VERTEX_POINT('',#13511);
#5276=VERTEX_POINT('',#13524);
#5277=VERTEX_POINT('',#13537);
#5278=VERTEX_POINT('',#13541);
#5279=VERTEX_POINT('',#13554);
#5280=VERTEX_POINT('',#13567);
#5281=VERTEX_POINT('',#13581);
#5282=VERTEX_POINT('',#13585);
#5283=VERTEX_POINT('',#13589);
#5284=VERTEX_POINT('',#13602);
#5285=VERTEX_POINT('',#13606);
#5286=VERTEX_POINT('',#13619);
#5287=VERTEX_POINT('',#13623);
#5288=VERTEX_POINT('',#13636);
#5289=VERTEX_POINT('',#13640);
#5290=VERTEX_POINT('',#13644);
#5291=VERTEX_POINT('',#13657);
#5292=VERTEX_POINT('',#13661);
#5293=VERTEX_POINT('',#13665);
#5294=VERTEX_POINT('',#13678);
#5295=VERTEX_POINT('',#13691);
#5296=VERTEX_POINT('',#13695);
#5297=VERTEX_POINT('',#13708);
#5298=VERTEX_POINT('',#13721);
#5299=VERTEX_POINT('',#13725);
#5300=VERTEX_POINT('',#13738);
#5301=VERTEX_POINT('',#13742);
#5302=VERTEX_POINT('',#13755);
#5303=VERTEX_POINT('',#13759);
#5304=VERTEX_POINT('',#13772);
#5305=VERTEX_POINT('',#13785);
#5306=VERTEX_POINT('',#13789);
#5307=VERTEX_POINT('',#13802);
#5308=VERTEX_POINT('',#13806);
#5309=VERTEX_POINT('',#13819);
#5310=VERTEX_POINT('',#13823);
#5311=VERTEX_POINT('',#13836);
#5312=VERTEX_POINT('',#13840);
#5313=VERTEX_POINT('',#13853);
#5314=VERTEX_POINT('',#13866);
#5315=VERTEX_POINT('',#13870);
#5316=VERTEX_POINT('',#13883);
#5317=VERTEX_POINT('',#13897);
#5318=VERTEX_POINT('',#13901);
#5319=VERTEX_POINT('',#13905);
#5320=VERTEX_POINT('',#13918);
#5321=VERTEX_POINT('',#13922);
#5322=VERTEX_POINT('',#13935);
#5323=VERTEX_POINT('',#13939);
#5324=VERTEX_POINT('',#13952);
#5325=VERTEX_POINT('',#13965);
#5326=VERTEX_POINT('',#13969);
#5327=VERTEX_POINT('',#13982);
#5328=VERTEX_POINT('',#13986);
#5329=VERTEX_POINT('',#13999);
#5330=VERTEX_POINT('',#14003);
#5331=VERTEX_POINT('',#14016);
#5332=VERTEX_POINT('',#14020);
#5333=VERTEX_POINT('',#14024);
#5334=VERTEX_POINT('',#14028);
#5335=VERTEX_POINT('',#14041);
#5336=VERTEX_POINT('',#14045);
#5337=VERTEX_POINT('',#14058);
#5338=VERTEX_POINT('',#14062);
#5339=VERTEX_POINT('',#14085);
#5340=VERTEX_POINT('',#14089);
#5341=VERTEX_POINT('',#14093);
#5342=VERTEX_POINT('',#14106);
#5343=VERTEX_POINT('',#14110);
#5344=VERTEX_POINT('',#14123);
#5345=VERTEX_POINT('',#14127);
#5346=VERTEX_POINT('',#14140);
#5347=VERTEX_POINT('',#14144);
#5348=VERTEX_POINT('',#14148);
#5349=VERTEX_POINT('',#14152);
#5350=VERTEX_POINT('',#14165);
#5351=VERTEX_POINT('',#14169);
#5352=VERTEX_POINT('',#14182);
#5353=VERTEX_POINT('',#14196);
#5354=VERTEX_POINT('',#14200);
#5355=VERTEX_POINT('',#14204);
#5356=VERTEX_POINT('',#14217);
#5357=VERTEX_POINT('',#14221);
#5358=VERTEX_POINT('',#14234);
#5359=VERTEX_POINT('',#14238);
#5360=VERTEX_POINT('',#14251);
#5361=VERTEX_POINT('',#14265);
#5362=VERTEX_POINT('',#14269);
#5363=VERTEX_POINT('',#14273);
#5364=VERTEX_POINT('',#14286);
#5365=VERTEX_POINT('',#14290);
#5366=VERTEX_POINT('',#14303);
#5367=VERTEX_POINT('',#14307);
#5368=VERTEX_POINT('',#14320);
#5369=VERTEX_POINT('',#14333);
#5370=VERTEX_POINT('',#14337);
#5371=VERTEX_POINT('',#14350);
#5372=VERTEX_POINT('',#14354);
#5373=VERTEX_POINT('',#14358);
#5374=VERTEX_POINT('',#14371);
#5375=VERTEX_POINT('',#14375);
#5376=VERTEX_POINT('',#14388);
#5377=VERTEX_POINT('',#14401);
#5378=VERTEX_POINT('',#14405);
#5379=VERTEX_POINT('',#14409);
#5380=VERTEX_POINT('',#14422);
#5381=VERTEX_POINT('',#14435);
#5382=VERTEX_POINT('',#14436);
#5383=VERTEX_POINT('',#14438);
#5384=VERTEX_POINT('',#14442);
#5385=VERTEX_POINT('',#14446);
#5386=VERTEX_POINT('',#14448);
#5387=VERTEX_POINT('',#14461);
#5388=VERTEX_POINT('',#14465);
#5389=VERTEX_POINT('',#14478);
#5390=VERTEX_POINT('',#14482);
#5391=VERTEX_POINT('',#14486);
#5392=VERTEX_POINT('',#14488);
#5393=VERTEX_POINT('',#14501);
#5394=VERTEX_POINT('',#14505);
#5395=VERTEX_POINT('',#14518);
#5396=VERTEX_POINT('',#14522);
#5397=VERTEX_POINT('',#14526);
#5398=VERTEX_POINT('',#14528);
#5399=VERTEX_POINT('',#14541);
#5400=VERTEX_POINT('',#14545);
#5401=VERTEX_POINT('',#14563);
#5402=VERTEX_POINT('',#14567);
#5403=VERTEX_POINT('',#14571);
#5404=VERTEX_POINT('',#14584);
#5405=VERTEX_POINT('',#14588);
#5406=VERTEX_POINT('',#14601);
#5407=VERTEX_POINT('',#14605);
#5408=VERTEX_POINT('',#14618);
#5409=VERTEX_POINT('',#14622);
#5410=VERTEX_POINT('',#14635);
#5411=VERTEX_POINT('',#14639);
#5412=VERTEX_POINT('',#14652);
#5413=VERTEX_POINT('',#14665);
#5414=VERTEX_POINT('',#14669);
#5415=VERTEX_POINT('',#14673);
#5416=VERTEX_POINT('',#14677);
#5417=VERTEX_POINT('',#14681);
#5418=VERTEX_POINT('',#14682);
#5419=VERTEX_POINT('',#14684);
#5420=VERTEX_POINT('',#14686);
#5421=VERTEX_POINT('',#14690);
#5422=VERTEX_POINT('',#14692);
#5423=VERTEX_POINT('',#14696);
#5424=VERTEX_POINT('',#14698);
#5425=VERTEX_POINT('',#14727);
#5426=VERTEX_POINT('',#14728);
#5427=VERTEX_POINT('',#14730);
#5428=VERTEX_POINT('',#14734);
#5429=VERTEX_POINT('',#14738);
#5430=VERTEX_POINT('',#14740);
#5431=VERTEX_POINT('',#14753);
#5432=VERTEX_POINT('',#14757);
#5433=VERTEX_POINT('',#14770);
#5434=VERTEX_POINT('',#14774);
#5435=VERTEX_POINT('',#14778);
#5436=VERTEX_POINT('',#14780);
#5437=VERTEX_POINT('',#14793);
#5438=VERTEX_POINT('',#14797);
#5439=VERTEX_POINT('',#14810);
#5440=VERTEX_POINT('',#14814);
#5441=VERTEX_POINT('',#14818);
#5442=VERTEX_POINT('',#14820);
#5443=VERTEX_POINT('',#14833);
#5444=VERTEX_POINT('',#14837);
#5445=VERTEX_POINT('',#14848);
#5446=VERTEX_POINT('',#14852);
#5447=VERTEX_POINT('',#14856);
#5448=VERTEX_POINT('',#14869);
#5449=VERTEX_POINT('',#14873);
#5450=VERTEX_POINT('',#14886);
#5451=VERTEX_POINT('',#14890);
#5452=VERTEX_POINT('',#14894);
#5453=VERTEX_POINT('',#14898);
#5454=VERTEX_POINT('',#14902);
#5455=VERTEX_POINT('',#14906);
#5456=VERTEX_POINT('',#14919);
#5457=VERTEX_POINT('',#14932);
#5458=VERTEX_POINT('',#14936);
#5459=VERTEX_POINT('',#14949);
#5460=VERTEX_POINT('',#14962);
#5461=VERTEX_POINT('',#14979);
#5462=VERTEX_POINT('',#14983);
#5463=VERTEX_POINT('',#14987);
#5464=VERTEX_POINT('',#15000);
#5465=VERTEX_POINT('',#15013);
#5466=VERTEX_POINT('',#15017);
#5467=VERTEX_POINT('',#15030);
#5468=VERTEX_POINT('',#15043);
#5469=VERTEX_POINT('',#15047);
#5470=VERTEX_POINT('',#15060);
#5471=VERTEX_POINT('',#15073);
#5472=VERTEX_POINT('',#15077);
#5473=VERTEX_POINT('',#15090);
#5474=VERTEX_POINT('',#15094);
#5475=VERTEX_POINT('',#15107);
#5476=VERTEX_POINT('',#15111);
#5477=VERTEX_POINT('',#15124);
#5478=VERTEX_POINT('',#15137);
#5479=VERTEX_POINT('',#15141);
#5480=VERTEX_POINT('',#15154);
#5481=VERTEX_POINT('',#15158);
#5482=VERTEX_POINT('',#15171);
#5483=VERTEX_POINT('',#15172);
#5484=VERTEX_POINT('',#15174);
#5485=VERTEX_POINT('',#15178);
#5486=VERTEX_POINT('',#15182);
#5487=VERTEX_POINT('',#15184);
#5488=VERTEX_POINT('',#15197);
#5489=VERTEX_POINT('',#15201);
#5490=VERTEX_POINT('',#15205);
#5491=VERTEX_POINT('',#15207);
#5492=VERTEX_POINT('',#15220);
#5493=VERTEX_POINT('',#15224);
#5494=VERTEX_POINT('',#15237);
#5495=VERTEX_POINT('',#15241);
#5496=VERTEX_POINT('',#15245);
#5497=VERTEX_POINT('',#15247);
#5498=VERTEX_POINT('',#15260);
#5499=VERTEX_POINT('',#15264);
#5500=VERTEX_POINT('',#15277);
#5501=VERTEX_POINT('',#15281);
#5502=VERTEX_POINT('',#15308);
#5503=VERTEX_POINT('',#15312);
#5504=VERTEX_POINT('',#15316);
#5505=VERTEX_POINT('',#15329);
#5506=VERTEX_POINT('',#15333);
#5507=VERTEX_POINT('',#15346);
#5508=VERTEX_POINT('',#15350);
#5509=VERTEX_POINT('',#15363);
#5510=VERTEX_POINT('',#15367);
#5511=VERTEX_POINT('',#15380);
#5512=VERTEX_POINT('',#15384);
#5513=VERTEX_POINT('',#15397);
#5514=VERTEX_POINT('',#15411);
#5515=VERTEX_POINT('',#15415);
#5516=VERTEX_POINT('',#15419);
#5517=VERTEX_POINT('',#15432);
#5518=VERTEX_POINT('',#15436);
#5519=VERTEX_POINT('',#15449);
#5520=VERTEX_POINT('',#15453);
#5521=VERTEX_POINT('',#15466);
#5522=VERTEX_POINT('',#15470);
#5523=VERTEX_POINT('',#15483);
#5524=VERTEX_POINT('',#15487);
#5525=VERTEX_POINT('',#15500);
#5526=VERTEX_POINT('',#15513);
#5527=VERTEX_POINT('',#15517);
#5528=VERTEX_POINT('',#15521);
#5529=VERTEX_POINT('',#15525);
#5530=VERTEX_POINT('',#15529);
#5531=VERTEX_POINT('',#15530);
#5532=VERTEX_POINT('',#15532);
#5533=VERTEX_POINT('',#15534);
#5534=VERTEX_POINT('',#15538);
#5535=VERTEX_POINT('',#15540);
#5536=VERTEX_POINT('',#15544);
#5537=VERTEX_POINT('',#15546);
#5538=VERTEX_POINT('',#15566);
#5539=VERTEX_POINT('',#15568);
#5540=VERTEX_POINT('',#15572);
#5541=VERTEX_POINT('',#15585);
#5542=VERTEX_POINT('',#15598);
#5543=VERTEX_POINT('',#15602);
#5544=VERTEX_POINT('',#15615);
#5545=VERTEX_POINT('',#15628);
#5546=VERTEX_POINT('',#15632);
#5547=VERTEX_POINT('',#15645);
#5548=VERTEX_POINT('',#15649);
#5549=VERTEX_POINT('',#15662);
#5550=VERTEX_POINT('',#15666);
#5551=VERTEX_POINT('',#15679);
#5552=VERTEX_POINT('',#15683);
#5553=VERTEX_POINT('',#15687);
#5554=VERTEX_POINT('',#15700);
#5555=VERTEX_POINT('',#15701);
#5556=VERTEX_POINT('',#15703);
#5557=VERTEX_POINT('',#15707);
#5558=VERTEX_POINT('',#15711);
#5559=VERTEX_POINT('',#15713);
#5560=VERTEX_POINT('',#15726);
#5561=VERTEX_POINT('',#15730);
#5562=VERTEX_POINT('',#15734);
#5563=VERTEX_POINT('',#15736);
#5564=VERTEX_POINT('',#15749);
#5565=VERTEX_POINT('',#15753);
#5566=VERTEX_POINT('',#15766);
#5567=VERTEX_POINT('',#15770);
#5568=VERTEX_POINT('',#15774);
#5569=VERTEX_POINT('',#15776);
#5570=VERTEX_POINT('',#15789);
#5571=VERTEX_POINT('',#15793);
#5572=VERTEX_POINT('',#15806);
#5573=VERTEX_POINT('',#15810);
#5574=VERTEX_POINT('',#15821);
#5575=VERTEX_POINT('',#15823);
#5576=VERTEX_POINT('',#15827);
#5577=VERTEX_POINT('',#15840);
#5578=VERTEX_POINT('',#15853);
#5579=VERTEX_POINT('',#15857);
#5580=VERTEX_POINT('',#15870);
#5581=VERTEX_POINT('',#15883);
#5582=VERTEX_POINT('',#15887);
#5583=VERTEX_POINT('',#15891);
#5584=VERTEX_POINT('',#15895);
#5585=VERTEX_POINT('',#15899);
#5586=VERTEX_POINT('',#15903);
#5587=VERTEX_POINT('',#15916);
#5588=VERTEX_POINT('',#15920);
#5589=VERTEX_POINT('',#15933);
#5590=VERTEX_POINT('',#15937);
#5591=VERTEX_POINT('',#15950);
#5592=VERTEX_POINT('',#15954);
#5593=VERTEX_POINT('',#15967);
#5594=VERTEX_POINT('',#15971);
#5595=VERTEX_POINT('',#15975);
#5596=VERTEX_POINT('',#15988);
#5597=VERTEX_POINT('',#15989);
#5598=VERTEX_POINT('',#15991);
#5599=VERTEX_POINT('',#15995);
#5600=VERTEX_POINT('',#15999);
#5601=VERTEX_POINT('',#16001);
#5602=VERTEX_POINT('',#16014);
#5603=VERTEX_POINT('',#16018);
#5604=VERTEX_POINT('',#16022);
#5605=VERTEX_POINT('',#16024);
#5606=VERTEX_POINT('',#16037);
#5607=VERTEX_POINT('',#16041);
#5608=VERTEX_POINT('',#16054);
#5609=VERTEX_POINT('',#16058);
#5610=VERTEX_POINT('',#16062);
#5611=VERTEX_POINT('',#16064);
#5612=VERTEX_POINT('',#16077);
#5613=VERTEX_POINT('',#16081);
#5614=VERTEX_POINT('',#16094);
#5615=VERTEX_POINT('',#16098);
#5616=VERTEX_POINT('',#16112);
#5617=VERTEX_POINT('',#16113);
#5618=VERTEX_POINT('',#16115);
#5619=VERTEX_POINT('',#16117);
#5620=VERTEX_POINT('',#16121);
#5621=VERTEX_POINT('',#16123);
#5622=VERTEX_POINT('',#16127);
#5623=VERTEX_POINT('',#16129);
#5624=VERTEX_POINT('',#16133);
#5625=VERTEX_POINT('',#16134);
#5626=VERTEX_POINT('',#16136);
#5627=VERTEX_POINT('',#16138);
#5628=VERTEX_POINT('',#16142);
#5629=VERTEX_POINT('',#16143);
#5630=VERTEX_POINT('',#16145);
#5631=VERTEX_POINT('',#16147);
#5632=VERTEX_POINT('',#16151);
#5633=VERTEX_POINT('',#16153);
#5634=VERTEX_POINT('',#16157);
#5635=VERTEX_POINT('',#16159);
#5636=VERTEX_POINT('',#16175);
#5637=VERTEX_POINT('',#16176);
#5638=VERTEX_POINT('',#16178);
#5639=VERTEX_POINT('',#16180);
#5640=VERTEX_POINT('',#16184);
#5641=VERTEX_POINT('',#16186);
#5642=VERTEX_POINT('',#16190);
#5643=VERTEX_POINT('',#16192);
#5644=LINE('',#11207,#6555);
#5645=LINE('',#11210,#6556);
#5646=LINE('',#11212,#6557);
#5647=LINE('',#11214,#6558);
#5648=LINE('',#11216,#6559);
#5649=LINE('',#11218,#6560);
#5650=LINE('',#11220,#6561);
#5651=LINE('',#11222,#6562);
#5652=LINE('',#11224,#6563);
#5653=LINE('',#11226,#6564);
#5654=LINE('',#11228,#6565);
#5655=LINE('',#11231,#6566);
#5656=LINE('',#11233,#6567);
#5657=LINE('',#11235,#6568);
#5658=LINE('',#11237,#6569);
#5659=LINE('',#11240,#6570);
#5660=LINE('',#11242,#6571);
#5661=LINE('',#11244,#6572);
#5662=LINE('',#11246,#6573);
#5663=LINE('',#11249,#6574);
#5664=LINE('',#11251,#6575);
#5665=LINE('',#11253,#6576);
#5666=LINE('',#11255,#6577);
#5667=LINE('',#11257,#6578);
#5668=LINE('',#11259,#6579);
#5669=LINE('',#11261,#6580);
#5670=LINE('',#11263,#6581);
#5671=LINE('',#11265,#6582);
#5672=LINE('',#11267,#6583);
#5673=LINE('',#11269,#6584);
#5674=LINE('',#11271,#6585);
#5675=LINE('',#11283,#6586);
#5676=LINE('',#11284,#6587);
#5677=LINE('',#11306,#6588);
#5678=LINE('',#11316,#6589);
#5679=LINE('',#11326,#6590);
#5680=LINE('',#11332,#6591);
#5681=LINE('',#11338,#6592);
#5682=LINE('',#11344,#6593);
#5683=LINE('',#11346,#6594);
#5684=LINE('',#11354,#6595);
#5685=LINE('',#11360,#6596);
#5686=LINE('',#11366,#6597);
#5687=LINE('',#11372,#6598);
#5688=LINE('',#11378,#6599);
#5689=LINE('',#11384,#6600);
#5690=LINE('',#11390,#6601);
#5691=LINE('',#11396,#6602);
#5692=LINE('',#11402,#6603);
#5693=LINE('',#11404,#6604);
#5694=LINE('',#11410,#6605);
#5695=LINE('',#11420,#6606);
#5696=LINE('',#11430,#6607);
#5697=LINE('',#11436,#6608);
#5698=LINE('',#11442,#6609);
#5699=LINE('',#11448,#6610);
#5700=LINE('',#11458,#6611);
#5701=LINE('',#11464,#6612);
#5702=LINE('',#11466,#6613);
#5703=LINE('',#11472,#6614);
#5704=LINE('',#11482,#6615);
#5705=LINE('',#11484,#6616);
#5706=LINE('',#11490,#6617);
#5707=LINE('',#11496,#6618);
#5708=LINE('',#11502,#6619);
#5709=LINE('',#11508,#6620);
#5710=LINE('',#11514,#6621);
#5711=LINE('',#11516,#6622);
#5712=LINE('',#11518,#6623);
#5713=LINE('',#11524,#6624);
#5714=LINE('',#11530,#6625);
#5715=LINE('',#11536,#6626);
#5716=LINE('',#11542,#6627);
#5717=LINE('',#11548,#6628);
#5718=LINE('',#11554,#6629);
#5719=LINE('',#11556,#6630);
#5720=LINE('',#11564,#6631);
#5721=LINE('',#11574,#6632);
#5722=LINE('',#11584,#6633);
#5723=LINE('',#11590,#6634);
#5724=LINE('',#11596,#6635);
#5725=LINE('',#11606,#6636);
#5726=LINE('',#11612,#6637);
#5727=LINE('',#11618,#6638);
#5728=LINE('',#11624,#6639);
#5729=LINE('',#11634,#6640);
#5730=LINE('',#11640,#6641);
#5731=LINE('',#11646,#6642);
#5732=LINE('',#11652,#6643);
#5733=LINE('',#11658,#6644);
#5734=LINE('',#11664,#6645);
#5735=LINE('',#11670,#6646);
#5736=LINE('',#11676,#6647);
#5737=LINE('',#11682,#6648);
#5738=LINE('',#11688,#6649);
#5739=LINE('',#11694,#6650);
#5740=LINE('',#11700,#6651);
#5741=LINE('',#11706,#6652);
#5742=LINE('',#11712,#6653);
#5743=LINE('',#11718,#6654);
#5744=LINE('',#11724,#6655);
#5745=LINE('',#11730,#6656);
#5746=LINE('',#11736,#6657);
#5747=LINE('',#11742,#6658);
#5748=LINE('',#11748,#6659);
#5749=LINE('',#11758,#6660);
#5750=LINE('',#11772,#6661);
#5751=LINE('',#11782,#6662);
#5752=LINE('',#11783,#6663);
#5753=LINE('',#11786,#6664);
#5754=LINE('',#11788,#6665);
#5755=LINE('',#11790,#6666);
#5756=LINE('',#11792,#6667);
#5757=LINE('',#11794,#6668);
#5758=LINE('',#11796,#6669);
#5759=LINE('',#11798,#6670);
#5760=LINE('',#11800,#6671);
#5761=LINE('',#11802,#6672);
#5762=LINE('',#11804,#6673);
#5763=LINE('',#11806,#6674);
#5764=LINE('',#11808,#6675);
#5765=LINE('',#11810,#6676);
#5766=LINE('',#11812,#6677);
#5767=LINE('',#11814,#6678);
#5768=LINE('',#11816,#6679);
#5769=LINE('',#11822,#6680);
#5770=LINE('',#11828,#6681);
#5771=LINE('',#11834,#6682);
#5772=LINE('',#11840,#6683);
#5773=LINE('',#11842,#6684);
#5774=LINE('',#11844,#6685);
#5775=LINE('',#11850,#6686);
#5776=LINE('',#11856,#6687);
#5777=LINE('',#11862,#6688);
#5778=LINE('',#11868,#6689);
#5779=LINE('',#11874,#6690);
#5780=LINE('',#11880,#6691);
#5781=LINE('',#11886,#6692);
#5782=LINE('',#11896,#6693);
#5783=LINE('',#11898,#6694);
#5784=LINE('',#11900,#6695);
#5785=LINE('',#11910,#6696);
#5786=LINE('',#11916,#6697);
#5787=LINE('',#11922,#6698);
#5788=LINE('',#11928,#6699);
#5789=LINE('',#11934,#6700);
#5790=LINE('',#11940,#6701);
#5791=LINE('',#11950,#6702);
#5792=LINE('',#11960,#6703);
#5793=LINE('',#11966,#6704);
#5794=LINE('',#11972,#6705);
#5795=LINE('',#11982,#6706);
#5796=LINE('',#11992,#6707);
#5797=LINE('',#11998,#6708);
#5798=LINE('',#12004,#6709);
#5799=LINE('',#12010,#6710);
#5800=LINE('',#12020,#6711);
#5801=LINE('',#12026,#6712);
#5802=LINE('',#12032,#6713);
#5803=LINE('',#12038,#6714);
#5804=LINE('',#12040,#6715);
#5805=LINE('',#12042,#6716);
#5806=LINE('',#12048,#6717);
#5807=LINE('',#12054,#6718);
#5808=LINE('',#12064,#6719);
#5809=LINE('',#12070,#6720);
#5810=LINE('',#12076,#6721);
#5811=LINE('',#12082,#6722);
#5812=LINE('',#12088,#6723);
#5813=LINE('',#12094,#6724);
#5814=LINE('',#12100,#6725);
#5815=LINE('',#12106,#6726);
#5816=LINE('',#12112,#6727);
#5817=LINE('',#12122,#6728);
#5818=LINE('',#12124,#6729);
#5819=LINE('',#12126,#6730);
#5820=LINE('',#12136,#6731);
#5821=LINE('',#12146,#6732);
#5822=LINE('',#12156,#6733);
#5823=LINE('',#12166,#6734);
#5824=LINE('',#12172,#6735);
#5825=LINE('',#12178,#6736);
#5826=LINE('',#12188,#6737);
#5827=LINE('',#12194,#6738);
#5828=LINE('',#12204,#6739);
#5829=LINE('',#12210,#6740);
#5830=LINE('',#12216,#6741);
#5831=LINE('',#12222,#6742);
#5832=LINE('',#12228,#6743);
#5833=LINE('',#12238,#6744);
#5834=LINE('',#12240,#6745);
#5835=LINE('',#12242,#6746);
#5836=LINE('',#12250,#6747);
#5837=LINE('',#12260,#6748);
#5838=LINE('',#12270,#6749);
#5839=LINE('',#12276,#6750);
#5840=LINE('',#12278,#6751);
#5841=LINE('',#12284,#6752);
#5842=LINE('',#12290,#6753);
#5843=LINE('',#12296,#6754);
#5844=LINE('',#12302,#6755);
#5845=LINE('',#12304,#6756);
#5846=LINE('',#12308,#6757);
#5847=LINE('',#12310,#6758);
#5848=LINE('',#12312,#6759);
#5849=LINE('',#12314,#6760);
#5850=LINE('',#12316,#6761);
#5851=LINE('',#12318,#6762);
#5852=LINE('',#12320,#6763);
#5853=LINE('',#12322,#6764);
#5854=LINE('',#12324,#6765);
#5855=LINE('',#12326,#6766);
#5856=LINE('',#12328,#6767);
#5857=LINE('',#12330,#6768);
#5858=LINE('',#12332,#6769);
#5859=LINE('',#12334,#6770);
#5860=LINE('',#12336,#6771);
#5861=LINE('',#12338,#6772);
#5862=LINE('',#12340,#6773);
#5863=LINE('',#12342,#6774);
#5864=LINE('',#12344,#6775);
#5865=LINE('',#12346,#6776);
#5866=LINE('',#12348,#6777);
#5867=LINE('',#12350,#6778);
#5868=LINE('',#12352,#6779);
#5869=LINE('',#12354,#6780);
#5870=LINE('',#12356,#6781);
#5871=LINE('',#12358,#6782);
#5872=LINE('',#12360,#6783);
#5873=LINE('',#12362,#6784);
#5874=LINE('',#12364,#6785);
#5875=LINE('',#12366,#6786);
#5876=LINE('',#12368,#6787);
#5877=LINE('',#12370,#6788);
#5878=LINE('',#12372,#6789);
#5879=LINE('',#12374,#6790);
#5880=LINE('',#12384,#6791);
#5881=LINE('',#12390,#6792);
#5882=LINE('',#12392,#6793);
#5883=LINE('',#12394,#6794);
#5884=LINE('',#12407,#6795);
#5885=LINE('',#12409,#6796);
#5886=LINE('',#12411,#6797);
#5887=LINE('',#12424,#6798);
#5888=LINE('',#12426,#6799);
#5889=LINE('',#12428,#6800);
#5890=LINE('',#12441,#6801);
#5891=LINE('',#12443,#6802);
#5892=LINE('',#12445,#6803);
#5893=LINE('',#12447,#6804);
#5894=LINE('',#12449,#6805);
#5895=LINE('',#12451,#6806);
#5896=LINE('',#12453,#6807);
#5897=LINE('',#12466,#6808);
#5898=LINE('',#12468,#6809);
#5899=LINE('',#12470,#6810);
#5900=LINE('',#12483,#6811);
#5901=LINE('',#12485,#6812);
#5902=LINE('',#12500,#6813);
#5903=LINE('',#12506,#6814);
#5904=LINE('',#12508,#6815);
#5905=LINE('',#12510,#6816);
#5906=LINE('',#12512,#6817);
#5907=LINE('',#12529,#6818);
#5908=LINE('',#12546,#6819);
#5909=LINE('',#12548,#6820);
#5910=LINE('',#12550,#6821);
#5911=LINE('',#12552,#6822);
#5912=LINE('',#12569,#6823);
#5913=LINE('',#12586,#6824);
#5914=LINE('',#12588,#6825);
#5915=LINE('',#12590,#6826);
#5916=LINE('',#12592,#6827);
#5917=LINE('',#12609,#6828);
#5918=LINE('',#12623,#6829);
#5919=LINE('',#12629,#6830);
#5920=LINE('',#12631,#6831);
#5921=LINE('',#12633,#6832);
#5922=LINE('',#12635,#6833);
#5923=LINE('',#12652,#6834);
#5924=LINE('',#12669,#6835);
#5925=LINE('',#12671,#6836);
#5926=LINE('',#12673,#6837);
#5927=LINE('',#12675,#6838);
#5928=LINE('',#12692,#6839);
#5929=LINE('',#12709,#6840);
#5930=LINE('',#12711,#6841);
#5931=LINE('',#12713,#6842);
#5932=LINE('',#12715,#6843);
#5933=LINE('',#12732,#6844);
#5934=LINE('',#12741,#6845);
#5935=LINE('',#12747,#6846);
#5936=LINE('',#12749,#6847);
#5937=LINE('',#12751,#6848);
#5938=LINE('',#12764,#6849);
#5939=LINE('',#12766,#6850);
#5940=LINE('',#12768,#6851);
#5941=LINE('',#12781,#6852);
#5942=LINE('',#12794,#6853);
#5943=LINE('',#12796,#6854);
#5944=LINE('',#12798,#6855);
#5945=LINE('',#12811,#6856);
#5946=LINE('',#12824,#6857);
#5947=LINE('',#12837,#6858);
#5948=LINE('',#12839,#6859);
#5949=LINE('',#12841,#6860);
#5950=LINE('',#12854,#6861);
#5951=LINE('',#12867,#6862);
#5952=LINE('',#12869,#6863);
#5953=LINE('',#12870,#6864);
#5954=LINE('',#12872,#6865);
#5955=LINE('',#12874,#6866);
#5956=LINE('',#12875,#6867);
#5957=LINE('',#12886,#6868);
#5958=LINE('',#12892,#6869);
#5959=LINE('',#12894,#6870);
#5960=LINE('',#12896,#6871);
#5961=LINE('',#12909,#6872);
#5962=LINE('',#12911,#6873);
#5963=LINE('',#12913,#6874);
#5964=LINE('',#12926,#6875);
#5965=LINE('',#12928,#6876);
#5966=LINE('',#12930,#6877);
#5967=LINE('',#12943,#6878);
#5968=LINE('',#12945,#6879);
#5969=LINE('',#12947,#6880);
#5970=LINE('',#12960,#6881);
#5971=LINE('',#12962,#6882);
#5972=LINE('',#12964,#6883);
#5973=LINE('',#12977,#6884);
#5974=LINE('',#12990,#6885);
#5975=LINE('',#12992,#6886);
#5976=LINE('',#12994,#6887);
#5977=LINE('',#12996,#6888);
#5978=LINE('',#12998,#6889);
#5979=LINE('',#13000,#6890);
#5980=LINE('',#13002,#6891);
#5981=LINE('',#13004,#6892);
#5982=LINE('',#13007,#6893);
#5983=LINE('',#13009,#6894);
#5984=LINE('',#13011,#6895);
#5985=LINE('',#13013,#6896);
#5986=LINE('',#13015,#6897);
#5987=LINE('',#13017,#6898);
#5988=LINE('',#13019,#6899);
#5989=LINE('',#13021,#6900);
#5990=LINE('',#13023,#6901);
#5991=LINE('',#13025,#6902);
#5992=LINE('',#13026,#6903);
#5993=LINE('',#13048,#6904);
#5994=LINE('',#13054,#6905);
#5995=LINE('',#13056,#6906);
#5996=LINE('',#13058,#6907);
#5997=LINE('',#13071,#6908);
#5998=LINE('',#13073,#6909);
#5999=LINE('',#13075,#6910);
#6000=LINE('',#13088,#6911);
#6001=LINE('',#13090,#6912);
#6002=LINE('',#13092,#6913);
#6003=LINE('',#13105,#6914);
#6004=LINE('',#13107,#6915);
#6005=LINE('',#13117,#6916);
#6006=LINE('',#13123,#6917);
#6007=LINE('',#13125,#6918);
#6008=LINE('',#13127,#6919);
#6009=LINE('',#13140,#6920);
#6010=LINE('',#13142,#6921);
#6011=LINE('',#13144,#6922);
#6012=LINE('',#13157,#6923);
#6013=LINE('',#13159,#6924);
#6014=LINE('',#13161,#6925);
#6015=LINE('',#13174,#6926);
#6016=LINE('',#13176,#6927);
#6017=LINE('',#13186,#6928);
#6018=LINE('',#13192,#6929);
#6019=LINE('',#13194,#6930);
#6020=LINE('',#13196,#6931);
#6021=LINE('',#13209,#6932);
#6022=LINE('',#13211,#6933);
#6023=LINE('',#13213,#6934);
#6024=LINE('',#13226,#6935);
#6025=LINE('',#13228,#6936);
#6026=LINE('',#13230,#6937);
#6027=LINE('',#13243,#6938);
#6028=LINE('',#13245,#6939);
#6029=LINE('',#13247,#6940);
#6030=LINE('',#13260,#6941);
#6031=LINE('',#13262,#6942);
#6032=LINE('',#13264,#6943);
#6033=LINE('',#13277,#6944);
#6034=LINE('',#13279,#6945);
#6035=LINE('',#13281,#6946);
#6036=LINE('',#13294,#6947);
#6037=LINE('',#13296,#6948);
#6038=LINE('',#13298,#6949);
#6039=LINE('',#13311,#6950);
#6040=LINE('',#13313,#6951);
#6041=LINE('',#13315,#6952);
#6042=LINE('',#13328,#6953);
#6043=LINE('',#13330,#6954);
#6044=LINE('',#13332,#6955);
#6045=LINE('',#13345,#6956);
#6046=LINE('',#13347,#6957);
#6047=LINE('',#13349,#6958);
#6048=LINE('',#13362,#6959);
#6049=LINE('',#13364,#6960);
#6050=LINE('',#13366,#6961);
#6051=LINE('',#13379,#6962);
#6052=LINE('',#13381,#6963);
#6053=LINE('',#13391,#6964);
#6054=LINE('',#13397,#6965);
#6055=LINE('',#13399,#6966);
#6056=LINE('',#13401,#6967);
#6057=LINE('',#13414,#6968);
#6058=LINE('',#13416,#6969);
#6059=LINE('',#13418,#6970);
#6060=LINE('',#13431,#6971);
#6061=LINE('',#13444,#6972);
#6062=LINE('',#13446,#6973);
#6063=LINE('',#13448,#6974);
#6064=LINE('',#13461,#6975);
#6065=LINE('',#13474,#6976);
#6066=LINE('',#13476,#6977);
#6067=LINE('',#13478,#6978);
#6068=LINE('',#13491,#6979);
#6069=LINE('',#13493,#6980);
#6070=LINE('',#13495,#6981);
#6071=LINE('',#13508,#6982);
#6072=LINE('',#13510,#6983);
#6073=LINE('',#13512,#6984);
#6074=LINE('',#13525,#6985);
#6075=LINE('',#13538,#6986);
#6076=LINE('',#13540,#6987);
#6077=LINE('',#13542,#6988);
#6078=LINE('',#13555,#6989);
#6079=LINE('',#13568,#6990);
#6080=LINE('',#13570,#6991);
#6081=LINE('',#13580,#6992);
#6082=LINE('',#13586,#6993);
#6083=LINE('',#13588,#6994);
#6084=LINE('',#13590,#6995);
#6085=LINE('',#13603,#6996);
#6086=LINE('',#13605,#6997);
#6087=LINE('',#13607,#6998);
#6088=LINE('',#13620,#6999);
#6089=LINE('',#13622,#7000);
#6090=LINE('',#13624,#7001);
#6091=LINE('',#13637,#7002);
#6092=LINE('',#13639,#7003);
#6093=LINE('',#13641,#7004);
#6094=LINE('',#13643,#7005);
#6095=LINE('',#13645,#7006);
#6096=LINE('',#13658,#7007);
#6097=LINE('',#13662,#7008);
#6098=LINE('',#13664,#7009);
#6099=LINE('',#13666,#7010);
#6100=LINE('',#13679,#7011);
#6101=LINE('',#13692,#7012);
#6102=LINE('',#13694,#7013);
#6103=LINE('',#13696,#7014);
#6104=LINE('',#13709,#7015);
#6105=LINE('',#13722,#7016);
#6106=LINE('',#13724,#7017);
#6107=LINE('',#13726,#7018);
#6108=LINE('',#13739,#7019);
#6109=LINE('',#13741,#7020);
#6110=LINE('',#13743,#7021);
#6111=LINE('',#13756,#7022);
#6112=LINE('',#13758,#7023);
#6113=LINE('',#13760,#7024);
#6114=LINE('',#13773,#7025);
#6115=LINE('',#13786,#7026);
#6116=LINE('',#13788,#7027);
#6117=LINE('',#13790,#7028);
#6118=LINE('',#13803,#7029);
#6119=LINE('',#13805,#7030);
#6120=LINE('',#13807,#7031);
#6121=LINE('',#13820,#7032);
#6122=LINE('',#13822,#7033);
#6123=LINE('',#13824,#7034);
#6124=LINE('',#13837,#7035);
#6125=LINE('',#13839,#7036);
#6126=LINE('',#13841,#7037);
#6127=LINE('',#13854,#7038);
#6128=LINE('',#13867,#7039);
#6129=LINE('',#13869,#7040);
#6130=LINE('',#13871,#7041);
#6131=LINE('',#13884,#7042);
#6132=LINE('',#13886,#7043);
#6133=LINE('',#13896,#7044);
#6134=LINE('',#13902,#7045);
#6135=LINE('',#13904,#7046);
#6136=LINE('',#13906,#7047);
#6137=LINE('',#13919,#7048);
#6138=LINE('',#13921,#7049);
#6139=LINE('',#13923,#7050);
#6140=LINE('',#13936,#7051);
#6141=LINE('',#13938,#7052);
#6142=LINE('',#13940,#7053);
#6143=LINE('',#13953,#7054);
#6144=LINE('',#13966,#7055);
#6145=LINE('',#13968,#7056);
#6146=LINE('',#13970,#7057);
#6147=LINE('',#13983,#7058);
#6148=LINE('',#13985,#7059);
#6149=LINE('',#13987,#7060);
#6150=LINE('',#14000,#7061);
#6151=LINE('',#14002,#7062);
#6152=LINE('',#14004,#7063);
#6153=LINE('',#14017,#7064);
#6154=LINE('',#14019,#7065);
#6155=LINE('',#14021,#7066);
#6156=LINE('',#14023,#7067);
#6157=LINE('',#14025,#7068);
#6158=LINE('',#14027,#7069);
#6159=LINE('',#14029,#7070);
#6160=LINE('',#14042,#7071);
#6161=LINE('',#14044,#7072);
#6162=LINE('',#14046,#7073);
#6163=LINE('',#14059,#7074);
#6164=LINE('',#14061,#7075);
#6165=LINE('',#14063,#7076);
#6166=LINE('',#14084,#7077);
#6167=LINE('',#14090,#7078);
#6168=LINE('',#14092,#7079);
#6169=LINE('',#14094,#7080);
#6170=LINE('',#14107,#7081);
#6171=LINE('',#14109,#7082);
#6172=LINE('',#14111,#7083);
#6173=LINE('',#14124,#7084);
#6174=LINE('',#14126,#7085);
#6175=LINE('',#14128,#7086);
#6176=LINE('',#14141,#7087);
#6177=LINE('',#14143,#7088);
#6178=LINE('',#14145,#7089);
#6179=LINE('',#14147,#7090);
#6180=LINE('',#14149,#7091);
#6181=LINE('',#14151,#7092);
#6182=LINE('',#14153,#7093);
#6183=LINE('',#14166,#7094);
#6184=LINE('',#14168,#7095);
#6185=LINE('',#14170,#7096);
#6186=LINE('',#14183,#7097);
#6187=LINE('',#14185,#7098);
#6188=LINE('',#14195,#7099);
#6189=LINE('',#14201,#7100);
#6190=LINE('',#14203,#7101);
#6191=LINE('',#14205,#7102);
#6192=LINE('',#14218,#7103);
#6193=LINE('',#14220,#7104);
#6194=LINE('',#14222,#7105);
#6195=LINE('',#14235,#7106);
#6196=LINE('',#14237,#7107);
#6197=LINE('',#14239,#7108);
#6198=LINE('',#14252,#7109);
#6199=LINE('',#14254,#7110);
#6200=LINE('',#14264,#7111);
#6201=LINE('',#14270,#7112);
#6202=LINE('',#14272,#7113);
#6203=LINE('',#14274,#7114);
#6204=LINE('',#14287,#7115);
#6205=LINE('',#14289,#7116);
#6206=LINE('',#14291,#7117);
#6207=LINE('',#14304,#7118);
#6208=LINE('',#14306,#7119);
#6209=LINE('',#14308,#7120);
#6210=LINE('',#14321,#7121);
#6211=LINE('',#14334,#7122);
#6212=LINE('',#14336,#7123);
#6213=LINE('',#14338,#7124);
#6214=LINE('',#14351,#7125);
#6215=LINE('',#14353,#7126);
#6216=LINE('',#14355,#7127);
#6217=LINE('',#14357,#7128);
#6218=LINE('',#14359,#7129);
#6219=LINE('',#14372,#7130);
#6220=LINE('',#14374,#7131);
#6221=LINE('',#14376,#7132);
#6222=LINE('',#14389,#7133);
#6223=LINE('',#14402,#7134);
#6224=LINE('',#14404,#7135);
#6225=LINE('',#14406,#7136);
#6226=LINE('',#14408,#7137);
#6227=LINE('',#14410,#7138);
#6228=LINE('',#14423,#7139);
#6229=LINE('',#14437,#7140);
#6230=LINE('',#14443,#7141);
#6231=LINE('',#14445,#7142);
#6232=LINE('',#14447,#7143);
#6233=LINE('',#14449,#7144);
#6234=LINE('',#14466,#7145);
#6235=LINE('',#14483,#7146);
#6236=LINE('',#14485,#7147);
#6237=LINE('',#14487,#7148);
#6238=LINE('',#14489,#7149);
#6239=LINE('',#14506,#7150);
#6240=LINE('',#14523,#7151);
#6241=LINE('',#14525,#7152);
#6242=LINE('',#14527,#7153);
#6243=LINE('',#14529,#7154);
#6244=LINE('',#14546,#7155);
#6245=LINE('',#14548,#7156);
#6246=LINE('',#14549,#7157);
#6247=LINE('',#14551,#7158);
#6248=LINE('',#14562,#7159);
#6249=LINE('',#14568,#7160);
#6250=LINE('',#14570,#7161);
#6251=LINE('',#14572,#7162);
#6252=LINE('',#14585,#7163);
#6253=LINE('',#14587,#7164);
#6254=LINE('',#14589,#7165);
#6255=LINE('',#14602,#7166);
#6256=LINE('',#14604,#7167);
#6257=LINE('',#14606,#7168);
#6258=LINE('',#14619,#7169);
#6259=LINE('',#14621,#7170);
#6260=LINE('',#14623,#7171);
#6261=LINE('',#14636,#7172);
#6262=LINE('',#14638,#7173);
#6263=LINE('',#14640,#7174);
#6264=LINE('',#14653,#7175);
#6265=LINE('',#14666,#7176);
#6266=LINE('',#14668,#7177);
#6267=LINE('',#14670,#7178);
#6268=LINE('',#14672,#7179);
#6269=LINE('',#14674,#7180);
#6270=LINE('',#14676,#7181);
#6271=LINE('',#14678,#7182);
#6272=LINE('',#14680,#7183);
#6273=LINE('',#14683,#7184);
#6274=LINE('',#14685,#7185);
#6275=LINE('',#14687,#7186);
#6276=LINE('',#14689,#7187);
#6277=LINE('',#14691,#7188);
#6278=LINE('',#14693,#7189);
#6279=LINE('',#14695,#7190);
#6280=LINE('',#14697,#7191);
#6281=LINE('',#14699,#7192);
#6282=LINE('',#14701,#7193);
#6283=LINE('',#14702,#7194);
#6284=LINE('',#14729,#7195);
#6285=LINE('',#14735,#7196);
#6286=LINE('',#14737,#7197);
#6287=LINE('',#14739,#7198);
#6288=LINE('',#14741,#7199);
#6289=LINE('',#14758,#7200);
#6290=LINE('',#14775,#7201);
#6291=LINE('',#14777,#7202);
#6292=LINE('',#14779,#7203);
#6293=LINE('',#14781,#7204);
#6294=LINE('',#14798,#7205);
#6295=LINE('',#14815,#7206);
#6296=LINE('',#14817,#7207);
#6297=LINE('',#14819,#7208);
#6298=LINE('',#14821,#7209);
#6299=LINE('',#14838,#7210);
#6300=LINE('',#14847,#7211);
#6301=LINE('',#14853,#7212);
#6302=LINE('',#14855,#7213);
#6303=LINE('',#14857,#7214);
#6304=LINE('',#14870,#7215);
#6305=LINE('',#14872,#7216);
#6306=LINE('',#14874,#7217);
#6307=LINE('',#14887,#7218);
#6308=LINE('',#14889,#7219);
#6309=LINE('',#14891,#7220);
#6310=LINE('',#14893,#7221);
#6311=LINE('',#14895,#7222);
#6312=LINE('',#14899,#7223);
#6313=LINE('',#14903,#7224);
#6314=LINE('',#14905,#7225);
#6315=LINE('',#14907,#7226);
#6316=LINE('',#14920,#7227);
#6317=LINE('',#14933,#7228);
#6318=LINE('',#14935,#7229);
#6319=LINE('',#14937,#7230);
#6320=LINE('',#14950,#7231);
#6321=LINE('',#14963,#7232);
#6322=LINE('',#14965,#7233);
#6323=LINE('',#14967,#7234);
#6324=LINE('',#14968,#7235);
#6325=LINE('',#14978,#7236);
#6326=LINE('',#14984,#7237);
#6327=LINE('',#14986,#7238);
#6328=LINE('',#14988,#7239);
#6329=LINE('',#15001,#7240);
#6330=LINE('',#15014,#7241);
#6331=LINE('',#15016,#7242);
#6332=LINE('',#15018,#7243);
#6333=LINE('',#15031,#7244);
#6334=LINE('',#15044,#7245);
#6335=LINE('',#15046,#7246);
#6336=LINE('',#15048,#7247);
#6337=LINE('',#15061,#7248);
#6338=LINE('',#15074,#7249);
#6339=LINE('',#15076,#7250);
#6340=LINE('',#15078,#7251);
#6341=LINE('',#15091,#7252);
#6342=LINE('',#15093,#7253);
#6343=LINE('',#15095,#7254);
#6344=LINE('',#15108,#7255);
#6345=LINE('',#15110,#7256);
#6346=LINE('',#15112,#7257);
#6347=LINE('',#15125,#7258);
#6348=LINE('',#15138,#7259);
#6349=LINE('',#15140,#7260);
#6350=LINE('',#15142,#7261);
#6351=LINE('',#15155,#7262);
#6352=LINE('',#15157,#7263);
#6353=LINE('',#15159,#7264);
#6354=LINE('',#15173,#7265);
#6355=LINE('',#15179,#7266);
#6356=LINE('',#15181,#7267);
#6357=LINE('',#15183,#7268);
#6358=LINE('',#15185,#7269);
#6359=LINE('',#15202,#7270);
#6360=LINE('',#15204,#7271);
#6361=LINE('',#15206,#7272);
#6362=LINE('',#15208,#7273);
#6363=LINE('',#15225,#7274);
#6364=LINE('',#15242,#7275);
#6365=LINE('',#15244,#7276);
#6366=LINE('',#15246,#7277);
#6367=LINE('',#15248,#7278);
#6368=LINE('',#15265,#7279);
#6369=LINE('',#15282,#7280);
#6370=LINE('',#15284,#7281);
#6371=LINE('',#15285,#7282);
#6372=LINE('',#15307,#7283);
#6373=LINE('',#15313,#7284);
#6374=LINE('',#15315,#7285);
#6375=LINE('',#15317,#7286);
#6376=LINE('',#15330,#7287);
#6377=LINE('',#15332,#7288);
#6378=LINE('',#15334,#7289);
#6379=LINE('',#15347,#7290);
#6380=LINE('',#15349,#7291);
#6381=LINE('',#15351,#7292);
#6382=LINE('',#15364,#7293);
#6383=LINE('',#15366,#7294);
#6384=LINE('',#15368,#7295);
#6385=LINE('',#15381,#7296);
#6386=LINE('',#15383,#7297);
#6387=LINE('',#15385,#7298);
#6388=LINE('',#15398,#7299);
#6389=LINE('',#15400,#7300);
#6390=LINE('',#15410,#7301);
#6391=LINE('',#15416,#7302);
#6392=LINE('',#15418,#7303);
#6393=LINE('',#15420,#7304);
#6394=LINE('',#15433,#7305);
#6395=LINE('',#15435,#7306);
#6396=LINE('',#15437,#7307);
#6397=LINE('',#15450,#7308);
#6398=LINE('',#15452,#7309);
#6399=LINE('',#15454,#7310);
#6400=LINE('',#15467,#7311);
#6401=LINE('',#15469,#7312);
#6402=LINE('',#15471,#7313);
#6403=LINE('',#15484,#7314);
#6404=LINE('',#15486,#7315);
#6405=LINE('',#15488,#7316);
#6406=LINE('',#15501,#7317);
#6407=LINE('',#15514,#7318);
#6408=LINE('',#15516,#7319);
#6409=LINE('',#15518,#7320);
#6410=LINE('',#15520,#7321);
#6411=LINE('',#15522,#7322);
#6412=LINE('',#15524,#7323);
#6413=LINE('',#15526,#7324);
#6414=LINE('',#15528,#7325);
#6415=LINE('',#15531,#7326);
#6416=LINE('',#15533,#7327);
#6417=LINE('',#15535,#7328);
#6418=LINE('',#15537,#7329);
#6419=LINE('',#15539,#7330);
#6420=LINE('',#15541,#7331);
#6421=LINE('',#15543,#7332);
#6422=LINE('',#15545,#7333);
#6423=LINE('',#15547,#7334);
#6424=LINE('',#15549,#7335);
#6425=LINE('',#15550,#7336);
#6426=LINE('',#15565,#7337);
#6427=LINE('',#15569,#7338);
#6428=LINE('',#15571,#7339);
#6429=LINE('',#15573,#7340);
#6430=LINE('',#15586,#7341);
#6431=LINE('',#15599,#7342);
#6432=LINE('',#15601,#7343);
#6433=LINE('',#15603,#7344);
#6434=LINE('',#15616,#7345);
#6435=LINE('',#15629,#7346);
#6436=LINE('',#15631,#7347);
#6437=LINE('',#15633,#7348);
#6438=LINE('',#15646,#7349);
#6439=LINE('',#15648,#7350);
#6440=LINE('',#15650,#7351);
#6441=LINE('',#15663,#7352);
#6442=LINE('',#15665,#7353);
#6443=LINE('',#15667,#7354);
#6444=LINE('',#15680,#7355);
#6445=LINE('',#15682,#7356);
#6446=LINE('',#15684,#7357);
#6447=LINE('',#15686,#7358);
#6448=LINE('',#15688,#7359);
#6449=LINE('',#15702,#7360);
#6450=LINE('',#15708,#7361);
#6451=LINE('',#15710,#7362);
#6452=LINE('',#15712,#7363);
#6453=LINE('',#15714,#7364);
#6454=LINE('',#15731,#7365);
#6455=LINE('',#15733,#7366);
#6456=LINE('',#15735,#7367);
#6457=LINE('',#15737,#7368);
#6458=LINE('',#15754,#7369);
#6459=LINE('',#15771,#7370);
#6460=LINE('',#15773,#7371);
#6461=LINE('',#15775,#7372);
#6462=LINE('',#15777,#7373);
#6463=LINE('',#15794,#7374);
#6464=LINE('',#15811,#7375);
#6465=LINE('',#15813,#7376);
#6466=LINE('',#15814,#7377);
#6467=LINE('',#15820,#7378);
#6468=LINE('',#15824,#7379);
#6469=LINE('',#15826,#7380);
#6470=LINE('',#15828,#7381);
#6471=LINE('',#15841,#7382);
#6472=LINE('',#15854,#7383);
#6473=LINE('',#15856,#7384);
#6474=LINE('',#15858,#7385);
#6475=LINE('',#15871,#7386);
#6476=LINE('',#15884,#7387);
#6477=LINE('',#15886,#7388);
#6478=LINE('',#15888,#7389);
#6479=LINE('',#15892,#7390);
#6480=LINE('',#15896,#7391);
#6481=LINE('',#15898,#7392);
#6482=LINE('',#15900,#7393);
#6483=LINE('',#15902,#7394);
#6484=LINE('',#15904,#7395);
#6485=LINE('',#15917,#7396);
#6486=LINE('',#15919,#7397);
#6487=LINE('',#15921,#7398);
#6488=LINE('',#15934,#7399);
#6489=LINE('',#15936,#7400);
#6490=LINE('',#15938,#7401);
#6491=LINE('',#15951,#7402);
#6492=LINE('',#15953,#7403);
#6493=LINE('',#15955,#7404);
#6494=LINE('',#15968,#7405);
#6495=LINE('',#15970,#7406);
#6496=LINE('',#15972,#7407);
#6497=LINE('',#15974,#7408);
#6498=LINE('',#15976,#7409);
#6499=LINE('',#15990,#7410);
#6500=LINE('',#15996,#7411);
#6501=LINE('',#15998,#7412);
#6502=LINE('',#16000,#7413);
#6503=LINE('',#16002,#7414);
#6504=LINE('',#16019,#7415);
#6505=LINE('',#16021,#7416);
#6506=LINE('',#16023,#7417);
#6507=LINE('',#16025,#7418);
#6508=LINE('',#16042,#7419);
#6509=LINE('',#16059,#7420);
#6510=LINE('',#16061,#7421);
#6511=LINE('',#16063,#7422);
#6512=LINE('',#16065,#7423);
#6513=LINE('',#16082,#7424);
#6514=LINE('',#16099,#7425);
#6515=LINE('',#16101,#7426);
#6516=LINE('',#16102,#7427);
#6517=LINE('',#16111,#7428);
#6518=LINE('',#16114,#7429);
#6519=LINE('',#16116,#7430);
#6520=LINE('',#16118,#7431);
#6521=LINE('',#16120,#7432);
#6522=LINE('',#16122,#7433);
#6523=LINE('',#16124,#7434);
#6524=LINE('',#16126,#7435);
#6525=LINE('',#16128,#7436);
#6526=LINE('',#16130,#7437);
#6527=LINE('',#16132,#7438);
#6528=LINE('',#16135,#7439);
#6529=LINE('',#16137,#7440);
#6530=LINE('',#16139,#7441);
#6531=LINE('',#16141,#7442);
#6532=LINE('',#16144,#7443);
#6533=LINE('',#16146,#7444);
#6534=LINE('',#16148,#7445);
#6535=LINE('',#16150,#7446);
#6536=LINE('',#16152,#7447);
#6537=LINE('',#16154,#7448);
#6538=LINE('',#16156,#7449);
#6539=LINE('',#16158,#7450);
#6540=LINE('',#16160,#7451);
#6541=LINE('',#16162,#7452);
#6542=LINE('',#16163,#7453);
#6543=LINE('',#16174,#7454);
#6544=LINE('',#16177,#7455);
#6545=LINE('',#16179,#7456);
#6546=LINE('',#16181,#7457);
#6547=LINE('',#16183,#7458);
#6548=LINE('',#16185,#7459);
#6549=LINE('',#16187,#7460);
#6550=LINE('',#16189,#7461);
#6551=LINE('',#16191,#7462);
#6552=LINE('',#16193,#7463);
#6553=LINE('',#16195,#7464);
#6554=LINE('',#16196,#7465);
#6555=VECTOR('',#9652,1.);
#6556=VECTOR('',#9653,1.);
#6557=VECTOR('',#9654,1.);
#6558=VECTOR('',#9655,1.);
#6559=VECTOR('',#9658,1.);
#6560=VECTOR('',#9659,1.);
#6561=VECTOR('',#9660,1.);
#6562=VECTOR('',#9663,1.);
#6563=VECTOR('',#9664,1.);
#6564=VECTOR('',#9665,1.);
#6565=VECTOR('',#9668,1.);
#6566=VECTOR('',#9669,1.);
#6567=VECTOR('',#9670,1.);
#6568=VECTOR('',#9671,1.);
#6569=VECTOR('',#9674,1.);
#6570=VECTOR('',#9675,1.);
#6571=VECTOR('',#9676,1.);
#6572=VECTOR('',#9677,1.);
#6573=VECTOR('',#9680,1.);
#6574=VECTOR('',#9681,1.);
#6575=VECTOR('',#9682,1.);
#6576=VECTOR('',#9683,1.);
#6577=VECTOR('',#9686,1.);
#6578=VECTOR('',#9687,1.);
#6579=VECTOR('',#9688,1.);
#6580=VECTOR('',#9691,1.);
#6581=VECTOR('',#9692,1.);
#6582=VECTOR('',#9693,1.);
#6583=VECTOR('',#9696,1.);
#6584=VECTOR('',#9697,1.);
#6585=VECTOR('',#9698,1.);
#6586=VECTOR('',#9713,1.);
#6587=VECTOR('',#9714,1.);
#6588=VECTOR('',#9749,1.);
#6589=VECTOR('',#9750,1.);
#6590=VECTOR('',#9751,1.);
#6591=VECTOR('',#9752,1.);
#6592=VECTOR('',#9753,1.);
#6593=VECTOR('',#9754,1.);
#6594=VECTOR('',#9755,1.);
#6595=VECTOR('',#9758,1.);
#6596=VECTOR('',#9759,1.);
#6597=VECTOR('',#9760,1.);
#6598=VECTOR('',#9761,1.);
#6599=VECTOR('',#9762,1.);
#6600=VECTOR('',#9763,1.);
#6601=VECTOR('',#9764,1.);
#6602=VECTOR('',#9765,1.);
#6603=VECTOR('',#9766,1.);
#6604=VECTOR('',#9767,1.);
#6605=VECTOR('',#9772,1.);
#6606=VECTOR('',#9773,1.);
#6607=VECTOR('',#9774,1.);
#6608=VECTOR('',#9775,1.);
#6609=VECTOR('',#9776,1.);
#6610=VECTOR('',#9777,1.);
#6611=VECTOR('',#9778,1.);
#6612=VECTOR('',#9779,1.);
#6613=VECTOR('',#9780,1.);
#6614=VECTOR('',#9781,1.);
#6615=VECTOR('',#9782,1.);
#6616=VECTOR('',#9783,1.);
#6617=VECTOR('',#9784,1.);
#6618=VECTOR('',#9785,1.);
#6619=VECTOR('',#9786,1.);
#6620=VECTOR('',#9787,1.);
#6621=VECTOR('',#9788,1.);
#6622=VECTOR('',#9789,1.);
#6623=VECTOR('',#9790,1.);
#6624=VECTOR('',#9791,1.);
#6625=VECTOR('',#9792,1.);
#6626=VECTOR('',#9793,1.);
#6627=VECTOR('',#9794,1.);
#6628=VECTOR('',#9795,1.);
#6629=VECTOR('',#9796,1.);
#6630=VECTOR('',#9797,1.);
#6631=VECTOR('',#9800,1.);
#6632=VECTOR('',#9801,1.);
#6633=VECTOR('',#9802,1.);
#6634=VECTOR('',#9803,1.);
#6635=VECTOR('',#9804,1.);
#6636=VECTOR('',#9805,1.);
#6637=VECTOR('',#9806,1.);
#6638=VECTOR('',#9807,1.);
#6639=VECTOR('',#9808,1.);
#6640=VECTOR('',#9809,1.);
#6641=VECTOR('',#9810,1.);
#6642=VECTOR('',#9811,1.);
#6643=VECTOR('',#9812,1.);
#6644=VECTOR('',#9813,1.);
#6645=VECTOR('',#9814,1.);
#6646=VECTOR('',#9815,1.);
#6647=VECTOR('',#9816,1.);
#6648=VECTOR('',#9817,1.);
#6649=VECTOR('',#9818,1.);
#6650=VECTOR('',#9819,1.);
#6651=VECTOR('',#9820,1.);
#6652=VECTOR('',#9821,1.);
#6653=VECTOR('',#9822,1.);
#6654=VECTOR('',#9823,1.);
#6655=VECTOR('',#9824,1.);
#6656=VECTOR('',#9825,1.);
#6657=VECTOR('',#9826,1.);
#6658=VECTOR('',#9827,1.);
#6659=VECTOR('',#9828,1.);
#6660=VECTOR('',#9829,1.);
#6661=VECTOR('',#9830,1.);
#6662=VECTOR('',#9831,1.);
#6663=VECTOR('',#9832,1.);
#6664=VECTOR('',#9833,1.);
#6665=VECTOR('',#9834,1.);
#6666=VECTOR('',#9835,1.);
#6667=VECTOR('',#9836,1.);
#6668=VECTOR('',#9837,1.);
#6669=VECTOR('',#9838,1.);
#6670=VECTOR('',#9839,1.);
#6671=VECTOR('',#9840,1.);
#6672=VECTOR('',#9841,1.);
#6673=VECTOR('',#9842,1.);
#6674=VECTOR('',#9843,1.);
#6675=VECTOR('',#9844,1.);
#6676=VECTOR('',#9845,1.);
#6677=VECTOR('',#9846,1.);
#6678=VECTOR('',#9847,1.);
#6679=VECTOR('',#9848,1.);
#6680=VECTOR('',#9849,1.);
#6681=VECTOR('',#9850,1.);
#6682=VECTOR('',#9851,1.);
#6683=VECTOR('',#9852,1.);
#6684=VECTOR('',#9853,1.);
#6685=VECTOR('',#9854,1.);
#6686=VECTOR('',#9855,1.);
#6687=VECTOR('',#9856,1.);
#6688=VECTOR('',#9857,1.);
#6689=VECTOR('',#9858,1.);
#6690=VECTOR('',#9859,1.);
#6691=VECTOR('',#9860,1.);
#6692=VECTOR('',#9861,1.);
#6693=VECTOR('',#9862,1.);
#6694=VECTOR('',#9863,1.);
#6695=VECTOR('',#9864,1.);
#6696=VECTOR('',#9865,1.);
#6697=VECTOR('',#9866,1.);
#6698=VECTOR('',#9867,1.);
#6699=VECTOR('',#9868,1.);
#6700=VECTOR('',#9869,1.);
#6701=VECTOR('',#9870,1.);
#6702=VECTOR('',#9871,1.);
#6703=VECTOR('',#9872,1.);
#6704=VECTOR('',#9873,1.);
#6705=VECTOR('',#9874,1.);
#6706=VECTOR('',#9875,1.);
#6707=VECTOR('',#9876,1.);
#6708=VECTOR('',#9877,1.);
#6709=VECTOR('',#9878,1.);
#6710=VECTOR('',#9879,1.);
#6711=VECTOR('',#9880,1.);
#6712=VECTOR('',#9881,1.);
#6713=VECTOR('',#9882,1.);
#6714=VECTOR('',#9883,1.);
#6715=VECTOR('',#9884,1.);
#6716=VECTOR('',#9885,1.);
#6717=VECTOR('',#9886,1.);
#6718=VECTOR('',#9887,1.);
#6719=VECTOR('',#9888,1.);
#6720=VECTOR('',#9889,1.);
#6721=VECTOR('',#9890,1.);
#6722=VECTOR('',#9891,1.);
#6723=VECTOR('',#9892,1.);
#6724=VECTOR('',#9893,1.);
#6725=VECTOR('',#9894,1.);
#6726=VECTOR('',#9895,1.);
#6727=VECTOR('',#9896,1.);
#6728=VECTOR('',#9897,1.);
#6729=VECTOR('',#9898,1.);
#6730=VECTOR('',#9899,1.);
#6731=VECTOR('',#9900,1.);
#6732=VECTOR('',#9901,1.);
#6733=VECTOR('',#9902,1.);
#6734=VECTOR('',#9903,1.);
#6735=VECTOR('',#9904,1.);
#6736=VECTOR('',#9905,1.);
#6737=VECTOR('',#9906,1.);
#6738=VECTOR('',#9907,1.);
#6739=VECTOR('',#9908,1.);
#6740=VECTOR('',#9909,1.);
#6741=VECTOR('',#9910,1.);
#6742=VECTOR('',#9911,1.);
#6743=VECTOR('',#9912,1.);
#6744=VECTOR('',#9913,1.);
#6745=VECTOR('',#9914,1.);
#6746=VECTOR('',#9915,1.);
#6747=VECTOR('',#9918,1.);
#6748=VECTOR('',#9919,1.);
#6749=VECTOR('',#9920,1.);
#6750=VECTOR('',#9925,1.);
#6751=VECTOR('',#9926,1.);
#6752=VECTOR('',#9927,1.);
#6753=VECTOR('',#9928,1.);
#6754=VECTOR('',#9929,1.);
#6755=VECTOR('',#9930,1.);
#6756=VECTOR('',#9931,1.);
#6757=VECTOR('',#9936,1.);
#6758=VECTOR('',#9937,1.);
#6759=VECTOR('',#9938,1.);
#6760=VECTOR('',#9941,1.);
#6761=VECTOR('',#9942,1.);
#6762=VECTOR('',#9945,1.);
#6763=VECTOR('',#9946,1.);
#6764=VECTOR('',#9949,1.);
#6765=VECTOR('',#9950,1.);
#6766=VECTOR('',#9953,1.);
#6767=VECTOR('',#9954,1.);
#6768=VECTOR('',#9957,1.);
#6769=VECTOR('',#9958,1.);
#6770=VECTOR('',#9961,1.);
#6771=VECTOR('',#9962,1.);
#6772=VECTOR('',#9965,1.);
#6773=VECTOR('',#9966,1.);
#6774=VECTOR('',#9969,1.);
#6775=VECTOR('',#9970,1.);
#6776=VECTOR('',#9973,1.);
#6777=VECTOR('',#9974,1.);
#6778=VECTOR('',#9977,1.);
#6779=VECTOR('',#9978,1.);
#6780=VECTOR('',#9981,1.);
#6781=VECTOR('',#9982,1.);
#6782=VECTOR('',#9985,1.);
#6783=VECTOR('',#9986,1.);
#6784=VECTOR('',#9989,1.);
#6785=VECTOR('',#9990,1.);
#6786=VECTOR('',#9993,1.);
#6787=VECTOR('',#9994,1.);
#6788=VECTOR('',#9997,1.);
#6789=VECTOR('',#9998,1.);
#6790=VECTOR('',#10001,1.);
#6791=VECTOR('',#10004,1.);
#6792=VECTOR('',#10005,1.);
#6793=VECTOR('',#10008,1.);
#6794=VECTOR('',#10009,1.);
#6795=VECTOR('',#10010,1.);
#6796=VECTOR('',#10013,1.);
#6797=VECTOR('',#10014,1.);
#6798=VECTOR('',#10015,1.);
#6799=VECTOR('',#10018,1.);
#6800=VECTOR('',#10019,1.);
#6801=VECTOR('',#10020,1.);
#6802=VECTOR('',#10023,1.);
#6803=VECTOR('',#10024,1.);
#6804=VECTOR('',#10027,1.);
#6805=VECTOR('',#10028,1.);
#6806=VECTOR('',#10031,1.);
#6807=VECTOR('',#10032,1.);
#6808=VECTOR('',#10033,1.);
#6809=VECTOR('',#10036,1.);
#6810=VECTOR('',#10037,1.);
#6811=VECTOR('',#10038,1.);
#6812=VECTOR('',#10041,1.);
#6813=VECTOR('',#10044,1.);
#6814=VECTOR('',#10045,1.);
#6815=VECTOR('',#10048,1.);
#6816=VECTOR('',#10049,1.);
#6817=VECTOR('',#10050,1.);
#6818=VECTOR('',#10051,1.);
#6819=VECTOR('',#10052,1.);
#6820=VECTOR('',#10055,1.);
#6821=VECTOR('',#10056,1.);
#6822=VECTOR('',#10057,1.);
#6823=VECTOR('',#10058,1.);
#6824=VECTOR('',#10059,1.);
#6825=VECTOR('',#10062,1.);
#6826=VECTOR('',#10063,1.);
#6827=VECTOR('',#10064,1.);
#6828=VECTOR('',#10065,1.);
#6829=VECTOR('',#10066,1.);
#6830=VECTOR('',#10067,1.);
#6831=VECTOR('',#10070,1.);
#6832=VECTOR('',#10071,1.);
#6833=VECTOR('',#10072,1.);
#6834=VECTOR('',#10073,1.);
#6835=VECTOR('',#10074,1.);
#6836=VECTOR('',#10077,1.);
#6837=VECTOR('',#10078,1.);
#6838=VECTOR('',#10079,1.);
#6839=VECTOR('',#10080,1.);
#6840=VECTOR('',#10081,1.);
#6841=VECTOR('',#10084,1.);
#6842=VECTOR('',#10085,1.);
#6843=VECTOR('',#10086,1.);
#6844=VECTOR('',#10087,1.);
#6845=VECTOR('',#10088,1.);
#6846=VECTOR('',#10089,1.);
#6847=VECTOR('',#10092,1.);
#6848=VECTOR('',#10093,1.);
#6849=VECTOR('',#10094,1.);
#6850=VECTOR('',#10097,1.);
#6851=VECTOR('',#10098,1.);
#6852=VECTOR('',#10099,1.);
#6853=VECTOR('',#10100,1.);
#6854=VECTOR('',#10103,1.);
#6855=VECTOR('',#10104,1.);
#6856=VECTOR('',#10105,1.);
#6857=VECTOR('',#10106,1.);
#6858=VECTOR('',#10107,1.);
#6859=VECTOR('',#10110,1.);
#6860=VECTOR('',#10111,1.);
#6861=VECTOR('',#10112,1.);
#6862=VECTOR('',#10113,1.);
#6863=VECTOR('',#10116,1.);
#6864=VECTOR('',#10117,1.);
#6865=VECTOR('',#10120,1.);
#6866=VECTOR('',#10123,1.);
#6867=VECTOR('',#10124,1.);
#6868=VECTOR('',#10129,1.);
#6869=VECTOR('',#10130,1.);
#6870=VECTOR('',#10133,1.);
#6871=VECTOR('',#10134,1.);
#6872=VECTOR('',#10135,1.);
#6873=VECTOR('',#10138,1.);
#6874=VECTOR('',#10139,1.);
#6875=VECTOR('',#10140,1.);
#6876=VECTOR('',#10143,1.);
#6877=VECTOR('',#10144,1.);
#6878=VECTOR('',#10145,1.);
#6879=VECTOR('',#10148,1.);
#6880=VECTOR('',#10149,1.);
#6881=VECTOR('',#10150,1.);
#6882=VECTOR('',#10153,1.);
#6883=VECTOR('',#10154,1.);
#6884=VECTOR('',#10155,1.);
#6885=VECTOR('',#10156,1.);
#6886=VECTOR('',#10159,1.);
#6887=VECTOR('',#10160,1.);
#6888=VECTOR('',#10163,1.);
#6889=VECTOR('',#10164,1.);
#6890=VECTOR('',#10167,1.);
#6891=VECTOR('',#10168,1.);
#6892=VECTOR('',#10171,1.);
#6893=VECTOR('',#10172,1.);
#6894=VECTOR('',#10173,1.);
#6895=VECTOR('',#10174,1.);
#6896=VECTOR('',#10177,1.);
#6897=VECTOR('',#10178,1.);
#6898=VECTOR('',#10179,1.);
#6899=VECTOR('',#10182,1.);
#6900=VECTOR('',#10183,1.);
#6901=VECTOR('',#10184,1.);
#6902=VECTOR('',#10187,1.);
#6903=VECTOR('',#10188,1.);
#6904=VECTOR('',#10193,1.);
#6905=VECTOR('',#10194,1.);
#6906=VECTOR('',#10197,1.);
#6907=VECTOR('',#10198,1.);
#6908=VECTOR('',#10199,1.);
#6909=VECTOR('',#10202,1.);
#6910=VECTOR('',#10203,1.);
#6911=VECTOR('',#10204,1.);
#6912=VECTOR('',#10207,1.);
#6913=VECTOR('',#10208,1.);
#6914=VECTOR('',#10209,1.);
#6915=VECTOR('',#10212,1.);
#6916=VECTOR('',#10215,1.);
#6917=VECTOR('',#10216,1.);
#6918=VECTOR('',#10219,1.);
#6919=VECTOR('',#10220,1.);
#6920=VECTOR('',#10221,1.);
#6921=VECTOR('',#10224,1.);
#6922=VECTOR('',#10225,1.);
#6923=VECTOR('',#10226,1.);
#6924=VECTOR('',#10229,1.);
#6925=VECTOR('',#10230,1.);
#6926=VECTOR('',#10231,1.);
#6927=VECTOR('',#10234,1.);
#6928=VECTOR('',#10237,1.);
#6929=VECTOR('',#10238,1.);
#6930=VECTOR('',#10241,1.);
#6931=VECTOR('',#10242,1.);
#6932=VECTOR('',#10243,1.);
#6933=VECTOR('',#10246,1.);
#6934=VECTOR('',#10247,1.);
#6935=VECTOR('',#10248,1.);
#6936=VECTOR('',#10251,1.);
#6937=VECTOR('',#10252,1.);
#6938=VECTOR('',#10253,1.);
#6939=VECTOR('',#10256,1.);
#6940=VECTOR('',#10257,1.);
#6941=VECTOR('',#10258,1.);
#6942=VECTOR('',#10261,1.);
#6943=VECTOR('',#10262,1.);
#6944=VECTOR('',#10263,1.);
#6945=VECTOR('',#10266,1.);
#6946=VECTOR('',#10267,1.);
#6947=VECTOR('',#10268,1.);
#6948=VECTOR('',#10271,1.);
#6949=VECTOR('',#10272,1.);
#6950=VECTOR('',#10273,1.);
#6951=VECTOR('',#10276,1.);
#6952=VECTOR('',#10277,1.);
#6953=VECTOR('',#10278,1.);
#6954=VECTOR('',#10281,1.);
#6955=VECTOR('',#10282,1.);
#6956=VECTOR('',#10283,1.);
#6957=VECTOR('',#10286,1.);
#6958=VECTOR('',#10287,1.);
#6959=VECTOR('',#10288,1.);
#6960=VECTOR('',#10291,1.);
#6961=VECTOR('',#10292,1.);
#6962=VECTOR('',#10293,1.);
#6963=VECTOR('',#10296,1.);
#6964=VECTOR('',#10299,1.);
#6965=VECTOR('',#10300,1.);
#6966=VECTOR('',#10303,1.);
#6967=VECTOR('',#10304,1.);
#6968=VECTOR('',#10305,1.);
#6969=VECTOR('',#10308,1.);
#6970=VECTOR('',#10309,1.);
#6971=VECTOR('',#10310,1.);
#6972=VECTOR('',#10311,1.);
#6973=VECTOR('',#10314,1.);
#6974=VECTOR('',#10315,1.);
#6975=VECTOR('',#10316,1.);
#6976=VECTOR('',#10317,1.);
#6977=VECTOR('',#10320,1.);
#6978=VECTOR('',#10321,1.);
#6979=VECTOR('',#10322,1.);
#6980=VECTOR('',#10325,1.);
#6981=VECTOR('',#10326,1.);
#6982=VECTOR('',#10327,1.);
#6983=VECTOR('',#10330,1.);
#6984=VECTOR('',#10331,1.);
#6985=VECTOR('',#10332,1.);
#6986=VECTOR('',#10333,1.);
#6987=VECTOR('',#10336,1.);
#6988=VECTOR('',#10337,1.);
#6989=VECTOR('',#10338,1.);
#6990=VECTOR('',#10339,1.);
#6991=VECTOR('',#10342,1.);
#6992=VECTOR('',#10345,1.);
#6993=VECTOR('',#10346,1.);
#6994=VECTOR('',#10349,1.);
#6995=VECTOR('',#10350,1.);
#6996=VECTOR('',#10351,1.);
#6997=VECTOR('',#10354,1.);
#6998=VECTOR('',#10355,1.);
#6999=VECTOR('',#10356,1.);
#7000=VECTOR('',#10359,1.);
#7001=VECTOR('',#10360,1.);
#7002=VECTOR('',#10361,1.);
#7003=VECTOR('',#10364,1.);
#7004=VECTOR('',#10365,1.);
#7005=VECTOR('',#10368,1.);
#7006=VECTOR('',#10369,1.);
#7007=VECTOR('',#10370,1.);
#7008=VECTOR('',#10375,1.);
#7009=VECTOR('',#10378,1.);
#7010=VECTOR('',#10379,1.);
#7011=VECTOR('',#10380,1.);
#7012=VECTOR('',#10381,1.);
#7013=VECTOR('',#10384,1.);
#7014=VECTOR('',#10385,1.);
#7015=VECTOR('',#10386,1.);
#7016=VECTOR('',#10387,1.);
#7017=VECTOR('',#10390,1.);
#7018=VECTOR('',#10391,1.);
#7019=VECTOR('',#10392,1.);
#7020=VECTOR('',#10395,1.);
#7021=VECTOR('',#10396,1.);
#7022=VECTOR('',#10397,1.);
#7023=VECTOR('',#10400,1.);
#7024=VECTOR('',#10401,1.);
#7025=VECTOR('',#10402,1.);
#7026=VECTOR('',#10403,1.);
#7027=VECTOR('',#10406,1.);
#7028=VECTOR('',#10407,1.);
#7029=VECTOR('',#10408,1.);
#7030=VECTOR('',#10411,1.);
#7031=VECTOR('',#10412,1.);
#7032=VECTOR('',#10413,1.);
#7033=VECTOR('',#10416,1.);
#7034=VECTOR('',#10417,1.);
#7035=VECTOR('',#10418,1.);
#7036=VECTOR('',#10421,1.);
#7037=VECTOR('',#10422,1.);
#7038=VECTOR('',#10423,1.);
#7039=VECTOR('',#10424,1.);
#7040=VECTOR('',#10427,1.);
#7041=VECTOR('',#10428,1.);
#7042=VECTOR('',#10429,1.);
#7043=VECTOR('',#10432,1.);
#7044=VECTOR('',#10435,1.);
#7045=VECTOR('',#10436,1.);
#7046=VECTOR('',#10439,1.);
#7047=VECTOR('',#10440,1.);
#7048=VECTOR('',#10441,1.);
#7049=VECTOR('',#10444,1.);
#7050=VECTOR('',#10445,1.);
#7051=VECTOR('',#10446,1.);
#7052=VECTOR('',#10449,1.);
#7053=VECTOR('',#10450,1.);
#7054=VECTOR('',#10451,1.);
#7055=VECTOR('',#10452,1.);
#7056=VECTOR('',#10455,1.);
#7057=VECTOR('',#10456,1.);
#7058=VECTOR('',#10457,1.);
#7059=VECTOR('',#10460,1.);
#7060=VECTOR('',#10461,1.);
#7061=VECTOR('',#10462,1.);
#7062=VECTOR('',#10465,1.);
#7063=VECTOR('',#10466,1.);
#7064=VECTOR('',#10467,1.);
#7065=VECTOR('',#10470,1.);
#7066=VECTOR('',#10471,1.);
#7067=VECTOR('',#10474,1.);
#7068=VECTOR('',#10475,1.);
#7069=VECTOR('',#10478,1.);
#7070=VECTOR('',#10479,1.);
#7071=VECTOR('',#10480,1.);
#7072=VECTOR('',#10483,1.);
#7073=VECTOR('',#10484,1.);
#7074=VECTOR('',#10485,1.);
#7075=VECTOR('',#10488,1.);
#7076=VECTOR('',#10489,1.);
#7077=VECTOR('',#10492,1.);
#7078=VECTOR('',#10493,1.);
#7079=VECTOR('',#10496,1.);
#7080=VECTOR('',#10497,1.);
#7081=VECTOR('',#10498,1.);
#7082=VECTOR('',#10501,1.);
#7083=VECTOR('',#10502,1.);
#7084=VECTOR('',#10503,1.);
#7085=VECTOR('',#10506,1.);
#7086=VECTOR('',#10507,1.);
#7087=VECTOR('',#10508,1.);
#7088=VECTOR('',#10511,1.);
#7089=VECTOR('',#10512,1.);
#7090=VECTOR('',#10515,1.);
#7091=VECTOR('',#10516,1.);
#7092=VECTOR('',#10519,1.);
#7093=VECTOR('',#10520,1.);
#7094=VECTOR('',#10521,1.);
#7095=VECTOR('',#10524,1.);
#7096=VECTOR('',#10525,1.);
#7097=VECTOR('',#10526,1.);
#7098=VECTOR('',#10529,1.);
#7099=VECTOR('',#10532,1.);
#7100=VECTOR('',#10533,1.);
#7101=VECTOR('',#10536,1.);
#7102=VECTOR('',#10537,1.);
#7103=VECTOR('',#10538,1.);
#7104=VECTOR('',#10541,1.);
#7105=VECTOR('',#10542,1.);
#7106=VECTOR('',#10543,1.);
#7107=VECTOR('',#10546,1.);
#7108=VECTOR('',#10547,1.);
#7109=VECTOR('',#10548,1.);
#7110=VECTOR('',#10551,1.);
#7111=VECTOR('',#10554,1.);
#7112=VECTOR('',#10555,1.);
#7113=VECTOR('',#10558,1.);
#7114=VECTOR('',#10559,1.);
#7115=VECTOR('',#10560,1.);
#7116=VECTOR('',#10563,1.);
#7117=VECTOR('',#10564,1.);
#7118=VECTOR('',#10565,1.);
#7119=VECTOR('',#10568,1.);
#7120=VECTOR('',#10569,1.);
#7121=VECTOR('',#10570,1.);
#7122=VECTOR('',#10571,1.);
#7123=VECTOR('',#10574,1.);
#7124=VECTOR('',#10575,1.);
#7125=VECTOR('',#10576,1.);
#7126=VECTOR('',#10579,1.);
#7127=VECTOR('',#10580,1.);
#7128=VECTOR('',#10583,1.);
#7129=VECTOR('',#10584,1.);
#7130=VECTOR('',#10585,1.);
#7131=VECTOR('',#10588,1.);
#7132=VECTOR('',#10589,1.);
#7133=VECTOR('',#10590,1.);
#7134=VECTOR('',#10591,1.);
#7135=VECTOR('',#10594,1.);
#7136=VECTOR('',#10595,1.);
#7137=VECTOR('',#10598,1.);
#7138=VECTOR('',#10599,1.);
#7139=VECTOR('',#10600,1.);
#7140=VECTOR('',#10601,1.);
#7141=VECTOR('',#10602,1.);
#7142=VECTOR('',#10605,1.);
#7143=VECTOR('',#10606,1.);
#7144=VECTOR('',#10607,1.);
#7145=VECTOR('',#10608,1.);
#7146=VECTOR('',#10609,1.);
#7147=VECTOR('',#10612,1.);
#7148=VECTOR('',#10613,1.);
#7149=VECTOR('',#10614,1.);
#7150=VECTOR('',#10615,1.);
#7151=VECTOR('',#10616,1.);
#7152=VECTOR('',#10619,1.);
#7153=VECTOR('',#10620,1.);
#7154=VECTOR('',#10621,1.);
#7155=VECTOR('',#10622,1.);
#7156=VECTOR('',#10625,1.);
#7157=VECTOR('',#10626,1.);
#7158=VECTOR('',#10629,1.);
#7159=VECTOR('',#10634,1.);
#7160=VECTOR('',#10635,1.);
#7161=VECTOR('',#10638,1.);
#7162=VECTOR('',#10639,1.);
#7163=VECTOR('',#10640,1.);
#7164=VECTOR('',#10643,1.);
#7165=VECTOR('',#10644,1.);
#7166=VECTOR('',#10645,1.);
#7167=VECTOR('',#10648,1.);
#7168=VECTOR('',#10649,1.);
#7169=VECTOR('',#10650,1.);
#7170=VECTOR('',#10653,1.);
#7171=VECTOR('',#10654,1.);
#7172=VECTOR('',#10655,1.);
#7173=VECTOR('',#10658,1.);
#7174=VECTOR('',#10659,1.);
#7175=VECTOR('',#10660,1.);
#7176=VECTOR('',#10661,1.);
#7177=VECTOR('',#10664,1.);
#7178=VECTOR('',#10665,1.);
#7179=VECTOR('',#10668,1.);
#7180=VECTOR('',#10669,1.);
#7181=VECTOR('',#10672,1.);
#7182=VECTOR('',#10673,1.);
#7183=VECTOR('',#10676,1.);
#7184=VECTOR('',#10677,1.);
#7185=VECTOR('',#10678,1.);
#7186=VECTOR('',#10679,1.);
#7187=VECTOR('',#10682,1.);
#7188=VECTOR('',#10683,1.);
#7189=VECTOR('',#10684,1.);
#7190=VECTOR('',#10687,1.);
#7191=VECTOR('',#10688,1.);
#7192=VECTOR('',#10689,1.);
#7193=VECTOR('',#10692,1.);
#7194=VECTOR('',#10693,1.);
#7195=VECTOR('',#10698,1.);
#7196=VECTOR('',#10699,1.);
#7197=VECTOR('',#10702,1.);
#7198=VECTOR('',#10703,1.);
#7199=VECTOR('',#10704,1.);
#7200=VECTOR('',#10705,1.);
#7201=VECTOR('',#10706,1.);
#7202=VECTOR('',#10709,1.);
#7203=VECTOR('',#10710,1.);
#7204=VECTOR('',#10711,1.);
#7205=VECTOR('',#10712,1.);
#7206=VECTOR('',#10713,1.);
#7207=VECTOR('',#10716,1.);
#7208=VECTOR('',#10717,1.);
#7209=VECTOR('',#10718,1.);
#7210=VECTOR('',#10719,1.);
#7211=VECTOR('',#10720,1.);
#7212=VECTOR('',#10721,1.);
#7213=VECTOR('',#10724,1.);
#7214=VECTOR('',#10725,1.);
#7215=VECTOR('',#10726,1.);
#7216=VECTOR('',#10729,1.);
#7217=VECTOR('',#10730,1.);
#7218=VECTOR('',#10731,1.);
#7219=VECTOR('',#10734,1.);
#7220=VECTOR('',#10735,1.);
#7221=VECTOR('',#10738,1.);
#7222=VECTOR('',#10739,1.);
#7223=VECTOR('',#10744,1.);
#7224=VECTOR('',#10749,1.);
#7225=VECTOR('',#10752,1.);
#7226=VECTOR('',#10753,1.);
#7227=VECTOR('',#10754,1.);
#7228=VECTOR('',#10755,1.);
#7229=VECTOR('',#10758,1.);
#7230=VECTOR('',#10759,1.);
#7231=VECTOR('',#10760,1.);
#7232=VECTOR('',#10761,1.);
#7233=VECTOR('',#10764,1.);
#7234=VECTOR('',#10767,1.);
#7235=VECTOR('',#10768,1.);
#7236=VECTOR('',#10771,1.);
#7237=VECTOR('',#10772,1.);
#7238=VECTOR('',#10775,1.);
#7239=VECTOR('',#10776,1.);
#7240=VECTOR('',#10777,1.);
#7241=VECTOR('',#10778,1.);
#7242=VECTOR('',#10781,1.);
#7243=VECTOR('',#10782,1.);
#7244=VECTOR('',#10783,1.);
#7245=VECTOR('',#10784,1.);
#7246=VECTOR('',#10787,1.);
#7247=VECTOR('',#10788,1.);
#7248=VECTOR('',#10789,1.);
#7249=VECTOR('',#10790,1.);
#7250=VECTOR('',#10793,1.);
#7251=VECTOR('',#10794,1.);
#7252=VECTOR('',#10795,1.);
#7253=VECTOR('',#10798,1.);
#7254=VECTOR('',#10799,1.);
#7255=VECTOR('',#10800,1.);
#7256=VECTOR('',#10803,1.);
#7257=VECTOR('',#10804,1.);
#7258=VECTOR('',#10805,1.);
#7259=VECTOR('',#10806,1.);
#7260=VECTOR('',#10809,1.);
#7261=VECTOR('',#10810,1.);
#7262=VECTOR('',#10811,1.);
#7263=VECTOR('',#10814,1.);
#7264=VECTOR('',#10815,1.);
#7265=VECTOR('',#10816,1.);
#7266=VECTOR('',#10817,1.);
#7267=VECTOR('',#10820,1.);
#7268=VECTOR('',#10821,1.);
#7269=VECTOR('',#10822,1.);
#7270=VECTOR('',#10823,1.);
#7271=VECTOR('',#10826,1.);
#7272=VECTOR('',#10827,1.);
#7273=VECTOR('',#10828,1.);
#7274=VECTOR('',#10829,1.);
#7275=VECTOR('',#10830,1.);
#7276=VECTOR('',#10833,1.);
#7277=VECTOR('',#10834,1.);
#7278=VECTOR('',#10835,1.);
#7279=VECTOR('',#10836,1.);
#7280=VECTOR('',#10837,1.);
#7281=VECTOR('',#10840,1.);
#7282=VECTOR('',#10841,1.);
#7283=VECTOR('',#10846,1.);
#7284=VECTOR('',#10847,1.);
#7285=VECTOR('',#10850,1.);
#7286=VECTOR('',#10851,1.);
#7287=VECTOR('',#10852,1.);
#7288=VECTOR('',#10855,1.);
#7289=VECTOR('',#10856,1.);
#7290=VECTOR('',#10857,1.);
#7291=VECTOR('',#10860,1.);
#7292=VECTOR('',#10861,1.);
#7293=VECTOR('',#10862,1.);
#7294=VECTOR('',#10865,1.);
#7295=VECTOR('',#10866,1.);
#7296=VECTOR('',#10867,1.);
#7297=VECTOR('',#10870,1.);
#7298=VECTOR('',#10871,1.);
#7299=VECTOR('',#10872,1.);
#7300=VECTOR('',#10875,1.);
#7301=VECTOR('',#10878,1.);
#7302=VECTOR('',#10879,1.);
#7303=VECTOR('',#10882,1.);
#7304=VECTOR('',#10883,1.);
#7305=VECTOR('',#10884,1.);
#7306=VECTOR('',#10887,1.);
#7307=VECTOR('',#10888,1.);
#7308=VECTOR('',#10889,1.);
#7309=VECTOR('',#10892,1.);
#7310=VECTOR('',#10893,1.);
#7311=VECTOR('',#10894,1.);
#7312=VECTOR('',#10897,1.);
#7313=VECTOR('',#10898,1.);
#7314=VECTOR('',#10899,1.);
#7315=VECTOR('',#10902,1.);
#7316=VECTOR('',#10903,1.);
#7317=VECTOR('',#10904,1.);
#7318=VECTOR('',#10905,1.);
#7319=VECTOR('',#10908,1.);
#7320=VECTOR('',#10909,1.);
#7321=VECTOR('',#10912,1.);
#7322=VECTOR('',#10913,1.);
#7323=VECTOR('',#10916,1.);
#7324=VECTOR('',#10917,1.);
#7325=VECTOR('',#10920,1.);
#7326=VECTOR('',#10921,1.);
#7327=VECTOR('',#10922,1.);
#7328=VECTOR('',#10923,1.);
#7329=VECTOR('',#10926,1.);
#7330=VECTOR('',#10927,1.);
#7331=VECTOR('',#10928,1.);
#7332=VECTOR('',#10931,1.);
#7333=VECTOR('',#10932,1.);
#7334=VECTOR('',#10933,1.);
#7335=VECTOR('',#10936,1.);
#7336=VECTOR('',#10937,1.);
#7337=VECTOR('',#10944,1.);
#7338=VECTOR('',#10947,1.);
#7339=VECTOR('',#10950,1.);
#7340=VECTOR('',#10951,1.);
#7341=VECTOR('',#10952,1.);
#7342=VECTOR('',#10953,1.);
#7343=VECTOR('',#10956,1.);
#7344=VECTOR('',#10957,1.);
#7345=VECTOR('',#10958,1.);
#7346=VECTOR('',#10959,1.);
#7347=VECTOR('',#10962,1.);
#7348=VECTOR('',#10963,1.);
#7349=VECTOR('',#10964,1.);
#7350=VECTOR('',#10967,1.);
#7351=VECTOR('',#10968,1.);
#7352=VECTOR('',#10969,1.);
#7353=VECTOR('',#10972,1.);
#7354=VECTOR('',#10973,1.);
#7355=VECTOR('',#10974,1.);
#7356=VECTOR('',#10977,1.);
#7357=VECTOR('',#10978,1.);
#7358=VECTOR('',#10981,1.);
#7359=VECTOR('',#10982,1.);
#7360=VECTOR('',#10983,1.);
#7361=VECTOR('',#10984,1.);
#7362=VECTOR('',#10987,1.);
#7363=VECTOR('',#10988,1.);
#7364=VECTOR('',#10989,1.);
#7365=VECTOR('',#10990,1.);
#7366=VECTOR('',#10993,1.);
#7367=VECTOR('',#10994,1.);
#7368=VECTOR('',#10995,1.);
#7369=VECTOR('',#10996,1.);
#7370=VECTOR('',#10997,1.);
#7371=VECTOR('',#11000,1.);
#7372=VECTOR('',#11001,1.);
#7373=VECTOR('',#11002,1.);
#7374=VECTOR('',#11003,1.);
#7375=VECTOR('',#11004,1.);
#7376=VECTOR('',#11007,1.);
#7377=VECTOR('',#11008,1.);
#7378=VECTOR('',#11019,1.);
#7379=VECTOR('',#11022,1.);
#7380=VECTOR('',#11025,1.);
#7381=VECTOR('',#11026,1.);
#7382=VECTOR('',#11027,1.);
#7383=VECTOR('',#11028,1.);
#7384=VECTOR('',#11031,1.);
#7385=VECTOR('',#11032,1.);
#7386=VECTOR('',#11033,1.);
#7387=VECTOR('',#11034,1.);
#7388=VECTOR('',#11037,1.);
#7389=VECTOR('',#11038,1.);
#7390=VECTOR('',#11043,1.);
#7391=VECTOR('',#11048,1.);
#7392=VECTOR('',#11051,1.);
#7393=VECTOR('',#11052,1.);
#7394=VECTOR('',#11055,1.);
#7395=VECTOR('',#11056,1.);
#7396=VECTOR('',#11057,1.);
#7397=VECTOR('',#11060,1.);
#7398=VECTOR('',#11061,1.);
#7399=VECTOR('',#11062,1.);
#7400=VECTOR('',#11065,1.);
#7401=VECTOR('',#11066,1.);
#7402=VECTOR('',#11067,1.);
#7403=VECTOR('',#11070,1.);
#7404=VECTOR('',#11071,1.);
#7405=VECTOR('',#11072,1.);
#7406=VECTOR('',#11075,1.);
#7407=VECTOR('',#11076,1.);
#7408=VECTOR('',#11079,1.);
#7409=VECTOR('',#11080,1.);
#7410=VECTOR('',#11081,1.);
#7411=VECTOR('',#11082,1.);
#7412=VECTOR('',#11085,1.);
#7413=VECTOR('',#11086,1.);
#7414=VECTOR('',#11087,1.);
#7415=VECTOR('',#11088,1.);
#7416=VECTOR('',#11091,1.);
#7417=VECTOR('',#11092,1.);
#7418=VECTOR('',#11093,1.);
#7419=VECTOR('',#11094,1.);
#7420=VECTOR('',#11095,1.);
#7421=VECTOR('',#11098,1.);
#7422=VECTOR('',#11099,1.);
#7423=VECTOR('',#11100,1.);
#7424=VECTOR('',#11101,1.);
#7425=VECTOR('',#11102,1.);
#7426=VECTOR('',#11105,1.);
#7427=VECTOR('',#11106,1.);
#7428=VECTOR('',#11123,1.);
#7429=VECTOR('',#11124,1.);
#7430=VECTOR('',#11125,1.);
#7431=VECTOR('',#11126,1.);
#7432=VECTOR('',#11129,1.);
#7433=VECTOR('',#11130,1.);
#7434=VECTOR('',#11131,1.);
#7435=VECTOR('',#11134,1.);
#7436=VECTOR('',#11135,1.);
#7437=VECTOR('',#11136,1.);
#7438=VECTOR('',#11139,1.);
#7439=VECTOR('',#11140,1.);
#7440=VECTOR('',#11141,1.);
#7441=VECTOR('',#11142,1.);
#7442=VECTOR('',#11145,1.);
#7443=VECTOR('',#11146,1.);
#7444=VECTOR('',#11147,1.);
#7445=VECTOR('',#11148,1.);
#7446=VECTOR('',#11151,1.);
#7447=VECTOR('',#11152,1.);
#7448=VECTOR('',#11153,1.);
#7449=VECTOR('',#11156,1.);
#7450=VECTOR('',#11157,1.);
#7451=VECTOR('',#11158,1.);
#7452=VECTOR('',#11161,1.);
#7453=VECTOR('',#11162,1.);
#7454=VECTOR('',#11183,1.);
#7455=VECTOR('',#11184,1.);
#7456=VECTOR('',#11185,1.);
#7457=VECTOR('',#11186,1.);
#7458=VECTOR('',#11189,1.);
#7459=VECTOR('',#11190,1.);
#7460=VECTOR('',#11191,1.);
#7461=VECTOR('',#11194,1.);
#7462=VECTOR('',#11195,1.);
#7463=VECTOR('',#11196,1.);
#7464=VECTOR('',#11199,1.);
#7465=VECTOR('',#11200,1.);
#7466=EDGE_LOOP('',(#681,#682,#683,#684));
#7467=EDGE_LOOP('',(#685,#686,#687,#688));
#7468=EDGE_LOOP('',(#689,#690,#691,#692));
#7469=EDGE_LOOP('',(#693,#694,#695,#696));
#7470=EDGE_LOOP('',(#697,#698,#699,#700));
#7471=EDGE_LOOP('',(#701,#702,#703,#704));
#7472=EDGE_LOOP('',(#705,#706,#707,#708));
#7473=EDGE_LOOP('',(#709,#710,#711,#712));
#7474=EDGE_LOOP('',(#713,#714,#715,#716));
#7475=EDGE_LOOP('',(#717));
#7476=EDGE_LOOP('',(#718));
#7477=EDGE_LOOP('',(#719));
#7478=EDGE_LOOP('',(#720));
#7479=EDGE_LOOP('',(#721,#722,#723,#724));
#7480=EDGE_LOOP('',(#725));
#7481=EDGE_LOOP('',(#726));
#7482=EDGE_LOOP('',(#727,#728,#729,#730,#731,#732,#733,#734,#735,#736,#737,
#738,#739));
#7483=EDGE_LOOP('',(#740));
#7484=EDGE_LOOP('',(#741));
#7485=EDGE_LOOP('',(#742));
#7486=EDGE_LOOP('',(#743,#744,#745,#746,#747,#748,#749,#750,#751,#752,#753,
#754,#755));
#7487=EDGE_LOOP('',(#756));
#7488=EDGE_LOOP('',(#757));
#7489=EDGE_LOOP('',(#758));
#7490=EDGE_LOOP('',(#759,#760,#761,#762));
#7491=EDGE_LOOP('',(#763,#764,#765,#766));
#7492=EDGE_LOOP('',(#767,#768,#769,#770));
#7493=EDGE_LOOP('',(#771,#772,#773,#774,#775,#776,#777,#778,#779,#780,#781,
#782,#783,#784,#785,#786));
#7494=EDGE_LOOP('',(#787,#788,#789,#790,#791,#792,#793,#794,#795,#796,#797,
#798));
#7495=EDGE_LOOP('',(#799,#800,#801,#802,#803,#804,#805,#806,#807,#808,#809,
#810,#811,#812,#813,#814));
#7496=EDGE_LOOP('',(#815,#816,#817,#818,#819,#820,#821,#822,#823,#824,#825,
#826,#827,#828,#829,#830,#831,#832,#833,#834));
#7497=EDGE_LOOP('',(#835,#836,#837,#838,#839,#840,#841,#842,#843,#844,#845,
#846,#847,#848));
#7498=EDGE_LOOP('',(#849,#850,#851,#852,#853,#854,#855,#856,#857,#858,#859,
#860,#861,#862,#863,#864,#865,#866,#867,#868,#869,#870,#871,#872,#873,#874,
#875,#876,#877,#878,#879,#880,#881,#882,#883,#884));
#7499=EDGE_LOOP('',(#885,#886,#887,#888,#889,#890,#891,#892,#893,#894,#895,
#896,#897,#898,#899,#900,#901,#902,#903,#904,#905,#906,#907,#908));
#7500=EDGE_LOOP('',(#909,#910,#911,#912,#913,#914,#915,#916));
#7501=EDGE_LOOP('',(#917,#918,#919,#920,#921,#922,#923,#924,#925,#926,#927,
#928,#929,#930));
#7502=EDGE_LOOP('',(#931,#932,#933,#934,#935,#936,#937,#938,#939,#940,#941,
#942,#943,#944,#945,#946,#947));
#7503=EDGE_LOOP('',(#948,#949,#950,#951,#952,#953,#954,#955,#956,#957,#958,
#959,#960,#961));
#7504=EDGE_LOOP('',(#962,#963,#964,#965,#966,#967,#968,#969,#970,#971,#972,
#973,#974,#975,#976,#977));
#7505=EDGE_LOOP('',(#978,#979,#980,#981,#982,#983,#984,#985));
#7506=EDGE_LOOP('',(#986,#987,#988,#989,#990,#991,#992,#993,#994,#995,#996,
#997,#998,#999,#1000,#1001,#1002,#1003,#1004,#1005));
#7507=EDGE_LOOP('',(#1006,#1007,#1008,#1009,#1010,#1011,#1012,#1013,#1014,
#1015,#1016,#1017,#1018,#1019,#1020,#1021,#1022,#1023,#1024,#1025,#1026,
#1027));
#7508=EDGE_LOOP('',(#1028,#1029,#1030,#1031,#1032,#1033,#1034,#1035));
#7509=EDGE_LOOP('',(#1036,#1037,#1038,#1039,#1040,#1041,#1042,#1043,#1044,
#1045,#1046,#1047,#1048,#1049,#1050,#1051));
#7510=EDGE_LOOP('',(#1052,#1053,#1054,#1055,#1056,#1057,#1058,#1059,#1060,
#1061,#1062,#1063,#1064,#1065,#1066,#1067,#1068,#1069,#1070,#1071,#1072));
#7511=EDGE_LOOP('',(#1073,#1074,#1075,#1076,#1077,#1078,#1079,#1080,#1081,
#1082,#1083,#1084,#1085,#1086,#1087,#1088));
#7512=EDGE_LOOP('',(#1089,#1090,#1091,#1092,#1093,#1094,#1095,#1096,#1097,
#1098,#1099,#1100,#1101,#1102,#1103,#1104,#1105,#1106,#1107,#1108,#1109,
#1110));
#7513=EDGE_LOOP('',(#1111,#1112,#1113,#1114));
#7514=EDGE_LOOP('',(#1115,#1116,#1117,#1118));
#7515=EDGE_LOOP('',(#1119,#1120,#1121,#1122));
#7516=EDGE_LOOP('',(#1123,#1124,#1125,#1126));
#7517=EDGE_LOOP('',(#1127,#1128,#1129,#1130));
#7518=EDGE_LOOP('',(#1131,#1132,#1133,#1134));
#7519=EDGE_LOOP('',(#1135,#1136,#1137,#1138));
#7520=EDGE_LOOP('',(#1139,#1140,#1141,#1142));
#7521=EDGE_LOOP('',(#1143,#1144,#1145,#1146));
#7522=EDGE_LOOP('',(#1147,#1148,#1149,#1150));
#7523=EDGE_LOOP('',(#1151,#1152,#1153,#1154));
#7524=EDGE_LOOP('',(#1155,#1156,#1157,#1158));
#7525=EDGE_LOOP('',(#1159,#1160,#1161,#1162));
#7526=EDGE_LOOP('',(#1163,#1164,#1165,#1166));
#7527=EDGE_LOOP('',(#1167,#1168,#1169,#1170));
#7528=EDGE_LOOP('',(#1171,#1172,#1173,#1174));
#7529=EDGE_LOOP('',(#1175,#1176,#1177,#1178));
#7530=EDGE_LOOP('',(#1179,#1180,#1181,#1182,#1183,#1184,#1185,#1186,#1187,
#1188,#1189,#1190,#1191,#1192,#1193,#1194,#1195));
#7531=EDGE_LOOP('',(#1196,#1197,#1198,#1199));
#7532=EDGE_LOOP('',(#1200,#1201,#1202,#1203));
#7533=EDGE_LOOP('',(#1204,#1205,#1206,#1207));
#7534=EDGE_LOOP('',(#1208,#1209,#1210,#1211));
#7535=EDGE_LOOP('',(#1212,#1213,#1214,#1215));
#7536=EDGE_LOOP('',(#1216,#1217,#1218,#1219));
#7537=EDGE_LOOP('',(#1220,#1221,#1222,#1223));
#7538=EDGE_LOOP('',(#1224,#1225,#1226,#1227));
#7539=EDGE_LOOP('',(#1228,#1229,#1230,#1231));
#7540=EDGE_LOOP('',(#1232,#1233,#1234,#1235));
#7541=EDGE_LOOP('',(#1236,#1237,#1238,#1239));
#7542=EDGE_LOOP('',(#1240,#1241,#1242,#1243));
#7543=EDGE_LOOP('',(#1244,#1245,#1246,#1247));
#7544=EDGE_LOOP('',(#1248,#1249,#1250,#1251));
#7545=EDGE_LOOP('',(#1252,#1253,#1254,#1255,#1256,#1257,#1258,#1259,#1260,
#1261,#1262,#1263,#1264,#1265));
#7546=EDGE_LOOP('',(#1266,#1267,#1268,#1269));
#7547=EDGE_LOOP('',(#1270,#1271,#1272,#1273));
#7548=EDGE_LOOP('',(#1274,#1275,#1276,#1277));
#7549=EDGE_LOOP('',(#1278,#1279,#1280,#1281));
#7550=EDGE_LOOP('',(#1282,#1283,#1284,#1285));
#7551=EDGE_LOOP('',(#1286,#1287,#1288,#1289));
#7552=EDGE_LOOP('',(#1290,#1291,#1292,#1293));
#7553=EDGE_LOOP('',(#1294,#1295,#1296,#1297));
#7554=EDGE_LOOP('',(#1298,#1299,#1300,#1301));
#7555=EDGE_LOOP('',(#1302,#1303,#1304,#1305));
#7556=EDGE_LOOP('',(#1306,#1307,#1308,#1309));
#7557=EDGE_LOOP('',(#1310,#1311,#1312,#1313));
#7558=EDGE_LOOP('',(#1314,#1315,#1316,#1317));
#7559=EDGE_LOOP('',(#1318,#1319,#1320,#1321));
#7560=EDGE_LOOP('',(#1322,#1323,#1324,#1325));
#7561=EDGE_LOOP('',(#1326,#1327,#1328,#1329));
#7562=EDGE_LOOP('',(#1330,#1331,#1332,#1333));
#7563=EDGE_LOOP('',(#1334,#1335,#1336,#1337));
#7564=EDGE_LOOP('',(#1338,#1339,#1340,#1341));
#7565=EDGE_LOOP('',(#1342,#1343,#1344,#1345));
#7566=EDGE_LOOP('',(#1346,#1347,#1348,#1349));
#7567=EDGE_LOOP('',(#1350,#1351,#1352,#1353));
#7568=EDGE_LOOP('',(#1354,#1355,#1356,#1357));
#7569=EDGE_LOOP('',(#1358,#1359,#1360,#1361));
#7570=EDGE_LOOP('',(#1362,#1363,#1364,#1365));
#7571=EDGE_LOOP('',(#1366,#1367,#1368,#1369));
#7572=EDGE_LOOP('',(#1370,#1371,#1372,#1373));
#7573=EDGE_LOOP('',(#1374,#1375,#1376,#1377));
#7574=EDGE_LOOP('',(#1378,#1379,#1380,#1381));
#7575=EDGE_LOOP('',(#1382,#1383,#1384,#1385));
#7576=EDGE_LOOP('',(#1386,#1387,#1388,#1389));
#7577=EDGE_LOOP('',(#1390,#1391,#1392,#1393));
#7578=EDGE_LOOP('',(#1394,#1395,#1396,#1397));
#7579=EDGE_LOOP('',(#1398,#1399,#1400,#1401));
#7580=EDGE_LOOP('',(#1402,#1403,#1404,#1405,#1406,#1407,#1408,#1409,#1410,
#1411,#1412,#1413,#1414,#1415));
#7581=EDGE_LOOP('',(#1416,#1417,#1418,#1419,#1420,#1421,#1422,#1423,#1424,
#1425));
#7582=EDGE_LOOP('',(#1426,#1427,#1428,#1429,#1430,#1431,#1432,#1433,#1434,
#1435));
#7583=EDGE_LOOP('',(#1436,#1437,#1438,#1439,#1440,#1441,#1442,#1443,#1444,
#1445));
#7584=EDGE_LOOP('',(#1446,#1447,#1448,#1449));
#7585=EDGE_LOOP('',(#1450,#1451,#1452,#1453));
#7586=EDGE_LOOP('',(#1454,#1455,#1456,#1457));
#7587=EDGE_LOOP('',(#1458,#1459,#1460,#1461));
#7588=EDGE_LOOP('',(#1462,#1463,#1464,#1465));
#7589=EDGE_LOOP('',(#1466,#1467,#1468,#1469));
#7590=EDGE_LOOP('',(#1470,#1471,#1472,#1473));
#7591=EDGE_LOOP('',(#1474,#1475,#1476,#1477));
#7592=EDGE_LOOP('',(#1478,#1479,#1480,#1481));
#7593=EDGE_LOOP('',(#1482,#1483,#1484,#1485));
#7594=EDGE_LOOP('',(#1486,#1487,#1488,#1489));
#7595=EDGE_LOOP('',(#1490,#1491,#1492,#1493));
#7596=EDGE_LOOP('',(#1494,#1495,#1496,#1497));
#7597=EDGE_LOOP('',(#1498,#1499,#1500,#1501));
#7598=EDGE_LOOP('',(#1502,#1503,#1504,#1505));
#7599=EDGE_LOOP('',(#1506,#1507,#1508,#1509));
#7600=EDGE_LOOP('',(#1510,#1511,#1512,#1513));
#7601=EDGE_LOOP('',(#1514,#1515,#1516,#1517));
#7602=EDGE_LOOP('',(#1518,#1519,#1520,#1521));
#7603=EDGE_LOOP('',(#1522,#1523,#1524,#1525));
#7604=EDGE_LOOP('',(#1526,#1527,#1528,#1529));
#7605=EDGE_LOOP('',(#1530,#1531,#1532,#1533,#1534,#1535,#1536,#1537,#1538,
#1539,#1540,#1541,#1542,#1543,#1544,#1545));
#7606=EDGE_LOOP('',(#1546,#1547,#1548,#1549));
#7607=EDGE_LOOP('',(#1550,#1551,#1552,#1553));
#7608=EDGE_LOOP('',(#1554,#1555,#1556,#1557));
#7609=EDGE_LOOP('',(#1558,#1559,#1560,#1561));
#7610=EDGE_LOOP('',(#1562,#1563,#1564,#1565));
#7611=EDGE_LOOP('',(#1566,#1567,#1568,#1569));
#7612=EDGE_LOOP('',(#1570,#1571,#1572,#1573));
#7613=EDGE_LOOP('',(#1574,#1575,#1576,#1577));
#7614=EDGE_LOOP('',(#1578,#1579,#1580,#1581));
#7615=EDGE_LOOP('',(#1582,#1583,#1584,#1585,#1586,#1587,#1588,#1589));
#7616=EDGE_LOOP('',(#1590,#1591,#1592,#1593));
#7617=EDGE_LOOP('',(#1594,#1595,#1596,#1597));
#7618=EDGE_LOOP('',(#1598,#1599,#1600,#1601));
#7619=EDGE_LOOP('',(#1602,#1603,#1604,#1605));
#7620=EDGE_LOOP('',(#1606,#1607,#1608,#1609));
#7621=EDGE_LOOP('',(#1610,#1611,#1612,#1613));
#7622=EDGE_LOOP('',(#1614,#1615,#1616,#1617));
#7623=EDGE_LOOP('',(#1618,#1619,#1620,#1621));
#7624=EDGE_LOOP('',(#1622,#1623,#1624,#1625,#1626,#1627,#1628,#1629));
#7625=EDGE_LOOP('',(#1630,#1631,#1632,#1633));
#7626=EDGE_LOOP('',(#1634,#1635,#1636,#1637));
#7627=EDGE_LOOP('',(#1638,#1639,#1640,#1641));
#7628=EDGE_LOOP('',(#1642,#1643,#1644,#1645));
#7629=EDGE_LOOP('',(#1646,#1647,#1648,#1649));
#7630=EDGE_LOOP('',(#1650,#1651,#1652,#1653));
#7631=EDGE_LOOP('',(#1654,#1655,#1656,#1657));
#7632=EDGE_LOOP('',(#1658,#1659,#1660,#1661));
#7633=EDGE_LOOP('',(#1662,#1663,#1664,#1665));
#7634=EDGE_LOOP('',(#1666,#1667,#1668,#1669));
#7635=EDGE_LOOP('',(#1670,#1671,#1672,#1673));
#7636=EDGE_LOOP('',(#1674,#1675,#1676,#1677));
#7637=EDGE_LOOP('',(#1678,#1679,#1680,#1681));
#7638=EDGE_LOOP('',(#1682,#1683,#1684,#1685));
#7639=EDGE_LOOP('',(#1686,#1687,#1688,#1689));
#7640=EDGE_LOOP('',(#1690,#1691,#1692,#1693));
#7641=EDGE_LOOP('',(#1694,#1695,#1696,#1697));
#7642=EDGE_LOOP('',(#1698,#1699,#1700,#1701));
#7643=EDGE_LOOP('',(#1702,#1703,#1704,#1705));
#7644=EDGE_LOOP('',(#1706,#1707,#1708,#1709));
#7645=EDGE_LOOP('',(#1710,#1711,#1712,#1713));
#7646=EDGE_LOOP('',(#1714,#1715,#1716,#1717));
#7647=EDGE_LOOP('',(#1718,#1719,#1720,#1721));
#7648=EDGE_LOOP('',(#1722,#1723,#1724,#1725));
#7649=EDGE_LOOP('',(#1726,#1727,#1728,#1729,#1730,#1731,#1732,#1733,#1734,
#1735,#1736,#1737,#1738,#1739,#1740,#1741,#1742,#1743,#1744,#1745,#1746,
#1747,#1748,#1749));
#7650=EDGE_LOOP('',(#1750,#1751,#1752,#1753));
#7651=EDGE_LOOP('',(#1754,#1755,#1756,#1757));
#7652=EDGE_LOOP('',(#1758,#1759,#1760,#1761));
#7653=EDGE_LOOP('',(#1762,#1763,#1764,#1765));
#7654=EDGE_LOOP('',(#1766,#1767,#1768,#1769));
#7655=EDGE_LOOP('',(#1770,#1771,#1772,#1773));
#7656=EDGE_LOOP('',(#1774,#1775,#1776,#1777));
#7657=EDGE_LOOP('',(#1778,#1779,#1780,#1781));
#7658=EDGE_LOOP('',(#1782,#1783,#1784,#1785));
#7659=EDGE_LOOP('',(#1786,#1787,#1788,#1789));
#7660=EDGE_LOOP('',(#1790,#1791,#1792,#1793));
#7661=EDGE_LOOP('',(#1794,#1795,#1796,#1797));
#7662=EDGE_LOOP('',(#1798,#1799,#1800,#1801));
#7663=EDGE_LOOP('',(#1802,#1803,#1804,#1805));
#7664=EDGE_LOOP('',(#1806,#1807,#1808,#1809));
#7665=EDGE_LOOP('',(#1810,#1811,#1812,#1813));
#7666=EDGE_LOOP('',(#1814,#1815,#1816,#1817));
#7667=EDGE_LOOP('',(#1818,#1819,#1820,#1821));
#7668=EDGE_LOOP('',(#1822,#1823,#1824,#1825));
#7669=EDGE_LOOP('',(#1826,#1827,#1828,#1829));
#7670=EDGE_LOOP('',(#1830,#1831,#1832,#1833,#1834,#1835,#1836,#1837,#1838,
#1839,#1840,#1841,#1842,#1843,#1844,#1845,#1846,#1847,#1848,#1849));
#7671=EDGE_LOOP('',(#1850,#1851,#1852,#1853));
#7672=EDGE_LOOP('',(#1854,#1855,#1856,#1857));
#7673=EDGE_LOOP('',(#1858,#1859,#1860,#1861));
#7674=EDGE_LOOP('',(#1862,#1863,#1864,#1865));
#7675=EDGE_LOOP('',(#1866,#1867,#1868,#1869));
#7676=EDGE_LOOP('',(#1870,#1871,#1872,#1873));
#7677=EDGE_LOOP('',(#1874,#1875,#1876,#1877));
#7678=EDGE_LOOP('',(#1878,#1879,#1880,#1881));
#7679=EDGE_LOOP('',(#1882,#1883,#1884,#1885));
#7680=EDGE_LOOP('',(#1886,#1887,#1888,#1889));
#7681=EDGE_LOOP('',(#1890,#1891,#1892,#1893));
#7682=EDGE_LOOP('',(#1894,#1895,#1896,#1897));
#7683=EDGE_LOOP('',(#1898,#1899,#1900,#1901));
#7684=EDGE_LOOP('',(#1902,#1903,#1904,#1905));
#7685=EDGE_LOOP('',(#1906,#1907,#1908,#1909));
#7686=EDGE_LOOP('',(#1910,#1911,#1912,#1913));
#7687=EDGE_LOOP('',(#1914,#1915,#1916,#1917));
#7688=EDGE_LOOP('',(#1918,#1919,#1920,#1921));
#7689=EDGE_LOOP('',(#1922,#1923,#1924,#1925));
#7690=EDGE_LOOP('',(#1926,#1927,#1928,#1929));
#7691=EDGE_LOOP('',(#1930,#1931,#1932,#1933));
#7692=EDGE_LOOP('',(#1934,#1935,#1936,#1937));
#7693=EDGE_LOOP('',(#1938,#1939,#1940,#1941));
#7694=EDGE_LOOP('',(#1942,#1943,#1944,#1945));
#7695=EDGE_LOOP('',(#1946,#1947,#1948,#1949));
#7696=EDGE_LOOP('',(#1950,#1951,#1952,#1953));
#7697=EDGE_LOOP('',(#1954,#1955,#1956,#1957));
#7698=EDGE_LOOP('',(#1958,#1959,#1960,#1961));
#7699=EDGE_LOOP('',(#1962,#1963,#1964,#1965));
#7700=EDGE_LOOP('',(#1966,#1967,#1968,#1969));
#7701=EDGE_LOOP('',(#1970,#1971,#1972,#1973));
#7702=EDGE_LOOP('',(#1974,#1975,#1976,#1977));
#7703=EDGE_LOOP('',(#1978,#1979,#1980,#1981));
#7704=EDGE_LOOP('',(#1982,#1983,#1984,#1985));
#7705=EDGE_LOOP('',(#1986,#1987,#1988,#1989));
#7706=EDGE_LOOP('',(#1990,#1991,#1992,#1993));
#7707=EDGE_LOOP('',(#1994,#1995,#1996,#1997,#1998,#1999,#2000,#2001,#2002,
#2003,#2004,#2005,#2006,#2007,#2008,#2009,#2010,#2011,#2012,#2013,#2014,
#2015,#2016,#2017,#2018,#2019,#2020,#2021,#2022,#2023,#2024,#2025,#2026,
#2027,#2028,#2029));
#7708=EDGE_LOOP('',(#2030,#2031,#2032,#2033));
#7709=EDGE_LOOP('',(#2034,#2035,#2036,#2037));
#7710=EDGE_LOOP('',(#2038,#2039,#2040,#2041));
#7711=EDGE_LOOP('',(#2042,#2043,#2044,#2045));
#7712=EDGE_LOOP('',(#2046,#2047,#2048,#2049));
#7713=EDGE_LOOP('',(#2050,#2051,#2052,#2053));
#7714=EDGE_LOOP('',(#2054,#2055,#2056,#2057));
#7715=EDGE_LOOP('',(#2058,#2059,#2060,#2061));
#7716=EDGE_LOOP('',(#2062,#2063,#2064,#2065));
#7717=EDGE_LOOP('',(#2066,#2067,#2068,#2069));
#7718=EDGE_LOOP('',(#2070,#2071,#2072,#2073));
#7719=EDGE_LOOP('',(#2074,#2075,#2076,#2077));
#7720=EDGE_LOOP('',(#2078,#2079,#2080,#2081));
#7721=EDGE_LOOP('',(#2082,#2083,#2084,#2085));
#7722=EDGE_LOOP('',(#2086,#2087,#2088,#2089));
#7723=EDGE_LOOP('',(#2090,#2091,#2092,#2093));
#7724=EDGE_LOOP('',(#2094,#2095,#2096,#2097));
#7725=EDGE_LOOP('',(#2098,#2099,#2100,#2101));
#7726=EDGE_LOOP('',(#2102,#2103,#2104,#2105));
#7727=EDGE_LOOP('',(#2106,#2107,#2108,#2109));
#7728=EDGE_LOOP('',(#2110,#2111,#2112,#2113));
#7729=EDGE_LOOP('',(#2114,#2115,#2116,#2117));
#7730=EDGE_LOOP('',(#2118,#2119,#2120,#2121,#2122,#2123,#2124,#2125,#2126,
#2127,#2128,#2129,#2130,#2131,#2132,#2133,#2134,#2135,#2136,#2137,#2138,
#2139));
#7731=EDGE_LOOP('',(#2140,#2141,#2142,#2143));
#7732=EDGE_LOOP('',(#2144,#2145,#2146,#2147));
#7733=EDGE_LOOP('',(#2148,#2149,#2150,#2151));
#7734=EDGE_LOOP('',(#2152,#2153,#2154,#2155));
#7735=EDGE_LOOP('',(#2156,#2157,#2158,#2159));
#7736=EDGE_LOOP('',(#2160,#2161,#2162,#2163));
#7737=EDGE_LOOP('',(#2164,#2165,#2166,#2167));
#7738=EDGE_LOOP('',(#2168,#2169,#2170,#2171));
#7739=EDGE_LOOP('',(#2172,#2173,#2174,#2175));
#7740=EDGE_LOOP('',(#2176,#2177,#2178,#2179));
#7741=EDGE_LOOP('',(#2180,#2181,#2182,#2183));
#7742=EDGE_LOOP('',(#2184,#2185,#2186,#2187));
#7743=EDGE_LOOP('',(#2188,#2189,#2190,#2191));
#7744=EDGE_LOOP('',(#2192,#2193,#2194,#2195));
#7745=EDGE_LOOP('',(#2196,#2197,#2198,#2199,#2200,#2201,#2202,#2203,#2204,
#2205,#2206,#2207,#2208,#2209));
#7746=EDGE_LOOP('',(#2210,#2211,#2212,#2213));
#7747=EDGE_LOOP('',(#2214,#2215,#2216,#2217));
#7748=EDGE_LOOP('',(#2218,#2219,#2220,#2221));
#7749=EDGE_LOOP('',(#2222,#2223,#2224,#2225));
#7750=EDGE_LOOP('',(#2226,#2227,#2228,#2229));
#7751=EDGE_LOOP('',(#2230,#2231,#2232,#2233));
#7752=EDGE_LOOP('',(#2234,#2235,#2236,#2237));
#7753=EDGE_LOOP('',(#2238,#2239,#2240,#2241));
#7754=EDGE_LOOP('',(#2242,#2243,#2244,#2245,#2246,#2247,#2248,#2249));
#7755=EDGE_LOOP('',(#2250,#2251,#2252,#2253));
#7756=EDGE_LOOP('',(#2254,#2255,#2256,#2257));
#7757=EDGE_LOOP('',(#2258,#2259,#2260,#2261));
#7758=EDGE_LOOP('',(#2262,#2263,#2264,#2265));
#7759=EDGE_LOOP('',(#2266,#2267,#2268,#2269));
#7760=EDGE_LOOP('',(#2270,#2271,#2272,#2273));
#7761=EDGE_LOOP('',(#2274,#2275,#2276,#2277));
#7762=EDGE_LOOP('',(#2278,#2279,#2280,#2281));
#7763=EDGE_LOOP('',(#2282,#2283,#2284,#2285));
#7764=EDGE_LOOP('',(#2286,#2287,#2288,#2289));
#7765=EDGE_LOOP('',(#2290,#2291,#2292,#2293));
#7766=EDGE_LOOP('',(#2294,#2295,#2296,#2297));
#7767=EDGE_LOOP('',(#2298,#2299,#2300,#2301));
#7768=EDGE_LOOP('',(#2302,#2303,#2304,#2305));
#7769=EDGE_LOOP('',(#2306,#2307,#2308,#2309));
#7770=EDGE_LOOP('',(#2310,#2311,#2312,#2313));
#7771=EDGE_LOOP('',(#2314,#2315,#2316,#2317));
#7772=EDGE_LOOP('',(#2318,#2319,#2320,#2321));
#7773=EDGE_LOOP('',(#2322,#2323,#2324,#2325));
#7774=EDGE_LOOP('',(#2326,#2327,#2328,#2329));
#7775=EDGE_LOOP('',(#2330,#2331,#2332,#2333));
#7776=EDGE_LOOP('',(#2334,#2335,#2336,#2337));
#7777=EDGE_LOOP('',(#2338,#2339,#2340,#2341));
#7778=EDGE_LOOP('',(#2342,#2343,#2344,#2345));
#7779=EDGE_LOOP('',(#2346,#2347,#2348,#2349));
#7780=EDGE_LOOP('',(#2350,#2351,#2352,#2353));
#7781=EDGE_LOOP('',(#2354,#2355,#2356,#2357));
#7782=EDGE_LOOP('',(#2358,#2359,#2360,#2361));
#7783=EDGE_LOOP('',(#2362,#2363,#2364,#2365));
#7784=EDGE_LOOP('',(#2366,#2367,#2368,#2369));
#7785=EDGE_LOOP('',(#2370,#2371,#2372,#2373,#2374,#2375,#2376,#2377,#2378,
#2379));
#7786=EDGE_LOOP('',(#2380,#2381,#2382,#2383,#2384,#2385,#2386,#2387,#2388,
#2389,#2390,#2391,#2392,#2393,#2394,#2395,#2396,#2397,#2398,#2399));
#7787=EDGE_LOOP('',(#2400,#2401,#2402,#2403,#2404,#2405,#2406,#2407,#2408,
#2409));
#7788=EDGE_LOOP('',(#2410,#2411,#2412,#2413));
#7789=EDGE_LOOP('',(#2414,#2415,#2416,#2417));
#7790=EDGE_LOOP('',(#2418,#2419,#2420,#2421));
#7791=EDGE_LOOP('',(#2422,#2423,#2424,#2425));
#7792=EDGE_LOOP('',(#2426,#2427,#2428,#2429));
#7793=EDGE_LOOP('',(#2430,#2431,#2432,#2433));
#7794=EDGE_LOOP('',(#2434,#2435,#2436,#2437));
#7795=EDGE_LOOP('',(#2438,#2439,#2440,#2441));
#7796=EDGE_LOOP('',(#2442,#2443,#2444,#2445));
#7797=EDGE_LOOP('',(#2446,#2447,#2448,#2449));
#7798=EDGE_LOOP('',(#2450,#2451,#2452,#2453));
#7799=EDGE_LOOP('',(#2454,#2455,#2456,#2457));
#7800=EDGE_LOOP('',(#2458,#2459,#2460,#2461));
#7801=EDGE_LOOP('',(#2462,#2463,#2464,#2465));
#7802=EDGE_LOOP('',(#2466,#2467,#2468,#2469));
#7803=EDGE_LOOP('',(#2470,#2471,#2472,#2473));
#7804=EDGE_LOOP('',(#2474,#2475,#2476,#2477));
#7805=EDGE_LOOP('',(#2478,#2479,#2480,#2481));
#7806=EDGE_LOOP('',(#2482,#2483,#2484,#2485));
#7807=EDGE_LOOP('',(#2486,#2487,#2488,#2489));
#7808=EDGE_LOOP('',(#2490,#2491,#2492,#2493));
#7809=EDGE_LOOP('',(#2494,#2495,#2496,#2497,#2498,#2499,#2500,#2501,#2502,
#2503,#2504,#2505,#2506,#2507,#2508,#2509));
#7810=EDGE_LOOP('',(#2510,#2511,#2512,#2513));
#7811=EDGE_LOOP('',(#2514,#2515,#2516,#2517));
#7812=EDGE_LOOP('',(#2518,#2519,#2520,#2521));
#7813=EDGE_LOOP('',(#2522,#2523,#2524,#2525));
#7814=EDGE_LOOP('',(#2526,#2527,#2528,#2529));
#7815=EDGE_LOOP('',(#2530,#2531,#2532,#2533));
#7816=EDGE_LOOP('',(#2534,#2535,#2536,#2537));
#7817=EDGE_LOOP('',(#2538,#2539,#2540,#2541));
#7818=EDGE_LOOP('',(#2542,#2543,#2544,#2545));
#7819=EDGE_LOOP('',(#2546,#2547,#2548,#2549));
#7820=EDGE_LOOP('',(#2550,#2551,#2552,#2553));
#7821=EDGE_LOOP('',(#2554,#2555,#2556,#2557));
#7822=EDGE_LOOP('',(#2558,#2559,#2560,#2561));
#7823=EDGE_LOOP('',(#2562,#2563,#2564,#2565));
#7824=EDGE_LOOP('',(#2566,#2567,#2568,#2569));
#7825=EDGE_LOOP('',(#2570,#2571,#2572,#2573));
#7826=EDGE_LOOP('',(#2574,#2575,#2576,#2577));
#7827=EDGE_LOOP('',(#2578,#2579,#2580,#2581));
#7828=EDGE_LOOP('',(#2582,#2583,#2584,#2585));
#7829=EDGE_LOOP('',(#2586,#2587,#2588,#2589));
#7830=EDGE_LOOP('',(#2590,#2591,#2592,#2593));
#7831=EDGE_LOOP('',(#2594,#2595,#2596,#2597));
#7832=EDGE_LOOP('',(#2598,#2599,#2600,#2601));
#7833=EDGE_LOOP('',(#2602,#2603,#2604,#2605));
#7834=EDGE_LOOP('',(#2606,#2607,#2608,#2609));
#7835=EDGE_LOOP('',(#2610,#2611,#2612,#2613));
#7836=EDGE_LOOP('',(#2614,#2615,#2616,#2617));
#7837=EDGE_LOOP('',(#2618,#2619,#2620,#2621,#2622,#2623,#2624,#2625,#2626,
#2627,#2628,#2629,#2630,#2631,#2632,#2633));
#7838=EDGE_LOOP('',(#2634,#2635,#2636,#2637,#2638,#2639,#2640,#2641,#2642,
#2643));
#7839=EDGE_LOOP('',(#2644,#2645,#2646,#2647));
#7840=EDGE_LOOP('',(#2648,#2649,#2650,#2651));
#7841=EDGE_LOOP('',(#2652,#2653,#2654,#2655));
#7842=EDGE_LOOP('',(#2656,#2657,#2658,#2659));
#7843=EDGE_LOOP('',(#2660,#2661,#2662,#2663));
#7844=EDGE_LOOP('',(#2664,#2665,#2666,#2667));
#7845=EDGE_LOOP('',(#2668,#2669,#2670,#2671));
#7846=EDGE_LOOP('',(#2672,#2673,#2674,#2675));
#7847=EDGE_LOOP('',(#2676,#2677,#2678,#2679));
#7848=EDGE_LOOP('',(#2680,#2681,#2682,#2683));
#7849=EDGE_LOOP('',(#2684,#2685,#2686,#2687));
#7850=EDGE_LOOP('',(#2688,#2689,#2690,#2691));
#7851=EDGE_LOOP('',(#2692,#2693,#2694,#2695));
#7852=EDGE_LOOP('',(#2696,#2697,#2698,#2699));
#7853=EDGE_LOOP('',(#2700,#2701,#2702,#2703));
#7854=EDGE_LOOP('',(#2704,#2705,#2706,#2707));
#7855=EDGE_LOOP('',(#2708,#2709,#2710,#2711));
#7856=EDGE_LOOP('',(#2712,#2713,#2714,#2715));
#7857=EDGE_LOOP('',(#2716,#2717,#2718,#2719));
#7858=EDGE_LOOP('',(#2720,#2721,#2722,#2723));
#7859=EDGE_LOOP('',(#2724,#2725,#2726,#2727));
#7860=EDGE_LOOP('',(#2728,#2729,#2730,#2731));
#7861=EDGE_LOOP('',(#2732,#2733,#2734,#2735));
#7862=EDGE_LOOP('',(#2736,#2737,#2738,#2739));
#7863=EDGE_LOOP('',(#2740,#2741,#2742,#2743));
#7864=EDGE_LOOP('',(#2744,#2745,#2746,#2747));
#7865=EDGE_LOOP('',(#2748,#2749,#2750,#2751));
#7866=EDGE_LOOP('',(#2752,#2753,#2754,#2755));
#7867=EDGE_LOOP('',(#2756,#2757,#2758,#2759));
#7868=EDGE_LOOP('',(#2760,#2761,#2762,#2763));
#7869=EDGE_LOOP('',(#2764,#2765,#2766,#2767));
#7870=EDGE_LOOP('',(#2768,#2769,#2770,#2771,#2772,#2773,#2774,#2775,#2776,
#2777));
#7871=EDGE_LOOP('',(#2778,#2779,#2780,#2781,#2782,#2783,#2784,#2785,#2786,
#2787,#2788,#2789,#2790,#2791,#2792,#2793,#2794,#2795,#2796,#2797,#2798));
#7872=EDGE_LOOP('',(#2799,#2800,#2801,#2802,#2803,#2804,#2805,#2806,#2807,
#2808));
#7873=EDGE_LOOP('',(#2809,#2810,#2811,#2812));
#7874=EDGE_LOOP('',(#2813,#2814,#2815,#2816));
#7875=EDGE_LOOP('',(#2817,#2818,#2819,#2820));
#7876=EDGE_LOOP('',(#2821,#2822,#2823,#2824));
#7877=EDGE_LOOP('',(#2825,#2826,#2827,#2828));
#7878=EDGE_LOOP('',(#2829,#2830,#2831,#2832));
#7879=EDGE_LOOP('',(#2833,#2834,#2835,#2836));
#7880=EDGE_LOOP('',(#2837,#2838,#2839,#2840));
#7881=EDGE_LOOP('',(#2841,#2842,#2843,#2844));
#7882=EDGE_LOOP('',(#2845,#2846,#2847,#2848));
#7883=EDGE_LOOP('',(#2849,#2850,#2851,#2852));
#7884=EDGE_LOOP('',(#2853,#2854,#2855,#2856));
#7885=EDGE_LOOP('',(#2857,#2858,#2859,#2860,#2861,#2862,#2863,#2864,#2865,
#2866,#2867,#2868));
#7886=EDGE_LOOP('',(#2869,#2870,#2871,#2872));
#7887=EDGE_LOOP('',(#2873,#2874,#2875,#2876));
#7888=EDGE_LOOP('',(#2877,#2878,#2879,#2880));
#7889=EDGE_LOOP('',(#2881,#2882,#2883,#2884));
#7890=EDGE_LOOP('',(#2885,#2886,#2887,#2888));
#7891=EDGE_LOOP('',(#2889,#2890,#2891,#2892));
#7892=EDGE_LOOP('',(#2893,#2894,#2895,#2896));
#7893=EDGE_LOOP('',(#2897,#2898,#2899,#2900));
#7894=EDGE_LOOP('',(#2901,#2902,#2903,#2904));
#7895=EDGE_LOOP('',(#2905,#2906,#2907,#2908));
#7896=EDGE_LOOP('',(#2909,#2910,#2911,#2912));
#7897=EDGE_LOOP('',(#2913,#2914,#2915,#2916));
#7898=EDGE_LOOP('',(#2917,#2918,#2919,#2920));
#7899=EDGE_LOOP('',(#2921,#2922,#2923,#2924));
#7900=EDGE_LOOP('',(#2925,#2926,#2927,#2928));
#7901=EDGE_LOOP('',(#2929,#2930,#2931,#2932));
#7902=EDGE_LOOP('',(#2933,#2934,#2935,#2936));
#7903=EDGE_LOOP('',(#2937,#2938,#2939,#2940));
#7904=EDGE_LOOP('',(#2941,#2942,#2943,#2944));
#7905=EDGE_LOOP('',(#2945,#2946,#2947,#2948));
#7906=EDGE_LOOP('',(#2949,#2950,#2951,#2952));
#7907=EDGE_LOOP('',(#2953,#2954,#2955,#2956,#2957,#2958,#2959,#2960,#2961,
#2962,#2963,#2964,#2965,#2966,#2967,#2968));
#7908=EDGE_LOOP('',(#2969,#2970,#2971,#2972));
#7909=EDGE_LOOP('',(#2973,#2974,#2975,#2976));
#7910=EDGE_LOOP('',(#2977,#2978,#2979,#2980));
#7911=EDGE_LOOP('',(#2981,#2982,#2983,#2984));
#7912=EDGE_LOOP('',(#2985,#2986,#2987,#2988));
#7913=EDGE_LOOP('',(#2989,#2990,#2991,#2992));
#7914=EDGE_LOOP('',(#2993,#2994,#2995,#2996));
#7915=EDGE_LOOP('',(#2997,#2998,#2999,#3000));
#7916=EDGE_LOOP('',(#3001,#3002,#3003,#3004));
#7917=EDGE_LOOP('',(#3005,#3006,#3007,#3008));
#7918=EDGE_LOOP('',(#3009,#3010,#3011,#3012));
#7919=EDGE_LOOP('',(#3013,#3014,#3015,#3016));
#7920=EDGE_LOOP('',(#3017,#3018,#3019,#3020));
#7921=EDGE_LOOP('',(#3021,#3022,#3023,#3024));
#7922=EDGE_LOOP('',(#3025,#3026,#3027,#3028));
#7923=EDGE_LOOP('',(#3029,#3030,#3031,#3032));
#7924=EDGE_LOOP('',(#3033,#3034,#3035,#3036));
#7925=EDGE_LOOP('',(#3037,#3038,#3039,#3040));
#7926=EDGE_LOOP('',(#3041,#3042,#3043,#3044));
#7927=EDGE_LOOP('',(#3045,#3046,#3047,#3048));
#7928=EDGE_LOOP('',(#3049,#3050,#3051,#3052));
#7929=EDGE_LOOP('',(#3053,#3054,#3055,#3056));
#7930=EDGE_LOOP('',(#3057,#3058,#3059,#3060));
#7931=EDGE_LOOP('',(#3061,#3062,#3063,#3064));
#7932=EDGE_LOOP('',(#3065,#3066,#3067,#3068));
#7933=EDGE_LOOP('',(#3069,#3070,#3071,#3072));
#7934=EDGE_LOOP('',(#3073,#3074,#3075,#3076));
#7935=EDGE_LOOP('',(#3077,#3078,#3079,#3080,#3081,#3082,#3083,#3084,#3085,
#3086));
#7936=EDGE_LOOP('',(#3087,#3088,#3089,#3090,#3091,#3092,#3093,#3094,#3095,
#3096,#3097,#3098,#3099,#3100,#3101,#3102));
#7937=EDGE_LOOP('',(#3103,#3104,#3105,#3106,#3107,#3108,#3109,#3110,#3111,
#3112));
#7938=EDGE_LOOP('',(#3113,#3114,#3115,#3116));
#7939=EDGE_LOOP('',(#3117,#3118,#3119,#3120));
#7940=EDGE_LOOP('',(#3121,#3122,#3123,#3124));
#7941=EDGE_LOOP('',(#3125,#3126,#3127,#3128));
#7942=EDGE_LOOP('',(#3129,#3130,#3131,#3132));
#7943=EDGE_LOOP('',(#3133,#3134,#3135,#3136));
#7944=EDGE_LOOP('',(#3137,#3138,#3139,#3140));
#7945=EDGE_LOOP('',(#3141,#3142,#3143,#3144));
#7946=EDGE_LOOP('',(#3145,#3146,#3147,#3148));
#7947=EDGE_LOOP('',(#3149,#3150,#3151,#3152));
#7948=EDGE_LOOP('',(#3153,#3154,#3155,#3156));
#7949=EDGE_LOOP('',(#3157,#3158,#3159,#3160));
#7950=EDGE_LOOP('',(#3161,#3162,#3163,#3164));
#7951=EDGE_LOOP('',(#3165,#3166,#3167,#3168));
#7952=EDGE_LOOP('',(#3169,#3170,#3171,#3172));
#7953=EDGE_LOOP('',(#3173,#3174,#3175,#3176));
#7954=EDGE_LOOP('',(#3177,#3178,#3179,#3180));
#7955=EDGE_LOOP('',(#3181,#3182,#3183,#3184));
#7956=EDGE_LOOP('',(#3185,#3186,#3187,#3188));
#7957=EDGE_LOOP('',(#3189,#3190,#3191,#3192));
#7958=EDGE_LOOP('',(#3193,#3194,#3195,#3196));
#7959=EDGE_LOOP('',(#3197,#3198,#3199,#3200));
#7960=EDGE_LOOP('',(#3201,#3202,#3203,#3204));
#7961=EDGE_LOOP('',(#3205,#3206,#3207,#3208));
#7962=EDGE_LOOP('',(#3209,#3210,#3211,#3212));
#7963=EDGE_LOOP('',(#3213,#3214,#3215,#3216));
#7964=EDGE_LOOP('',(#3217,#3218,#3219,#3220));
#7965=EDGE_LOOP('',(#3221,#3222,#3223,#3224));
#7966=EDGE_LOOP('',(#3225,#3226,#3227,#3228));
#7967=EDGE_LOOP('',(#3229,#3230,#3231,#3232));
#7968=EDGE_LOOP('',(#3233,#3234,#3235,#3236));
#7969=EDGE_LOOP('',(#3237,#3238,#3239,#3240));
#7970=EDGE_LOOP('',(#3241,#3242,#3243,#3244,#3245,#3246,#3247,#3248,#3249,
#3250));
#7971=EDGE_LOOP('',(#3251,#3252,#3253,#3254,#3255,#3256,#3257,#3258,#3259,
#3260,#3261,#3262,#3263,#3264,#3265,#3266,#3267,#3268,#3269,#3270,#3271,
#3272));
#7972=EDGE_LOOP('',(#3273,#3274,#3275,#3276,#3277,#3278,#3279,#3280,#3281,
#3282));
#7973=EDGE_LOOP('',(#3283,#3284,#3285,#3286,#3287,#3288,#3289,#3290,#3291,
#3292));
#7974=EDGE_LOOP('',(#3293,#3294,#3295,#3296,#3297,#3298,#3299,#3300,#3301,
#3302));
#7975=EDGE_LOOP('',(#3303,#3304,#3305,#3306));
#7976=EDGE_LOOP('',(#3307,#3308,#3309,#3310));
#7977=EDGE_LOOP('',(#3311,#3312,#3313,#3314));
#7978=EDGE_LOOP('',(#3315,#3316,#3317,#3318));
#7979=EDGE_LOOP('',(#3319,#3320,#3321,#3322));
#7980=EDGE_LOOP('',(#3323,#3324,#3325,#3326));
#7981=EDGE_LOOP('',(#3327,#3328,#3329,#3330));
#7982=EDGE_LOOP('',(#3331,#3332,#3333,#3334));
#7983=EDGE_LOOP('',(#3335,#3336,#3337,#3338,#3339,#3340,#3341,#3342,#3343,
#3344));
#7984=EDGE_LOOP('',(#3345,#3346,#3347,#3348,#3349,#3350,#3351,#3352,#3353,
#3354));
#7985=EDGE_LOOP('',(#3355,#3356,#3357,#3358));
#7986=EDGE_LOOP('',(#3359,#3360,#3361,#3362));
#7987=EDGE_LOOP('',(#3363,#3364,#3365,#3366));
#7988=EDGE_LOOP('',(#3367,#3368,#3369,#3370));
#7989=EDGE_LOOP('',(#3371,#3372,#3373,#3374));
#7990=EDGE_LOOP('',(#3375,#3376,#3377,#3378));
#7991=EDGE_LOOP('',(#3379,#3380,#3381,#3382));
#7992=EDGE_LOOP('',(#3383,#3384,#3385,#3386));
#7993=FACE_BOUND('',#7466,.T.);
#7994=FACE_BOUND('',#7467,.T.);
#7995=FACE_BOUND('',#7468,.T.);
#7996=FACE_BOUND('',#7469,.T.);
#7997=FACE_BOUND('',#7470,.T.);
#7998=FACE_BOUND('',#7471,.T.);
#7999=FACE_BOUND('',#7472,.T.);
#8000=FACE_BOUND('',#7473,.T.);
#8001=FACE_BOUND('',#7474,.T.);
#8002=FACE_BOUND('',#7475,.T.);
#8003=FACE_BOUND('',#7476,.T.);
#8004=FACE_BOUND('',#7477,.T.);
#8005=FACE_BOUND('',#7478,.T.);
#8006=FACE_BOUND('',#7479,.T.);
#8007=FACE_BOUND('',#7480,.T.);
#8008=FACE_BOUND('',#7481,.T.);
#8009=FACE_BOUND('',#7482,.T.);
#8010=FACE_BOUND('',#7483,.T.);
#8011=FACE_BOUND('',#7484,.T.);
#8012=FACE_BOUND('',#7485,.T.);
#8013=FACE_BOUND('',#7486,.T.);
#8014=FACE_BOUND('',#7487,.T.);
#8015=FACE_BOUND('',#7488,.T.);
#8016=FACE_BOUND('',#7489,.T.);
#8017=FACE_BOUND('',#7490,.T.);
#8018=FACE_BOUND('',#7491,.T.);
#8019=FACE_BOUND('',#7492,.T.);
#8020=FACE_BOUND('',#7493,.T.);
#8021=FACE_BOUND('',#7494,.T.);
#8022=FACE_BOUND('',#7495,.T.);
#8023=FACE_BOUND('',#7496,.T.);
#8024=FACE_BOUND('',#7497,.T.);
#8025=FACE_BOUND('',#7498,.T.);
#8026=FACE_BOUND('',#7499,.T.);
#8027=FACE_BOUND('',#7500,.T.);
#8028=FACE_BOUND('',#7501,.T.);
#8029=FACE_BOUND('',#7502,.T.);
#8030=FACE_BOUND('',#7503,.T.);
#8031=FACE_BOUND('',#7504,.T.);
#8032=FACE_BOUND('',#7505,.T.);
#8033=FACE_BOUND('',#7506,.T.);
#8034=FACE_BOUND('',#7507,.T.);
#8035=FACE_BOUND('',#7508,.T.);
#8036=FACE_BOUND('',#7509,.T.);
#8037=FACE_BOUND('',#7510,.T.);
#8038=FACE_BOUND('',#7511,.T.);
#8039=FACE_BOUND('',#7512,.T.);
#8040=FACE_BOUND('',#7513,.T.);
#8041=FACE_BOUND('',#7514,.T.);
#8042=FACE_BOUND('',#7515,.T.);
#8043=FACE_BOUND('',#7516,.T.);
#8044=FACE_BOUND('',#7517,.T.);
#8045=FACE_BOUND('',#7518,.T.);
#8046=FACE_BOUND('',#7519,.T.);
#8047=FACE_BOUND('',#7520,.T.);
#8048=FACE_BOUND('',#7521,.T.);
#8049=FACE_BOUND('',#7522,.T.);
#8050=FACE_BOUND('',#7523,.T.);
#8051=FACE_BOUND('',#7524,.T.);
#8052=FACE_BOUND('',#7525,.T.);
#8053=FACE_BOUND('',#7526,.T.);
#8054=FACE_BOUND('',#7527,.T.);
#8055=FACE_BOUND('',#7528,.T.);
#8056=FACE_BOUND('',#7529,.T.);
#8057=FACE_BOUND('',#7530,.T.);
#8058=FACE_BOUND('',#7531,.T.);
#8059=FACE_BOUND('',#7532,.T.);
#8060=FACE_BOUND('',#7533,.T.);
#8061=FACE_BOUND('',#7534,.T.);
#8062=FACE_BOUND('',#7535,.T.);
#8063=FACE_BOUND('',#7536,.T.);
#8064=FACE_BOUND('',#7537,.T.);
#8065=FACE_BOUND('',#7538,.T.);
#8066=FACE_BOUND('',#7539,.T.);
#8067=FACE_BOUND('',#7540,.T.);
#8068=FACE_BOUND('',#7541,.T.);
#8069=FACE_BOUND('',#7542,.T.);
#8070=FACE_BOUND('',#7543,.T.);
#8071=FACE_BOUND('',#7544,.T.);
#8072=FACE_BOUND('',#7545,.T.);
#8073=FACE_BOUND('',#7546,.T.);
#8074=FACE_BOUND('',#7547,.T.);
#8075=FACE_BOUND('',#7548,.T.);
#8076=FACE_BOUND('',#7549,.T.);
#8077=FACE_BOUND('',#7550,.T.);
#8078=FACE_BOUND('',#7551,.T.);
#8079=FACE_BOUND('',#7552,.T.);
#8080=FACE_BOUND('',#7553,.T.);
#8081=FACE_BOUND('',#7554,.T.);
#8082=FACE_BOUND('',#7555,.T.);
#8083=FACE_BOUND('',#7556,.T.);
#8084=FACE_BOUND('',#7557,.T.);
#8085=FACE_BOUND('',#7558,.T.);
#8086=FACE_BOUND('',#7559,.T.);
#8087=FACE_BOUND('',#7560,.T.);
#8088=FACE_BOUND('',#7561,.T.);
#8089=FACE_BOUND('',#7562,.T.);
#8090=FACE_BOUND('',#7563,.T.);
#8091=FACE_BOUND('',#7564,.T.);
#8092=FACE_BOUND('',#7565,.T.);
#8093=FACE_BOUND('',#7566,.T.);
#8094=FACE_BOUND('',#7567,.T.);
#8095=FACE_BOUND('',#7568,.T.);
#8096=FACE_BOUND('',#7569,.T.);
#8097=FACE_BOUND('',#7570,.T.);
#8098=FACE_BOUND('',#7571,.T.);
#8099=FACE_BOUND('',#7572,.T.);
#8100=FACE_BOUND('',#7573,.T.);
#8101=FACE_BOUND('',#7574,.T.);
#8102=FACE_BOUND('',#7575,.T.);
#8103=FACE_BOUND('',#7576,.T.);
#8104=FACE_BOUND('',#7577,.T.);
#8105=FACE_BOUND('',#7578,.T.);
#8106=FACE_BOUND('',#7579,.T.);
#8107=FACE_BOUND('',#7580,.T.);
#8108=FACE_BOUND('',#7581,.T.);
#8109=FACE_BOUND('',#7582,.T.);
#8110=FACE_BOUND('',#7583,.T.);
#8111=FACE_BOUND('',#7584,.T.);
#8112=FACE_BOUND('',#7585,.T.);
#8113=FACE_BOUND('',#7586,.T.);
#8114=FACE_BOUND('',#7587,.T.);
#8115=FACE_BOUND('',#7588,.T.);
#8116=FACE_BOUND('',#7589,.T.);
#8117=FACE_BOUND('',#7590,.T.);
#8118=FACE_BOUND('',#7591,.T.);
#8119=FACE_BOUND('',#7592,.T.);
#8120=FACE_BOUND('',#7593,.T.);
#8121=FACE_BOUND('',#7594,.T.);
#8122=FACE_BOUND('',#7595,.T.);
#8123=FACE_BOUND('',#7596,.T.);
#8124=FACE_BOUND('',#7597,.T.);
#8125=FACE_BOUND('',#7598,.T.);
#8126=FACE_BOUND('',#7599,.T.);
#8127=FACE_BOUND('',#7600,.T.);
#8128=FACE_BOUND('',#7601,.T.);
#8129=FACE_BOUND('',#7602,.T.);
#8130=FACE_BOUND('',#7603,.T.);
#8131=FACE_BOUND('',#7604,.T.);
#8132=FACE_BOUND('',#7605,.T.);
#8133=FACE_BOUND('',#7606,.T.);
#8134=FACE_BOUND('',#7607,.T.);
#8135=FACE_BOUND('',#7608,.T.);
#8136=FACE_BOUND('',#7609,.T.);
#8137=FACE_BOUND('',#7610,.T.);
#8138=FACE_BOUND('',#7611,.T.);
#8139=FACE_BOUND('',#7612,.T.);
#8140=FACE_BOUND('',#7613,.T.);
#8141=FACE_BOUND('',#7614,.T.);
#8142=FACE_BOUND('',#7615,.T.);
#8143=FACE_BOUND('',#7616,.T.);
#8144=FACE_BOUND('',#7617,.T.);
#8145=FACE_BOUND('',#7618,.T.);
#8146=FACE_BOUND('',#7619,.T.);
#8147=FACE_BOUND('',#7620,.T.);
#8148=FACE_BOUND('',#7621,.T.);
#8149=FACE_BOUND('',#7622,.T.);
#8150=FACE_BOUND('',#7623,.T.);
#8151=FACE_BOUND('',#7624,.T.);
#8152=FACE_BOUND('',#7625,.T.);
#8153=FACE_BOUND('',#7626,.T.);
#8154=FACE_BOUND('',#7627,.T.);
#8155=FACE_BOUND('',#7628,.T.);
#8156=FACE_BOUND('',#7629,.T.);
#8157=FACE_BOUND('',#7630,.T.);
#8158=FACE_BOUND('',#7631,.T.);
#8159=FACE_BOUND('',#7632,.T.);
#8160=FACE_BOUND('',#7633,.T.);
#8161=FACE_BOUND('',#7634,.T.);
#8162=FACE_BOUND('',#7635,.T.);
#8163=FACE_BOUND('',#7636,.T.);
#8164=FACE_BOUND('',#7637,.T.);
#8165=FACE_BOUND('',#7638,.T.);
#8166=FACE_BOUND('',#7639,.T.);
#8167=FACE_BOUND('',#7640,.T.);
#8168=FACE_BOUND('',#7641,.T.);
#8169=FACE_BOUND('',#7642,.T.);
#8170=FACE_BOUND('',#7643,.T.);
#8171=FACE_BOUND('',#7644,.T.);
#8172=FACE_BOUND('',#7645,.T.);
#8173=FACE_BOUND('',#7646,.T.);
#8174=FACE_BOUND('',#7647,.T.);
#8175=FACE_BOUND('',#7648,.T.);
#8176=FACE_BOUND('',#7649,.T.);
#8177=FACE_BOUND('',#7650,.T.);
#8178=FACE_BOUND('',#7651,.T.);
#8179=FACE_BOUND('',#7652,.T.);
#8180=FACE_BOUND('',#7653,.T.);
#8181=FACE_BOUND('',#7654,.T.);
#8182=FACE_BOUND('',#7655,.T.);
#8183=FACE_BOUND('',#7656,.T.);
#8184=FACE_BOUND('',#7657,.T.);
#8185=FACE_BOUND('',#7658,.T.);
#8186=FACE_BOUND('',#7659,.T.);
#8187=FACE_BOUND('',#7660,.T.);
#8188=FACE_BOUND('',#7661,.T.);
#8189=FACE_BOUND('',#7662,.T.);
#8190=FACE_BOUND('',#7663,.T.);
#8191=FACE_BOUND('',#7664,.T.);
#8192=FACE_BOUND('',#7665,.T.);
#8193=FACE_BOUND('',#7666,.T.);
#8194=FACE_BOUND('',#7667,.T.);
#8195=FACE_BOUND('',#7668,.T.);
#8196=FACE_BOUND('',#7669,.T.);
#8197=FACE_BOUND('',#7670,.T.);
#8198=FACE_BOUND('',#7671,.T.);
#8199=FACE_BOUND('',#7672,.T.);
#8200=FACE_BOUND('',#7673,.T.);
#8201=FACE_BOUND('',#7674,.T.);
#8202=FACE_BOUND('',#7675,.T.);
#8203=FACE_BOUND('',#7676,.T.);
#8204=FACE_BOUND('',#7677,.T.);
#8205=FACE_BOUND('',#7678,.T.);
#8206=FACE_BOUND('',#7679,.T.);
#8207=FACE_BOUND('',#7680,.T.);
#8208=FACE_BOUND('',#7681,.T.);
#8209=FACE_BOUND('',#7682,.T.);
#8210=FACE_BOUND('',#7683,.T.);
#8211=FACE_BOUND('',#7684,.T.);
#8212=FACE_BOUND('',#7685,.T.);
#8213=FACE_BOUND('',#7686,.T.);
#8214=FACE_BOUND('',#7687,.T.);
#8215=FACE_BOUND('',#7688,.T.);
#8216=FACE_BOUND('',#7689,.T.);
#8217=FACE_BOUND('',#7690,.T.);
#8218=FACE_BOUND('',#7691,.T.);
#8219=FACE_BOUND('',#7692,.T.);
#8220=FACE_BOUND('',#7693,.T.);
#8221=FACE_BOUND('',#7694,.T.);
#8222=FACE_BOUND('',#7695,.T.);
#8223=FACE_BOUND('',#7696,.T.);
#8224=FACE_BOUND('',#7697,.T.);
#8225=FACE_BOUND('',#7698,.T.);
#8226=FACE_BOUND('',#7699,.T.);
#8227=FACE_BOUND('',#7700,.T.);
#8228=FACE_BOUND('',#7701,.T.);
#8229=FACE_BOUND('',#7702,.T.);
#8230=FACE_BOUND('',#7703,.T.);
#8231=FACE_BOUND('',#7704,.T.);
#8232=FACE_BOUND('',#7705,.T.);
#8233=FACE_BOUND('',#7706,.T.);
#8234=FACE_BOUND('',#7707,.T.);
#8235=FACE_BOUND('',#7708,.T.);
#8236=FACE_BOUND('',#7709,.T.);
#8237=FACE_BOUND('',#7710,.T.);
#8238=FACE_BOUND('',#7711,.T.);
#8239=FACE_BOUND('',#7712,.T.);
#8240=FACE_BOUND('',#7713,.T.);
#8241=FACE_BOUND('',#7714,.T.);
#8242=FACE_BOUND('',#7715,.T.);
#8243=FACE_BOUND('',#7716,.T.);
#8244=FACE_BOUND('',#7717,.T.);
#8245=FACE_BOUND('',#7718,.T.);
#8246=FACE_BOUND('',#7719,.T.);
#8247=FACE_BOUND('',#7720,.T.);
#8248=FACE_BOUND('',#7721,.T.);
#8249=FACE_BOUND('',#7722,.T.);
#8250=FACE_BOUND('',#7723,.T.);
#8251=FACE_BOUND('',#7724,.T.);
#8252=FACE_BOUND('',#7725,.T.);
#8253=FACE_BOUND('',#7726,.T.);
#8254=FACE_BOUND('',#7727,.T.);
#8255=FACE_BOUND('',#7728,.T.);
#8256=FACE_BOUND('',#7729,.T.);
#8257=FACE_BOUND('',#7730,.T.);
#8258=FACE_BOUND('',#7731,.T.);
#8259=FACE_BOUND('',#7732,.T.);
#8260=FACE_BOUND('',#7733,.T.);
#8261=FACE_BOUND('',#7734,.T.);
#8262=FACE_BOUND('',#7735,.T.);
#8263=FACE_BOUND('',#7736,.T.);
#8264=FACE_BOUND('',#7737,.T.);
#8265=FACE_BOUND('',#7738,.T.);
#8266=FACE_BOUND('',#7739,.T.);
#8267=FACE_BOUND('',#7740,.T.);
#8268=FACE_BOUND('',#7741,.T.);
#8269=FACE_BOUND('',#7742,.T.);
#8270=FACE_BOUND('',#7743,.T.);
#8271=FACE_BOUND('',#7744,.T.);
#8272=FACE_BOUND('',#7745,.T.);
#8273=FACE_BOUND('',#7746,.T.);
#8274=FACE_BOUND('',#7747,.T.);
#8275=FACE_BOUND('',#7748,.T.);
#8276=FACE_BOUND('',#7749,.T.);
#8277=FACE_BOUND('',#7750,.T.);
#8278=FACE_BOUND('',#7751,.T.);
#8279=FACE_BOUND('',#7752,.T.);
#8280=FACE_BOUND('',#7753,.T.);
#8281=FACE_BOUND('',#7754,.T.);
#8282=FACE_BOUND('',#7755,.T.);
#8283=FACE_BOUND('',#7756,.T.);
#8284=FACE_BOUND('',#7757,.T.);
#8285=FACE_BOUND('',#7758,.T.);
#8286=FACE_BOUND('',#7759,.T.);
#8287=FACE_BOUND('',#7760,.T.);
#8288=FACE_BOUND('',#7761,.T.);
#8289=FACE_BOUND('',#7762,.T.);
#8290=FACE_BOUND('',#7763,.T.);
#8291=FACE_BOUND('',#7764,.T.);
#8292=FACE_BOUND('',#7765,.T.);
#8293=FACE_BOUND('',#7766,.T.);
#8294=FACE_BOUND('',#7767,.T.);
#8295=FACE_BOUND('',#7768,.T.);
#8296=FACE_BOUND('',#7769,.T.);
#8297=FACE_BOUND('',#7770,.T.);
#8298=FACE_BOUND('',#7771,.T.);
#8299=FACE_BOUND('',#7772,.T.);
#8300=FACE_BOUND('',#7773,.T.);
#8301=FACE_BOUND('',#7774,.T.);
#8302=FACE_BOUND('',#7775,.T.);
#8303=FACE_BOUND('',#7776,.T.);
#8304=FACE_BOUND('',#7777,.T.);
#8305=FACE_BOUND('',#7778,.T.);
#8306=FACE_BOUND('',#7779,.T.);
#8307=FACE_BOUND('',#7780,.T.);
#8308=FACE_BOUND('',#7781,.T.);
#8309=FACE_BOUND('',#7782,.T.);
#8310=FACE_BOUND('',#7783,.T.);
#8311=FACE_BOUND('',#7784,.T.);
#8312=FACE_BOUND('',#7785,.T.);
#8313=FACE_BOUND('',#7786,.T.);
#8314=FACE_BOUND('',#7787,.T.);
#8315=FACE_BOUND('',#7788,.T.);
#8316=FACE_BOUND('',#7789,.T.);
#8317=FACE_BOUND('',#7790,.T.);
#8318=FACE_BOUND('',#7791,.T.);
#8319=FACE_BOUND('',#7792,.T.);
#8320=FACE_BOUND('',#7793,.T.);
#8321=FACE_BOUND('',#7794,.T.);
#8322=FACE_BOUND('',#7795,.T.);
#8323=FACE_BOUND('',#7796,.T.);
#8324=FACE_BOUND('',#7797,.T.);
#8325=FACE_BOUND('',#7798,.T.);
#8326=FACE_BOUND('',#7799,.T.);
#8327=FACE_BOUND('',#7800,.T.);
#8328=FACE_BOUND('',#7801,.T.);
#8329=FACE_BOUND('',#7802,.T.);
#8330=FACE_BOUND('',#7803,.T.);
#8331=FACE_BOUND('',#7804,.T.);
#8332=FACE_BOUND('',#7805,.T.);
#8333=FACE_BOUND('',#7806,.T.);
#8334=FACE_BOUND('',#7807,.T.);
#8335=FACE_BOUND('',#7808,.T.);
#8336=FACE_BOUND('',#7809,.T.);
#8337=FACE_BOUND('',#7810,.T.);
#8338=FACE_BOUND('',#7811,.T.);
#8339=FACE_BOUND('',#7812,.T.);
#8340=FACE_BOUND('',#7813,.T.);
#8341=FACE_BOUND('',#7814,.T.);
#8342=FACE_BOUND('',#7815,.T.);
#8343=FACE_BOUND('',#7816,.T.);
#8344=FACE_BOUND('',#7817,.T.);
#8345=FACE_BOUND('',#7818,.T.);
#8346=FACE_BOUND('',#7819,.T.);
#8347=FACE_BOUND('',#7820,.T.);
#8348=FACE_BOUND('',#7821,.T.);
#8349=FACE_BOUND('',#7822,.T.);
#8350=FACE_BOUND('',#7823,.T.);
#8351=FACE_BOUND('',#7824,.T.);
#8352=FACE_BOUND('',#7825,.T.);
#8353=FACE_BOUND('',#7826,.T.);
#8354=FACE_BOUND('',#7827,.T.);
#8355=FACE_BOUND('',#7828,.T.);
#8356=FACE_BOUND('',#7829,.T.);
#8357=FACE_BOUND('',#7830,.T.);
#8358=FACE_BOUND('',#7831,.T.);
#8359=FACE_BOUND('',#7832,.T.);
#8360=FACE_BOUND('',#7833,.T.);
#8361=FACE_BOUND('',#7834,.T.);
#8362=FACE_BOUND('',#7835,.T.);
#8363=FACE_BOUND('',#7836,.T.);
#8364=FACE_BOUND('',#7837,.T.);
#8365=FACE_BOUND('',#7838,.T.);
#8366=FACE_BOUND('',#7839,.T.);
#8367=FACE_BOUND('',#7840,.T.);
#8368=FACE_BOUND('',#7841,.T.);
#8369=FACE_BOUND('',#7842,.T.);
#8370=FACE_BOUND('',#7843,.T.);
#8371=FACE_BOUND('',#7844,.T.);
#8372=FACE_BOUND('',#7845,.T.);
#8373=FACE_BOUND('',#7846,.T.);
#8374=FACE_BOUND('',#7847,.T.);
#8375=FACE_BOUND('',#7848,.T.);
#8376=FACE_BOUND('',#7849,.T.);
#8377=FACE_BOUND('',#7850,.T.);
#8378=FACE_BOUND('',#7851,.T.);
#8379=FACE_BOUND('',#7852,.T.);
#8380=FACE_BOUND('',#7853,.T.);
#8381=FACE_BOUND('',#7854,.T.);
#8382=FACE_BOUND('',#7855,.T.);
#8383=FACE_BOUND('',#7856,.T.);
#8384=FACE_BOUND('',#7857,.T.);
#8385=FACE_BOUND('',#7858,.T.);
#8386=FACE_BOUND('',#7859,.T.);
#8387=FACE_BOUND('',#7860,.T.);
#8388=FACE_BOUND('',#7861,.T.);
#8389=FACE_BOUND('',#7862,.T.);
#8390=FACE_BOUND('',#7863,.T.);
#8391=FACE_BOUND('',#7864,.T.);
#8392=FACE_BOUND('',#7865,.T.);
#8393=FACE_BOUND('',#7866,.T.);
#8394=FACE_BOUND('',#7867,.T.);
#8395=FACE_BOUND('',#7868,.T.);
#8396=FACE_BOUND('',#7869,.T.);
#8397=FACE_BOUND('',#7870,.T.);
#8398=FACE_BOUND('',#7871,.T.);
#8399=FACE_BOUND('',#7872,.T.);
#8400=FACE_BOUND('',#7873,.T.);
#8401=FACE_BOUND('',#7874,.T.);
#8402=FACE_BOUND('',#7875,.T.);
#8403=FACE_BOUND('',#7876,.T.);
#8404=FACE_BOUND('',#7877,.T.);
#8405=FACE_BOUND('',#7878,.T.);
#8406=FACE_BOUND('',#7879,.T.);
#8407=FACE_BOUND('',#7880,.T.);
#8408=FACE_BOUND('',#7881,.T.);
#8409=FACE_BOUND('',#7882,.T.);
#8410=FACE_BOUND('',#7883,.T.);
#8411=FACE_BOUND('',#7884,.T.);
#8412=FACE_BOUND('',#7885,.T.);
#8413=FACE_BOUND('',#7886,.T.);
#8414=FACE_BOUND('',#7887,.T.);
#8415=FACE_BOUND('',#7888,.T.);
#8416=FACE_BOUND('',#7889,.T.);
#8417=FACE_BOUND('',#7890,.T.);
#8418=FACE_BOUND('',#7891,.T.);
#8419=FACE_BOUND('',#7892,.T.);
#8420=FACE_BOUND('',#7893,.T.);
#8421=FACE_BOUND('',#7894,.T.);
#8422=FACE_BOUND('',#7895,.T.);
#8423=FACE_BOUND('',#7896,.T.);
#8424=FACE_BOUND('',#7897,.T.);
#8425=FACE_BOUND('',#7898,.T.);
#8426=FACE_BOUND('',#7899,.T.);
#8427=FACE_BOUND('',#7900,.T.);
#8428=FACE_BOUND('',#7901,.T.);
#8429=FACE_BOUND('',#7902,.T.);
#8430=FACE_BOUND('',#7903,.T.);
#8431=FACE_BOUND('',#7904,.T.);
#8432=FACE_BOUND('',#7905,.T.);
#8433=FACE_BOUND('',#7906,.T.);
#8434=FACE_BOUND('',#7907,.T.);
#8435=FACE_BOUND('',#7908,.T.);
#8436=FACE_BOUND('',#7909,.T.);
#8437=FACE_BOUND('',#7910,.T.);
#8438=FACE_BOUND('',#7911,.T.);
#8439=FACE_BOUND('',#7912,.T.);
#8440=FACE_BOUND('',#7913,.T.);
#8441=FACE_BOUND('',#7914,.T.);
#8442=FACE_BOUND('',#7915,.T.);
#8443=FACE_BOUND('',#7916,.T.);
#8444=FACE_BOUND('',#7917,.T.);
#8445=FACE_BOUND('',#7918,.T.);
#8446=FACE_BOUND('',#7919,.T.);
#8447=FACE_BOUND('',#7920,.T.);
#8448=FACE_BOUND('',#7921,.T.);
#8449=FACE_BOUND('',#7922,.T.);
#8450=FACE_BOUND('',#7923,.T.);
#8451=FACE_BOUND('',#7924,.T.);
#8452=FACE_BOUND('',#7925,.T.);
#8453=FACE_BOUND('',#7926,.T.);
#8454=FACE_BOUND('',#7927,.T.);
#8455=FACE_BOUND('',#7928,.T.);
#8456=FACE_BOUND('',#7929,.T.);
#8457=FACE_BOUND('',#7930,.T.);
#8458=FACE_BOUND('',#7931,.T.);
#8459=FACE_BOUND('',#7932,.T.);
#8460=FACE_BOUND('',#7933,.T.);
#8461=FACE_BOUND('',#7934,.T.);
#8462=FACE_BOUND('',#7935,.T.);
#8463=FACE_BOUND('',#7936,.T.);
#8464=FACE_BOUND('',#7937,.T.);
#8465=FACE_BOUND('',#7938,.T.);
#8466=FACE_BOUND('',#7939,.T.);
#8467=FACE_BOUND('',#7940,.T.);
#8468=FACE_BOUND('',#7941,.T.);
#8469=FACE_BOUND('',#7942,.T.);
#8470=FACE_BOUND('',#7943,.T.);
#8471=FACE_BOUND('',#7944,.T.);
#8472=FACE_BOUND('',#7945,.T.);
#8473=FACE_BOUND('',#7946,.T.);
#8474=FACE_BOUND('',#7947,.T.);
#8475=FACE_BOUND('',#7948,.T.);
#8476=FACE_BOUND('',#7949,.T.);
#8477=FACE_BOUND('',#7950,.T.);
#8478=FACE_BOUND('',#7951,.T.);
#8479=FACE_BOUND('',#7952,.T.);
#8480=FACE_BOUND('',#7953,.T.);
#8481=FACE_BOUND('',#7954,.T.);
#8482=FACE_BOUND('',#7955,.T.);
#8483=FACE_BOUND('',#7956,.T.);
#8484=FACE_BOUND('',#7957,.T.);
#8485=FACE_BOUND('',#7958,.T.);
#8486=FACE_BOUND('',#7959,.T.);
#8487=FACE_BOUND('',#7960,.T.);
#8488=FACE_BOUND('',#7961,.T.);
#8489=FACE_BOUND('',#7962,.T.);
#8490=FACE_BOUND('',#7963,.T.);
#8491=FACE_BOUND('',#7964,.T.);
#8492=FACE_BOUND('',#7965,.T.);
#8493=FACE_BOUND('',#7966,.T.);
#8494=FACE_BOUND('',#7967,.T.);
#8495=FACE_BOUND('',#7968,.T.);
#8496=FACE_BOUND('',#7969,.T.);
#8497=FACE_BOUND('',#7970,.T.);
#8498=FACE_BOUND('',#7971,.T.);
#8499=FACE_BOUND('',#7972,.T.);
#8500=FACE_BOUND('',#7973,.T.);
#8501=FACE_BOUND('',#7974,.T.);
#8502=FACE_BOUND('',#7975,.T.);
#8503=FACE_BOUND('',#7976,.T.);
#8504=FACE_BOUND('',#7977,.T.);
#8505=FACE_BOUND('',#7978,.T.);
#8506=FACE_BOUND('',#7979,.T.);
#8507=FACE_BOUND('',#7980,.T.);
#8508=FACE_BOUND('',#7981,.T.);
#8509=FACE_BOUND('',#7982,.T.);
#8510=FACE_BOUND('',#7983,.T.);
#8511=FACE_BOUND('',#7984,.T.);
#8512=FACE_BOUND('',#7985,.T.);
#8513=FACE_BOUND('',#7986,.T.);
#8514=FACE_BOUND('',#7987,.T.);
#8515=FACE_BOUND('',#7988,.T.);
#8516=FACE_BOUND('',#7989,.T.);
#8517=FACE_BOUND('',#7990,.T.);
#8518=FACE_BOUND('',#7991,.T.);
#8519=FACE_BOUND('',#7992,.T.);
#8520=PLANE('',#9326);
#8521=PLANE('',#9327);
#8522=PLANE('',#9328);
#8523=PLANE('',#9329);
#8524=PLANE('',#9330);
#8525=PLANE('',#9331);
#8526=PLANE('',#9332);
#8527=PLANE('',#9333);
#8528=PLANE('',#9334);
#8529=PLANE('',#9341);
#8530=PLANE('',#9345);
#8531=PLANE('',#9349);
#8532=PLANE('',#9357);
#8533=PLANE('',#9367);
#8534=PLANE('',#9368);
#8535=PLANE('',#9369);
#8536=PLANE('',#9370);
#8537=PLANE('',#9371);
#8538=PLANE('',#9372);
#8539=PLANE('',#9373);
#8540=PLANE('',#9374);
#8541=PLANE('',#9375);
#8542=PLANE('',#9376);
#8543=PLANE('',#9377);
#8544=PLANE('',#9378);
#8545=PLANE('',#9379);
#8546=PLANE('',#9380);
#8547=PLANE('',#9381);
#8548=PLANE('',#9382);
#8549=PLANE('',#9383);
#8550=PLANE('',#9384);
#8551=PLANE('',#9385);
#8552=PLANE('',#9386);
#8553=PLANE('',#9387);
#8554=PLANE('',#9388);
#8555=PLANE('',#9389);
#8556=PLANE('',#9390);
#8557=PLANE('',#9391);
#8558=PLANE('',#9392);
#8559=PLANE('',#9393);
#8560=PLANE('',#9394);
#8561=PLANE('',#9395);
#8562=PLANE('',#9396);
#8563=PLANE('',#9397);
#8564=PLANE('',#9398);
#8565=PLANE('',#9399);
#8566=PLANE('',#9400);
#8567=PLANE('',#9401);
#8568=PLANE('',#9402);
#8569=PLANE('',#9403);
#8570=PLANE('',#9404);
#8571=PLANE('',#9405);
#8572=PLANE('',#9406);
#8573=PLANE('',#9407);
#8574=PLANE('',#9408);
#8575=PLANE('',#9409);
#8576=PLANE('',#9410);
#8577=PLANE('',#9411);
#8578=PLANE('',#9412);
#8579=PLANE('',#9413);
#8580=PLANE('',#9414);
#8581=PLANE('',#9415);
#8582=PLANE('',#9416);
#8583=PLANE('',#9417);
#8584=PLANE('',#9418);
#8585=PLANE('',#9419);
#8586=PLANE('',#9420);
#8587=PLANE('',#9421);
#8588=PLANE('',#9422);
#8589=PLANE('',#9423);
#8590=PLANE('',#9424);
#8591=PLANE('',#9425);
#8592=PLANE('',#9426);
#8593=PLANE('',#9427);
#8594=PLANE('',#9428);
#8595=PLANE('',#9429);
#8596=PLANE('',#9430);
#8597=PLANE('',#9431);
#8598=PLANE('',#9432);
#8599=PLANE('',#9433);
#8600=PLANE('',#9434);
#8601=PLANE('',#9435);
#8602=PLANE('',#9436);
#8603=PLANE('',#9437);
#8604=PLANE('',#9438);
#8605=PLANE('',#9439);
#8606=PLANE('',#9440);
#8607=PLANE('',#9441);
#8608=PLANE('',#9442);
#8609=PLANE('',#9443);
#8610=PLANE('',#9444);
#8611=PLANE('',#9445);
#8612=PLANE('',#9446);
#8613=PLANE('',#9447);
#8614=PLANE('',#9448);
#8615=PLANE('',#9449);
#8616=PLANE('',#9450);
#8617=PLANE('',#9451);
#8618=PLANE('',#9452);
#8619=PLANE('',#9453);
#8620=PLANE('',#9454);
#8621=PLANE('',#9455);
#8622=PLANE('',#9456);
#8623=PLANE('',#9457);
#8624=PLANE('',#9458);
#8625=PLANE('',#9459);
#8626=PLANE('',#9462);
#8627=PLANE('',#9463);
#8628=PLANE('',#9464);
#8629=PLANE('',#9465);
#8630=PLANE('',#9466);
#8631=PLANE('',#9467);
#8632=PLANE('',#9468);
#8633=PLANE('',#9469);
#8634=PLANE('',#9470);
#8635=PLANE('',#9471);
#8636=PLANE('',#9472);
#8637=PLANE('',#9473);
#8638=PLANE('',#9474);
#8639=PLANE('',#9475);
#8640=PLANE('',#9476);
#8641=PLANE('',#9477);
#8642=PLANE('',#9478);
#8643=PLANE('',#9479);
#8644=PLANE('',#9480);
#8645=PLANE('',#9481);
#8646=PLANE('',#9482);
#8647=PLANE('',#9483);
#8648=PLANE('',#9484);
#8649=PLANE('',#9485);
#8650=PLANE('',#9486);
#8651=PLANE('',#9487);
#8652=PLANE('',#9488);
#8653=PLANE('',#9489);
#8654=PLANE('',#9490);
#8655=PLANE('',#9491);
#8656=PLANE('',#9492);
#8657=PLANE('',#9493);
#8658=PLANE('',#9494);
#8659=PLANE('',#9495);
#8660=PLANE('',#9496);
#8661=PLANE('',#9497);
#8662=PLANE('',#9498);
#8663=PLANE('',#9499);
#8664=PLANE('',#9500);
#8665=PLANE('',#9501);
#8666=PLANE('',#9502);
#8667=PLANE('',#9503);
#8668=PLANE('',#9504);
#8669=PLANE('',#9505);
#8670=PLANE('',#9506);
#8671=PLANE('',#9507);
#8672=PLANE('',#9508);
#8673=PLANE('',#9509);
#8674=PLANE('',#9510);
#8675=PLANE('',#9511);
#8676=PLANE('',#9512);
#8677=PLANE('',#9513);
#8678=PLANE('',#9514);
#8679=PLANE('',#9515);
#8680=PLANE('',#9516);
#8681=PLANE('',#9517);
#8682=PLANE('',#9518);
#8683=PLANE('',#9519);
#8684=PLANE('',#9520);
#8685=PLANE('',#9521);
#8686=PLANE('',#9522);
#8687=PLANE('',#9523);
#8688=PLANE('',#9524);
#8689=PLANE('',#9525);
#8690=PLANE('',#9526);
#8691=PLANE('',#9527);
#8692=PLANE('',#9528);
#8693=PLANE('',#9529);
#8694=PLANE('',#9530);
#8695=PLANE('',#9531);
#8696=PLANE('',#9532);
#8697=PLANE('',#9533);
#8698=PLANE('',#9534);
#8699=PLANE('',#9535);
#8700=PLANE('',#9536);
#8701=PLANE('',#9541);
#8702=PLANE('',#9542);
#8703=PLANE('',#9543);
#8704=PLANE('',#9544);
#8705=PLANE('',#9545);
#8706=PLANE('',#9546);
#8707=PLANE('',#9547);
#8708=PLANE('',#9548);
#8709=PLANE('',#9549);
#8710=PLANE('',#9550);
#8711=PLANE('',#9551);
#8712=PLANE('',#9552);
#8713=PLANE('',#9553);
#8714=PLANE('',#9554);
#8715=PLANE('',#9555);
#8716=PLANE('',#9556);
#8717=PLANE('',#9557);
#8718=PLANE('',#9558);
#8719=PLANE('',#9559);
#8720=PLANE('',#9560);
#8721=PLANE('',#9561);
#8722=PLANE('',#9562);
#8723=PLANE('',#9563);
#8724=PLANE('',#9564);
#8725=PLANE('',#9565);
#8726=PLANE('',#9566);
#8727=PLANE('',#9567);
#8728=PLANE('',#9568);
#8729=PLANE('',#9569);
#8730=PLANE('',#9570);
#8731=PLANE('',#9571);
#8732=PLANE('',#9572);
#8733=PLANE('',#9573);
#8734=PLANE('',#9574);
#8735=PLANE('',#9575);
#8736=PLANE('',#9576);
#8737=PLANE('',#9577);
#8738=PLANE('',#9578);
#8739=PLANE('',#9579);
#8740=PLANE('',#9580);
#8741=PLANE('',#9583);
#8742=PLANE('',#9584);
#8743=PLANE('',#9585);
#8744=PLANE('',#9586);
#8745=PLANE('',#9587);
#8746=PLANE('',#9588);
#8747=PLANE('',#9589);
#8748=PLANE('',#9590);
#8749=PLANE('',#9591);
#8750=PLANE('',#9592);
#8751=PLANE('',#9593);
#8752=PLANE('',#9596);
#8753=PLANE('',#9597);
#8754=PLANE('',#9600);
#8755=PLANE('',#9601);
#8756=PLANE('',#9602);
#8757=PLANE('',#9607);
#8758=PLANE('',#9608);
#8759=PLANE('',#9609);
#8760=PLANE('',#9610);
#8761=PLANE('',#9611);
#8762=PLANE('',#9612);
#8763=PLANE('',#9613);
#8764=PLANE('',#9614);
#8765=PLANE('',#9615);
#8766=PLANE('',#9616);
#8767=PLANE('',#9617);
#8768=PLANE('',#9620);
#8769=PLANE('',#9621);
#8770=PLANE('',#9622);
#8771=PLANE('',#9623);
#8772=PLANE('',#9625);
#8773=PLANE('',#9626);
#8774=PLANE('',#9627);
#8775=PLANE('',#9628);
#8776=PLANE('',#9629);
#8777=PLANE('',#9630);
#8778=PLANE('',#9631);
#8779=PLANE('',#9632);
#8780=PLANE('',#9633);
#8781=PLANE('',#9636);
#8782=PLANE('',#9642);
#8783=PLANE('',#9643);
#8784=PLANE('',#9644);
#8785=PLANE('',#9645);
#8786=PLANE('',#9646);
#8787=PLANE('',#9647);
#8788=ADVANCED_FACE('',(#7993),#8520,.T.);
#8789=ADVANCED_FACE('',(#7994),#8521,.T.);
#8790=ADVANCED_FACE('',(#7995),#8522,.F.);
#8791=ADVANCED_FACE('',(#7996),#8523,.F.);
#8792=ADVANCED_FACE('',(#7997),#8524,.F.);
#8793=ADVANCED_FACE('',(#7998),#8525,.F.);
#8794=ADVANCED_FACE('',(#7999),#8526,.T.);
#8795=ADVANCED_FACE('',(#8000),#8527,.T.);
#8796=ADVANCED_FACE('',(#8001),#8528,.T.);
#8797=ADVANCED_FACE('',(#8002,#8003),#664,.F.);
#8798=ADVANCED_FACE('',(#8004,#8005),#665,.F.);
#8799=ADVANCED_FACE('',(#8006),#8529,.T.);
#8800=ADVANCED_FACE('',(#8007,#8008),#666,.F.);
#8801=ADVANCED_FACE('',(#8009,#8010,#8011,#8012),#8530,.T.);
#8802=ADVANCED_FACE('',(#8013,#8014,#8015,#8016),#8531,.F.);
#8803=ADVANCED_FACE('',(#8017),#667,.T.);
#8804=ADVANCED_FACE('',(#8018),#668,.T.);
#8805=ADVANCED_FACE('',(#8019),#669,.T.);
#8806=ADVANCED_FACE('',(#8020,#8021,#8022,#8023,#8024,#8025,#8026,#8027,
#8028,#8029,#8030,#8031,#8032,#8033,#8034,#8035,#8036,#8037,#8038,#8039),
#8532,.F.);
#8807=ADVANCED_FACE('',(#8040),#8533,.F.);
#8808=ADVANCED_FACE('',(#8041),#8534,.F.);
#8809=ADVANCED_FACE('',(#8042),#8535,.F.);
#8810=ADVANCED_FACE('',(#8043),#8536,.T.);
#8811=ADVANCED_FACE('',(#8044),#8537,.F.);
#8812=ADVANCED_FACE('',(#8045),#8538,.F.);
#8813=ADVANCED_FACE('',(#8046),#8539,.F.);
#8814=ADVANCED_FACE('',(#8047),#8540,.T.);
#8815=ADVANCED_FACE('',(#8048),#8541,.F.);
#8816=ADVANCED_FACE('',(#8049),#8542,.F.);
#8817=ADVANCED_FACE('',(#8050),#8543,.F.);
#8818=ADVANCED_FACE('',(#8051),#8544,.F.);
#8819=ADVANCED_FACE('',(#8052),#8545,.F.);
#8820=ADVANCED_FACE('',(#8053),#8546,.T.);
#8821=ADVANCED_FACE('',(#8054),#8547,.F.);
#8822=ADVANCED_FACE('',(#8055),#8548,.F.);
#8823=ADVANCED_FACE('',(#8056),#8549,.F.);
#8824=ADVANCED_FACE('',(#8057),#8550,.T.);
#8825=ADVANCED_FACE('',(#8058),#10,.T.);
#8826=ADVANCED_FACE('',(#8059),#8551,.T.);
#8827=ADVANCED_FACE('',(#8060),#11,.T.);
#8828=ADVANCED_FACE('',(#8061),#8552,.T.);
#8829=ADVANCED_FACE('',(#8062),#12,.T.);
#8830=ADVANCED_FACE('',(#8063),#8553,.T.);
#8831=ADVANCED_FACE('',(#8064),#13,.T.);
#8832=ADVANCED_FACE('',(#8065),#8554,.T.);
#8833=ADVANCED_FACE('',(#8066),#8555,.T.);
#8834=ADVANCED_FACE('',(#8067),#8556,.T.);
#8835=ADVANCED_FACE('',(#8068),#14,.T.);
#8836=ADVANCED_FACE('',(#8069),#8557,.T.);
#8837=ADVANCED_FACE('',(#8070),#15,.T.);
#8838=ADVANCED_FACE('',(#8071),#8558,.T.);
#8839=ADVANCED_FACE('',(#8072),#8559,.F.);
#8840=ADVANCED_FACE('',(#8073),#16,.T.);
#8841=ADVANCED_FACE('',(#8074),#8560,.T.);
#8842=ADVANCED_FACE('',(#8075),#17,.T.);
#8843=ADVANCED_FACE('',(#8076),#18,.T.);
#8844=ADVANCED_FACE('',(#8077),#8561,.T.);
#8845=ADVANCED_FACE('',(#8078),#19,.T.);
#8846=ADVANCED_FACE('',(#8079),#20,.T.);
#8847=ADVANCED_FACE('',(#8080),#8562,.T.);
#8848=ADVANCED_FACE('',(#8081),#21,.T.);
#8849=ADVANCED_FACE('',(#8082),#22,.T.);
#8850=ADVANCED_FACE('',(#8083),#8563,.T.);
#8851=ADVANCED_FACE('',(#8084),#23,.T.);
#8852=ADVANCED_FACE('',(#8085),#24,.T.);
#8853=ADVANCED_FACE('',(#8086),#8564,.T.);
#8854=ADVANCED_FACE('',(#8087),#25,.T.);
#8855=ADVANCED_FACE('',(#8088),#26,.T.);
#8856=ADVANCED_FACE('',(#8089),#8565,.T.);
#8857=ADVANCED_FACE('',(#8090),#27,.T.);
#8858=ADVANCED_FACE('',(#8091),#28,.T.);
#8859=ADVANCED_FACE('',(#8092),#8566,.T.);
#8860=ADVANCED_FACE('',(#8093),#29,.T.);
#8861=ADVANCED_FACE('',(#8094),#8567,.T.);
#8862=ADVANCED_FACE('',(#8095),#30,.T.);
#8863=ADVANCED_FACE('',(#8096),#31,.T.);
#8864=ADVANCED_FACE('',(#8097),#8568,.T.);
#8865=ADVANCED_FACE('',(#8098),#32,.T.);
#8866=ADVANCED_FACE('',(#8099),#33,.T.);
#8867=ADVANCED_FACE('',(#8100),#34,.T.);
#8868=ADVANCED_FACE('',(#8101),#8569,.T.);
#8869=ADVANCED_FACE('',(#8102),#35,.T.);
#8870=ADVANCED_FACE('',(#8103),#36,.T.);
#8871=ADVANCED_FACE('',(#8104),#8570,.T.);
#8872=ADVANCED_FACE('',(#8105),#8571,.T.);
#8873=ADVANCED_FACE('',(#8106),#8572,.T.);
#8874=ADVANCED_FACE('',(#8107,#8108,#8109),#8573,.F.);
#8875=ADVANCED_FACE('',(#8110),#8574,.F.);
#8876=ADVANCED_FACE('',(#8111),#37,.T.);
#8877=ADVANCED_FACE('',(#8112),#8575,.T.);
#8878=ADVANCED_FACE('',(#8113),#38,.T.);
#8879=ADVANCED_FACE('',(#8114),#8576,.T.);
#8880=ADVANCED_FACE('',(#8115),#39,.T.);
#8881=ADVANCED_FACE('',(#8116),#8577,.T.);
#8882=ADVANCED_FACE('',(#8117),#40,.T.);
#8883=ADVANCED_FACE('',(#8118),#8578,.T.);
#8884=ADVANCED_FACE('',(#8119),#41,.T.);
#8885=ADVANCED_FACE('',(#8120),#8579,.T.);
#8886=ADVANCED_FACE('',(#8121),#42,.T.);
#8887=ADVANCED_FACE('',(#8122),#43,.T.);
#8888=ADVANCED_FACE('',(#8123),#8580,.T.);
#8889=ADVANCED_FACE('',(#8124),#8581,.T.);
#8890=ADVANCED_FACE('',(#8125),#8582,.T.);
#8891=ADVANCED_FACE('',(#8126),#8583,.T.);
#8892=ADVANCED_FACE('',(#8127),#8584,.T.);
#8893=ADVANCED_FACE('',(#8128),#8585,.T.);
#8894=ADVANCED_FACE('',(#8129),#8586,.T.);
#8895=ADVANCED_FACE('',(#8130),#44,.T.);
#8896=ADVANCED_FACE('',(#8131,#8132),#8587,.F.);
#8897=ADVANCED_FACE('',(#8133),#8588,.F.);
#8898=ADVANCED_FACE('',(#8134),#45,.T.);
#8899=ADVANCED_FACE('',(#8135),#8589,.T.);
#8900=ADVANCED_FACE('',(#8136),#46,.T.);
#8901=ADVANCED_FACE('',(#8137),#8590,.T.);
#8902=ADVANCED_FACE('',(#8138),#47,.T.);
#8903=ADVANCED_FACE('',(#8139),#8591,.T.);
#8904=ADVANCED_FACE('',(#8140),#48,.T.);
#8905=ADVANCED_FACE('',(#8141),#8592,.T.);
#8906=ADVANCED_FACE('',(#8142),#8593,.F.);
#8907=ADVANCED_FACE('',(#8143),#49,.T.);
#8908=ADVANCED_FACE('',(#8144),#8594,.T.);
#8909=ADVANCED_FACE('',(#8145),#50,.T.);
#8910=ADVANCED_FACE('',(#8146),#8595,.T.);
#8911=ADVANCED_FACE('',(#8147),#51,.T.);
#8912=ADVANCED_FACE('',(#8148),#8596,.T.);
#8913=ADVANCED_FACE('',(#8149),#52,.T.);
#8914=ADVANCED_FACE('',(#8150),#8597,.T.);
#8915=ADVANCED_FACE('',(#8151),#8598,.F.);
#8916=ADVANCED_FACE('',(#8152),#53,.T.);
#8917=ADVANCED_FACE('',(#8153),#8599,.T.);
#8918=ADVANCED_FACE('',(#8154),#54,.T.);
#8919=ADVANCED_FACE('',(#8155),#8600,.T.);
#8920=ADVANCED_FACE('',(#8156),#55,.T.);
#8921=ADVANCED_FACE('',(#8157),#8601,.T.);
#8922=ADVANCED_FACE('',(#8158),#56,.T.);
#8923=ADVANCED_FACE('',(#8159),#8602,.T.);
#8924=ADVANCED_FACE('',(#8160),#57,.T.);
#8925=ADVANCED_FACE('',(#8161),#8603,.T.);
#8926=ADVANCED_FACE('',(#8162),#58,.T.);
#8927=ADVANCED_FACE('',(#8163),#8604,.T.);
#8928=ADVANCED_FACE('',(#8164),#59,.T.);
#8929=ADVANCED_FACE('',(#8165),#8605,.T.);
#8930=ADVANCED_FACE('',(#8166),#60,.T.);
#8931=ADVANCED_FACE('',(#8167),#8606,.T.);
#8932=ADVANCED_FACE('',(#8168),#61,.T.);
#8933=ADVANCED_FACE('',(#8169),#8607,.T.);
#8934=ADVANCED_FACE('',(#8170),#62,.T.);
#8935=ADVANCED_FACE('',(#8171),#8608,.T.);
#8936=ADVANCED_FACE('',(#8172),#63,.T.);
#8937=ADVANCED_FACE('',(#8173),#8609,.T.);
#8938=ADVANCED_FACE('',(#8174),#64,.T.);
#8939=ADVANCED_FACE('',(#8175),#8610,.T.);
#8940=ADVANCED_FACE('',(#8176),#8611,.F.);
#8941=ADVANCED_FACE('',(#8177),#65,.T.);
#8942=ADVANCED_FACE('',(#8178),#8612,.T.);
#8943=ADVANCED_FACE('',(#8179),#66,.T.);
#8944=ADVANCED_FACE('',(#8180),#8613,.T.);
#8945=ADVANCED_FACE('',(#8181),#67,.T.);
#8946=ADVANCED_FACE('',(#8182),#68,.T.);
#8947=ADVANCED_FACE('',(#8183),#8614,.T.);
#8948=ADVANCED_FACE('',(#8184),#69,.T.);
#8949=ADVANCED_FACE('',(#8185),#70,.T.);
#8950=ADVANCED_FACE('',(#8186),#8615,.T.);
#8951=ADVANCED_FACE('',(#8187),#71,.T.);
#8952=ADVANCED_FACE('',(#8188),#8616,.T.);
#8953=ADVANCED_FACE('',(#8189),#72,.T.);
#8954=ADVANCED_FACE('',(#8190),#8617,.T.);
#8955=ADVANCED_FACE('',(#8191),#73,.T.);
#8956=ADVANCED_FACE('',(#8192),#74,.T.);
#8957=ADVANCED_FACE('',(#8193),#8618,.T.);
#8958=ADVANCED_FACE('',(#8194),#75,.T.);
#8959=ADVANCED_FACE('',(#8195),#76,.T.);
#8960=ADVANCED_FACE('',(#8196),#8619,.T.);
#8961=ADVANCED_FACE('',(#8197),#8620,.F.);
#8962=ADVANCED_FACE('',(#8198),#77,.T.);
#8963=ADVANCED_FACE('',(#8199),#8621,.T.);
#8964=ADVANCED_FACE('',(#8200),#78,.T.);
#8965=ADVANCED_FACE('',(#8201),#8622,.T.);
#8966=ADVANCED_FACE('',(#8202),#79,.T.);
#8967=ADVANCED_FACE('',(#8203),#8623,.T.);
#8968=ADVANCED_FACE('',(#8204),#80,.T.);
#8969=ADVANCED_FACE('',(#8205),#8624,.T.);
#8970=ADVANCED_FACE('',(#8206),#8625,.T.);
#8971=ADVANCED_FACE('',(#8207),#81,.T.);
#8972=ADVANCED_FACE('',(#8208),#670,.F.);
#8973=ADVANCED_FACE('',(#8209),#8626,.T.);
#8974=ADVANCED_FACE('',(#8210),#82,.T.);
#8975=ADVANCED_FACE('',(#8211),#83,.T.);
#8976=ADVANCED_FACE('',(#8212),#8627,.T.);
#8977=ADVANCED_FACE('',(#8213),#84,.T.);
#8978=ADVANCED_FACE('',(#8214),#85,.T.);
#8979=ADVANCED_FACE('',(#8215),#8628,.T.);
#8980=ADVANCED_FACE('',(#8216),#86,.T.);
#8981=ADVANCED_FACE('',(#8217),#8629,.T.);
#8982=ADVANCED_FACE('',(#8218),#87,.T.);
#8983=ADVANCED_FACE('',(#8219),#8630,.T.);
#8984=ADVANCED_FACE('',(#8220),#88,.T.);
#8985=ADVANCED_FACE('',(#8221),#89,.T.);
#8986=ADVANCED_FACE('',(#8222),#8631,.T.);
#8987=ADVANCED_FACE('',(#8223),#90,.T.);
#8988=ADVANCED_FACE('',(#8224),#8632,.T.);
#8989=ADVANCED_FACE('',(#8225),#91,.T.);
#8990=ADVANCED_FACE('',(#8226),#8633,.T.);
#8991=ADVANCED_FACE('',(#8227),#92,.T.);
#8992=ADVANCED_FACE('',(#8228),#8634,.T.);
#8993=ADVANCED_FACE('',(#8229),#93,.T.);
#8994=ADVANCED_FACE('',(#8230),#94,.T.);
#8995=ADVANCED_FACE('',(#8231),#8635,.T.);
#8996=ADVANCED_FACE('',(#8232),#95,.T.);
#8997=ADVANCED_FACE('',(#8233),#8636,.T.);
#8998=ADVANCED_FACE('',(#8234),#8637,.F.);
#8999=ADVANCED_FACE('',(#8235),#96,.T.);
#9000=ADVANCED_FACE('',(#8236),#8638,.T.);
#9001=ADVANCED_FACE('',(#8237),#97,.T.);
#9002=ADVANCED_FACE('',(#8238),#8639,.T.);
#9003=ADVANCED_FACE('',(#8239),#98,.T.);
#9004=ADVANCED_FACE('',(#8240),#8640,.T.);
#9005=ADVANCED_FACE('',(#8241),#99,.T.);
#9006=ADVANCED_FACE('',(#8242),#100,.T.);
#9007=ADVANCED_FACE('',(#8243),#8641,.T.);
#9008=ADVANCED_FACE('',(#8244),#101,.T.);
#9009=ADVANCED_FACE('',(#8245),#8642,.T.);
#9010=ADVANCED_FACE('',(#8246),#102,.T.);
#9011=ADVANCED_FACE('',(#8247),#8643,.T.);
#9012=ADVANCED_FACE('',(#8248),#103,.T.);
#9013=ADVANCED_FACE('',(#8249),#8644,.T.);
#9014=ADVANCED_FACE('',(#8250),#8645,.T.);
#9015=ADVANCED_FACE('',(#8251),#8646,.T.);
#9016=ADVANCED_FACE('',(#8252),#104,.T.);
#9017=ADVANCED_FACE('',(#8253),#8647,.T.);
#9018=ADVANCED_FACE('',(#8254),#105,.T.);
#9019=ADVANCED_FACE('',(#8255),#8648,.T.);
#9020=ADVANCED_FACE('',(#8256),#106,.T.);
#9021=ADVANCED_FACE('',(#8257),#8649,.F.);
#9022=ADVANCED_FACE('',(#8258),#107,.T.);
#9023=ADVANCED_FACE('',(#8259),#8650,.T.);
#9024=ADVANCED_FACE('',(#8260),#108,.T.);
#9025=ADVANCED_FACE('',(#8261),#8651,.T.);
#9026=ADVANCED_FACE('',(#8262),#109,.T.);
#9027=ADVANCED_FACE('',(#8263),#8652,.T.);
#9028=ADVANCED_FACE('',(#8264),#110,.T.);
#9029=ADVANCED_FACE('',(#8265),#8653,.T.);
#9030=ADVANCED_FACE('',(#8266),#8654,.T.);
#9031=ADVANCED_FACE('',(#8267),#8655,.T.);
#9032=ADVANCED_FACE('',(#8268),#111,.T.);
#9033=ADVANCED_FACE('',(#8269),#8656,.T.);
#9034=ADVANCED_FACE('',(#8270),#112,.T.);
#9035=ADVANCED_FACE('',(#8271),#8657,.T.);
#9036=ADVANCED_FACE('',(#8272),#8658,.F.);
#9037=ADVANCED_FACE('',(#8273),#113,.T.);
#9038=ADVANCED_FACE('',(#8274),#8659,.T.);
#9039=ADVANCED_FACE('',(#8275),#114,.T.);
#9040=ADVANCED_FACE('',(#8276),#8660,.T.);
#9041=ADVANCED_FACE('',(#8277),#115,.T.);
#9042=ADVANCED_FACE('',(#8278),#8661,.T.);
#9043=ADVANCED_FACE('',(#8279),#116,.T.);
#9044=ADVANCED_FACE('',(#8280),#8662,.T.);
#9045=ADVANCED_FACE('',(#8281),#8663,.F.);
#9046=ADVANCED_FACE('',(#8282),#117,.T.);
#9047=ADVANCED_FACE('',(#8283),#8664,.T.);
#9048=ADVANCED_FACE('',(#8284),#118,.T.);
#9049=ADVANCED_FACE('',(#8285),#8665,.T.);
#9050=ADVANCED_FACE('',(#8286),#119,.T.);
#9051=ADVANCED_FACE('',(#8287),#8666,.T.);
#9052=ADVANCED_FACE('',(#8288),#120,.T.);
#9053=ADVANCED_FACE('',(#8289),#121,.T.);
#9054=ADVANCED_FACE('',(#8290),#8667,.T.);
#9055=ADVANCED_FACE('',(#8291),#122,.T.);
#9056=ADVANCED_FACE('',(#8292),#8668,.T.);
#9057=ADVANCED_FACE('',(#8293),#8669,.T.);
#9058=ADVANCED_FACE('',(#8294),#123,.T.);
#9059=ADVANCED_FACE('',(#8295),#8670,.T.);
#9060=ADVANCED_FACE('',(#8296),#124,.T.);
#9061=ADVANCED_FACE('',(#8297),#125,.T.);
#9062=ADVANCED_FACE('',(#8298),#8671,.T.);
#9063=ADVANCED_FACE('',(#8299),#8672,.T.);
#9064=ADVANCED_FACE('',(#8300),#126,.T.);
#9065=ADVANCED_FACE('',(#8301),#127,.T.);
#9066=ADVANCED_FACE('',(#8302),#8673,.T.);
#9067=ADVANCED_FACE('',(#8303),#128,.T.);
#9068=ADVANCED_FACE('',(#8304),#129,.T.);
#9069=ADVANCED_FACE('',(#8305),#8674,.T.);
#9070=ADVANCED_FACE('',(#8306),#130,.T.);
#9071=ADVANCED_FACE('',(#8307),#131,.T.);
#9072=ADVANCED_FACE('',(#8308),#8675,.T.);
#9073=ADVANCED_FACE('',(#8309),#132,.T.);
#9074=ADVANCED_FACE('',(#8310),#8676,.T.);
#9075=ADVANCED_FACE('',(#8311),#8677,.T.);
#9076=ADVANCED_FACE('',(#8312,#8313),#8678,.F.);
#9077=ADVANCED_FACE('',(#8314),#8679,.F.);
#9078=ADVANCED_FACE('',(#8315),#133,.T.);
#9079=ADVANCED_FACE('',(#8316),#8680,.T.);
#9080=ADVANCED_FACE('',(#8317),#134,.T.);
#9081=ADVANCED_FACE('',(#8318),#8681,.T.);
#9082=ADVANCED_FACE('',(#8319),#135,.T.);
#9083=ADVANCED_FACE('',(#8320),#8682,.T.);
#9084=ADVANCED_FACE('',(#8321),#136,.T.);
#9085=ADVANCED_FACE('',(#8322),#8683,.T.);
#9086=ADVANCED_FACE('',(#8323),#137,.T.);
#9087=ADVANCED_FACE('',(#8324),#8684,.T.);
#9088=ADVANCED_FACE('',(#8325),#138,.T.);
#9089=ADVANCED_FACE('',(#8326),#139,.T.);
#9090=ADVANCED_FACE('',(#8327),#8685,.T.);
#9091=ADVANCED_FACE('',(#8328),#8686,.T.);
#9092=ADVANCED_FACE('',(#8329),#8687,.T.);
#9093=ADVANCED_FACE('',(#8330),#8688,.T.);
#9094=ADVANCED_FACE('',(#8331),#8689,.T.);
#9095=ADVANCED_FACE('',(#8332),#8690,.T.);
#9096=ADVANCED_FACE('',(#8333),#8691,.T.);
#9097=ADVANCED_FACE('',(#8334),#140,.T.);
#9098=ADVANCED_FACE('',(#8335,#8336),#8692,.F.);
#9099=ADVANCED_FACE('',(#8337),#8693,.F.);
#9100=ADVANCED_FACE('',(#8338),#141,.T.);
#9101=ADVANCED_FACE('',(#8339),#8694,.T.);
#9102=ADVANCED_FACE('',(#8340),#142,.T.);
#9103=ADVANCED_FACE('',(#8341),#143,.T.);
#9104=ADVANCED_FACE('',(#8342),#8695,.T.);
#9105=ADVANCED_FACE('',(#8343),#144,.T.);
#9106=ADVANCED_FACE('',(#8344),#145,.T.);
#9107=ADVANCED_FACE('',(#8345),#8696,.T.);
#9108=ADVANCED_FACE('',(#8346),#146,.T.);
#9109=ADVANCED_FACE('',(#8347),#147,.T.);
#9110=ADVANCED_FACE('',(#8348),#8697,.T.);
#9111=ADVANCED_FACE('',(#8349),#148,.T.);
#9112=ADVANCED_FACE('',(#8350),#8698,.T.);
#9113=ADVANCED_FACE('',(#8351),#149,.T.);
#9114=ADVANCED_FACE('',(#8352),#8699,.T.);
#9115=ADVANCED_FACE('',(#8353),#8700,.T.);
#9116=ADVANCED_FACE('',(#8354),#671,.F.);
#9117=ADVANCED_FACE('',(#8355),#672,.F.);
#9118=ADVANCED_FACE('',(#8356),#8701,.T.);
#9119=ADVANCED_FACE('',(#8357),#150,.T.);
#9120=ADVANCED_FACE('',(#8358),#151,.T.);
#9121=ADVANCED_FACE('',(#8359),#8702,.T.);
#9122=ADVANCED_FACE('',(#8360),#152,.T.);
#9123=ADVANCED_FACE('',(#8361),#153,.T.);
#9124=ADVANCED_FACE('',(#8362),#8703,.T.);
#9125=ADVANCED_FACE('',(#8363),#8704,.T.);
#9126=ADVANCED_FACE('',(#8364,#8365),#8705,.F.);
#9127=ADVANCED_FACE('',(#8366),#154,.T.);
#9128=ADVANCED_FACE('',(#8367),#8706,.T.);
#9129=ADVANCED_FACE('',(#8368),#155,.T.);
#9130=ADVANCED_FACE('',(#8369),#156,.T.);
#9131=ADVANCED_FACE('',(#8370),#8707,.T.);
#9132=ADVANCED_FACE('',(#8371),#157,.T.);
#9133=ADVANCED_FACE('',(#8372),#158,.T.);
#9134=ADVANCED_FACE('',(#8373),#8708,.T.);
#9135=ADVANCED_FACE('',(#8374),#159,.T.);
#9136=ADVANCED_FACE('',(#8375),#160,.T.);
#9137=ADVANCED_FACE('',(#8376),#8709,.T.);
#9138=ADVANCED_FACE('',(#8377),#161,.T.);
#9139=ADVANCED_FACE('',(#8378),#8710,.T.);
#9140=ADVANCED_FACE('',(#8379),#162,.T.);
#9141=ADVANCED_FACE('',(#8380),#8711,.T.);
#9142=ADVANCED_FACE('',(#8381),#163,.T.);
#9143=ADVANCED_FACE('',(#8382),#164,.T.);
#9144=ADVANCED_FACE('',(#8383),#8712,.T.);
#9145=ADVANCED_FACE('',(#8384),#165,.T.);
#9146=ADVANCED_FACE('',(#8385),#8713,.T.);
#9147=ADVANCED_FACE('',(#8386),#166,.T.);
#9148=ADVANCED_FACE('',(#8387),#8714,.T.);
#9149=ADVANCED_FACE('',(#8388),#167,.T.);
#9150=ADVANCED_FACE('',(#8389),#8715,.T.);
#9151=ADVANCED_FACE('',(#8390),#168,.T.);
#9152=ADVANCED_FACE('',(#8391),#169,.T.);
#9153=ADVANCED_FACE('',(#8392),#8716,.T.);
#9154=ADVANCED_FACE('',(#8393),#170,.T.);
#9155=ADVANCED_FACE('',(#8394),#171,.T.);
#9156=ADVANCED_FACE('',(#8395),#8717,.T.);
#9157=ADVANCED_FACE('',(#8396),#172,.T.);
#9158=ADVANCED_FACE('',(#8397,#8398),#8718,.F.);
#9159=ADVANCED_FACE('',(#8399),#8719,.F.);
#9160=ADVANCED_FACE('',(#8400),#173,.T.);
#9161=ADVANCED_FACE('',(#8401),#8720,.T.);
#9162=ADVANCED_FACE('',(#8402),#174,.T.);
#9163=ADVANCED_FACE('',(#8403),#8721,.T.);
#9164=ADVANCED_FACE('',(#8404),#175,.T.);
#9165=ADVANCED_FACE('',(#8405),#8722,.T.);
#9166=ADVANCED_FACE('',(#8406),#176,.T.);
#9167=ADVANCED_FACE('',(#8407),#8723,.T.);
#9168=ADVANCED_FACE('',(#8408),#177,.T.);
#9169=ADVANCED_FACE('',(#8409),#8724,.T.);
#9170=ADVANCED_FACE('',(#8410),#178,.T.);
#9171=ADVANCED_FACE('',(#8411),#8725,.T.);
#9172=ADVANCED_FACE('',(#8412),#8726,.F.);
#9173=ADVANCED_FACE('',(#8413),#179,.T.);
#9174=ADVANCED_FACE('',(#8414),#8727,.T.);
#9175=ADVANCED_FACE('',(#8415),#180,.T.);
#9176=ADVANCED_FACE('',(#8416),#8728,.T.);
#9177=ADVANCED_FACE('',(#8417),#181,.T.);
#9178=ADVANCED_FACE('',(#8418),#8729,.T.);
#9179=ADVANCED_FACE('',(#8419),#182,.T.);
#9180=ADVANCED_FACE('',(#8420),#8730,.T.);
#9181=ADVANCED_FACE('',(#8421),#183,.T.);
#9182=ADVANCED_FACE('',(#8422),#8731,.T.);
#9183=ADVANCED_FACE('',(#8423),#184,.T.);
#9184=ADVANCED_FACE('',(#8424),#185,.T.);
#9185=ADVANCED_FACE('',(#8425),#8732,.T.);
#9186=ADVANCED_FACE('',(#8426),#8733,.T.);
#9187=ADVANCED_FACE('',(#8427),#8734,.T.);
#9188=ADVANCED_FACE('',(#8428),#8735,.T.);
#9189=ADVANCED_FACE('',(#8429),#8736,.T.);
#9190=ADVANCED_FACE('',(#8430),#8737,.T.);
#9191=ADVANCED_FACE('',(#8431),#8738,.T.);
#9192=ADVANCED_FACE('',(#8432),#186,.T.);
#9193=ADVANCED_FACE('',(#8433,#8434),#8739,.F.);
#9194=ADVANCED_FACE('',(#8435),#8740,.F.);
#9195=ADVANCED_FACE('',(#8436),#673,.F.);
#9196=ADVANCED_FACE('',(#8437),#8741,.T.);
#9197=ADVANCED_FACE('',(#8438),#187,.T.);
#9198=ADVANCED_FACE('',(#8439),#188,.T.);
#9199=ADVANCED_FACE('',(#8440),#8742,.T.);
#9200=ADVANCED_FACE('',(#8441),#189,.T.);
#9201=ADVANCED_FACE('',(#8442),#190,.T.);
#9202=ADVANCED_FACE('',(#8443),#8743,.T.);
#9203=ADVANCED_FACE('',(#8444),#191,.T.);
#9204=ADVANCED_FACE('',(#8445),#8744,.T.);
#9205=ADVANCED_FACE('',(#8446),#192,.T.);
#9206=ADVANCED_FACE('',(#8447),#8745,.T.);
#9207=ADVANCED_FACE('',(#8448),#193,.T.);
#9208=ADVANCED_FACE('',(#8449),#8746,.T.);
#9209=ADVANCED_FACE('',(#8450),#8747,.T.);
#9210=ADVANCED_FACE('',(#8451),#194,.T.);
#9211=ADVANCED_FACE('',(#8452),#8748,.T.);
#9212=ADVANCED_FACE('',(#8453),#195,.T.);
#9213=ADVANCED_FACE('',(#8454),#8749,.T.);
#9214=ADVANCED_FACE('',(#8455),#196,.T.);
#9215=ADVANCED_FACE('',(#8456),#197,.T.);
#9216=ADVANCED_FACE('',(#8457),#8750,.T.);
#9217=ADVANCED_FACE('',(#8458),#198,.T.);
#9218=ADVANCED_FACE('',(#8459),#199,.T.);
#9219=ADVANCED_FACE('',(#8460),#8751,.T.);
#9220=ADVANCED_FACE('',(#8461),#674,.F.);
#9221=ADVANCED_FACE('',(#8462,#8463),#8752,.F.);
#9222=ADVANCED_FACE('',(#8464),#8753,.F.);
#9223=ADVANCED_FACE('',(#8465),#675,.F.);
#9224=ADVANCED_FACE('',(#8466),#8754,.T.);
#9225=ADVANCED_FACE('',(#8467),#200,.T.);
#9226=ADVANCED_FACE('',(#8468),#201,.T.);
#9227=ADVANCED_FACE('',(#8469),#8755,.T.);
#9228=ADVANCED_FACE('',(#8470),#202,.T.);
#9229=ADVANCED_FACE('',(#8471),#203,.T.);
#9230=ADVANCED_FACE('',(#8472),#8756,.T.);
#9231=ADVANCED_FACE('',(#8473),#676,.F.);
#9232=ADVANCED_FACE('',(#8474),#677,.F.);
#9233=ADVANCED_FACE('',(#8475),#8757,.T.);
#9234=ADVANCED_FACE('',(#8476),#8758,.T.);
#9235=ADVANCED_FACE('',(#8477),#204,.T.);
#9236=ADVANCED_FACE('',(#8478),#8759,.T.);
#9237=ADVANCED_FACE('',(#8479),#205,.T.);
#9238=ADVANCED_FACE('',(#8480),#8760,.T.);
#9239=ADVANCED_FACE('',(#8481),#206,.T.);
#9240=ADVANCED_FACE('',(#8482),#8761,.T.);
#9241=ADVANCED_FACE('',(#8483),#207,.T.);
#9242=ADVANCED_FACE('',(#8484),#8762,.T.);
#9243=ADVANCED_FACE('',(#8485),#8763,.T.);
#9244=ADVANCED_FACE('',(#8486),#208,.T.);
#9245=ADVANCED_FACE('',(#8487),#8764,.T.);
#9246=ADVANCED_FACE('',(#8488),#209,.T.);
#9247=ADVANCED_FACE('',(#8489),#8765,.T.);
#9248=ADVANCED_FACE('',(#8490),#210,.T.);
#9249=ADVANCED_FACE('',(#8491),#211,.T.);
#9250=ADVANCED_FACE('',(#8492),#8766,.T.);
#9251=ADVANCED_FACE('',(#8493),#212,.T.);
#9252=ADVANCED_FACE('',(#8494),#213,.T.);
#9253=ADVANCED_FACE('',(#8495),#8767,.T.);
#9254=ADVANCED_FACE('',(#8496),#678,.F.);
#9255=ADVANCED_FACE('',(#8497,#8498),#8768,.F.);
#9256=ADVANCED_FACE('',(#8499),#8769,.F.);
#9257=ADVANCED_FACE('',(#8500),#8770,.F.);
#9258=ADVANCED_FACE('',(#8501),#8771,.F.);
#9259=ADVANCED_FACE('',(#8502),#8772,.T.);
#9260=ADVANCED_FACE('',(#8503),#8773,.F.);
#9261=ADVANCED_FACE('',(#8504),#8774,.F.);
#9262=ADVANCED_FACE('',(#8505),#8775,.F.);
#9263=ADVANCED_FACE('',(#8506),#8776,.F.);
#9264=ADVANCED_FACE('',(#8507),#8777,.T.);
#9265=ADVANCED_FACE('',(#8508),#8778,.T.);
#9266=ADVANCED_FACE('',(#8509),#8779,.T.);
#9267=ADVANCED_FACE('',(#8510),#8780,.T.);
#9268=ADVANCED_FACE('',(#8511),#8781,.F.);
#9269=ADVANCED_FACE('',(#8512),#679,.T.);
#9270=ADVANCED_FACE('',(#8513),#680,.T.);
#9271=ADVANCED_FACE('',(#8514),#8782,.T.);
#9272=ADVANCED_FACE('',(#8515),#8783,.F.);
#9273=ADVANCED_FACE('',(#8516),#8784,.F.);
#9274=ADVANCED_FACE('',(#8517),#8785,.T.);
#9275=ADVANCED_FACE('',(#8518),#8786,.T.);
#9276=ADVANCED_FACE('',(#8519),#8787,.F.);
#9277=CLOSED_SHELL('',(#8788,#8789,#8790,#8791,#8792,#8793,#8794,#8795,
#8796,#8797,#8798,#8799,#8800,#8801,#8802,#8803,#8804,#8805));
#9278=CLOSED_SHELL('',(#8806,#8807,#8808,#8809,#8810,#8811,#8812,#8813,
#8814,#8815,#8816,#8817,#8818,#8819,#8820,#8821,#8822,#8823,#8824,#8825,
#8826,#8827,#8828,#8829,#8830,#8831,#8832,#8833,#8834,#8835,#8836,#8837,
#8838,#8839,#8840,#8841,#8842,#8843,#8844,#8845,#8846,#8847,#8848,#8849,
#8850,#8851,#8852,#8853,#8854,#8855,#8856,#8857,#8858,#8859,#8860,#8861,
#8862,#8863,#8864,#8865,#8866,#8867,#8868,#8869,#8870,#8871,#8872,#8873,
#8874,#8875,#8876,#8877,#8878,#8879,#8880,#8881,#8882,#8883,#8884,#8885,
#8886,#8887,#8888,#8889,#8890,#8891,#8892,#8893,#8894,#8895,#8896,#8897,
#8898,#8899,#8900,#8901,#8902,#8903,#8904,#8905,#8906,#8907,#8908,#8909,
#8910,#8911,#8912,#8913,#8914,#8915,#8916,#8917,#8918,#8919,#8920,#8921,
#8922,#8923,#8924,#8925,#8926,#8927,#8928,#8929,#8930,#8931,#8932,#8933,
#8934,#8935,#8936,#8937,#8938,#8939,#8940,#8941,#8942,#8943,#8944,#8945,
#8946,#8947,#8948,#8949,#8950,#8951,#8952,#8953,#8954,#8955,#8956,#8957,
#8958,#8959,#8960,#8961,#8962,#8963,#8964,#8965,#8966,#8967,#8968,#8969,
#8970,#8971,#8972,#8973,#8974,#8975,#8976,#8977,#8978,#8979,#8980,#8981,
#8982,#8983,#8984,#8985,#8986,#8987,#8988,#8989,#8990,#8991,#8992,#8993,
#8994,#8995,#8996,#8997,#8998,#8999,#9000,#9001,#9002,#9003,#9004,#9005,
#9006,#9007,#9008,#9009,#9010,#9011,#9012,#9013,#9014,#9015,#9016,#9017,
#9018,#9019,#9020,#9021,#9022,#9023,#9024,#9025,#9026,#9027,#9028,#9029,
#9030,#9031,#9032,#9033,#9034,#9035,#9036,#9037,#9038,#9039,#9040,#9041,
#9042,#9043,#9044,#9045,#9046,#9047,#9048,#9049,#9050,#9051,#9052,#9053,
#9054,#9055,#9056,#9057,#9058,#9059,#9060,#9061,#9062,#9063,#9064,#9065,
#9066,#9067,#9068,#9069,#9070,#9071,#9072,#9073,#9074,#9075,#9076,#9077,
#9078,#9079,#9080,#9081,#9082,#9083,#9084,#9085,#9086,#9087,#9088,#9089,
#9090,#9091,#9092,#9093,#9094,#9095,#9096,#9097,#9098,#9099,#9100,#9101,
#9102,#9103,#9104,#9105,#9106,#9107,#9108,#9109,#9110,#9111,#9112,#9113,
#9114,#9115,#9116,#9117,#9118,#9119,#9120,#9121,#9122,#9123,#9124,#9125,
#9126,#9127,#9128,#9129,#9130,#9131,#9132,#9133,#9134,#9135,#9136,#9137,
#9138,#9139,#9140,#9141,#9142,#9143,#9144,#9145,#9146,#9147,#9148,#9149,
#9150,#9151,#9152,#9153,#9154,#9155,#9156,#9157,#9158,#9159,#9160,#9161,
#9162,#9163,#9164,#9165,#9166,#9167,#9168,#9169,#9170,#9171,#9172,#9173,
#9174,#9175,#9176,#9177,#9178,#9179,#9180,#9181,#9182,#9183,#9184,#9185,
#9186,#9187,#9188,#9189,#9190,#9191,#9192,#9193,#9194,#9195,#9196,#9197,
#9198,#9199,#9200,#9201,#9202,#9203,#9204,#9205,#9206,#9207,#9208,#9209,
#9210,#9211,#9212,#9213,#9214,#9215,#9216,#9217,#9218,#9219,#9220,#9221,
#9222,#9223,#9224,#9225,#9226,#9227,#9228,#9229,#9230,#9231,#9232,#9233,
#9234,#9235,#9236,#9237,#9238,#9239,#9240,#9241,#9242,#9243,#9244,#9245,
#9246,#9247,#9248,#9249,#9250,#9251,#9252,#9253,#9254,#9255,#9256,#9257,
#9258));
#9279=CLOSED_SHELL('',(#9259,#9260,#9261,#9262,#9263,#9264,#9265,#9266,
#9267,#9268,#9269,#9270));
#9280=CLOSED_SHELL('',(#9271,#9272,#9273,#9274,#9275,#9276));
#9281=STYLED_ITEM('',(#9285),#9313);
#9282=STYLED_ITEM('',(#9286),#9314);
#9283=STYLED_ITEM('',(#9287),#9315);
#9284=STYLED_ITEM('',(#9288),#9316);
#9285=PRESENTATION_STYLE_ASSIGNMENT((#9289));
#9286=PRESENTATION_STYLE_ASSIGNMENT((#9290));
#9287=PRESENTATION_STYLE_ASSIGNMENT((#9291));
#9288=PRESENTATION_STYLE_ASSIGNMENT((#9292));
#9289=SURFACE_STYLE_USAGE(.BOTH.,#9293);
#9290=SURFACE_STYLE_USAGE(.BOTH.,#9294);
#9291=SURFACE_STYLE_USAGE(.BOTH.,#9295);
#9292=SURFACE_STYLE_USAGE(.BOTH.,#9296);
#9293=SURFACE_SIDE_STYLE('',(#9297));
#9294=SURFACE_SIDE_STYLE('',(#9298));
#9295=SURFACE_SIDE_STYLE('',(#9299));
#9296=SURFACE_SIDE_STYLE('',(#9300));
#9297=SURFACE_STYLE_FILL_AREA(#9301);
#9298=SURFACE_STYLE_FILL_AREA(#9302);
#9299=SURFACE_STYLE_FILL_AREA(#9303);
#9300=SURFACE_STYLE_FILL_AREA(#9304);
#9301=FILL_AREA_STYLE('',(#9305));
#9302=FILL_AREA_STYLE('',(#9306));
#9303=FILL_AREA_STYLE('',(#9307));
#9304=FILL_AREA_STYLE('',(#9308));
#9305=FILL_AREA_STYLE_COLOUR('',#9309);
#9306=FILL_AREA_STYLE_COLOUR('',#9310);
#9307=FILL_AREA_STYLE_COLOUR('',#9311);
#9308=FILL_AREA_STYLE_COLOUR('',#9312);
#9309=COLOUR_RGB('',0.647058823529412,0.647058823529412,0.647058823529412);
#9310=COLOUR_RGB('',0.917647058823529,0.917647058823529,0.917647058823529);
#9311=COLOUR_RGB('',0.615686274509804,0.811764705882353,0.929411764705882);
#9312=COLOUR_RGB('',0.231372549019608,0.380392156862745,0.705882352941177);
#9313=MANIFOLD_SOLID_BREP('Part 2',#9277);
#9314=MANIFOLD_SOLID_BREP('Part 4',#9278);
#9315=MANIFOLD_SOLID_BREP('Part 1',#9279);
#9316=MANIFOLD_SOLID_BREP('Part 3',#9280);
#9317=SHAPE_DEFINITION_REPRESENTATION(#16223,#9321);
#9318=SHAPE_DEFINITION_REPRESENTATION(#16224,#9322);
#9319=SHAPE_DEFINITION_REPRESENTATION(#16225,#9323);
#9320=SHAPE_DEFINITION_REPRESENTATION(#16226,#9324);
#9321=SHAPE_REPRESENTATION('Part 2',(#9325),#16203);
#9322=SHAPE_REPRESENTATION('Part 4',(#9356),#16204);
#9323=SHAPE_REPRESENTATION('Part 1',(#9624),#16205);
#9324=SHAPE_REPRESENTATION('Part 3',(#9641),#16206);
#9325=AXIS2_PLACEMENT_3D('',#11205,#9648,#9649);
#9326=AXIS2_PLACEMENT_3D('',#11206,#9650,#9651);
#9327=AXIS2_PLACEMENT_3D('',#11215,#9656,#9657);
#9328=AXIS2_PLACEMENT_3D('',#11221,#9661,#9662);
#9329=AXIS2_PLACEMENT_3D('',#11227,#9666,#9667);
#9330=AXIS2_PLACEMENT_3D('',#11236,#9672,#9673);
#9331=AXIS2_PLACEMENT_3D('',#11245,#9678,#9679);
#9332=AXIS2_PLACEMENT_3D('',#11254,#9684,#9685);
#9333=AXIS2_PLACEMENT_3D('',#11260,#9689,#9690);
#9334=AXIS2_PLACEMENT_3D('',#11266,#9694,#9695);
#9335=AXIS2_PLACEMENT_3D('',#11272,#9699,#9700);
#9336=AXIS2_PLACEMENT_3D('',#11273,#9701,#9702);
#9337=AXIS2_PLACEMENT_3D('',#11275,#9703,#9704);
#9338=AXIS2_PLACEMENT_3D('',#11277,#9705,#9706);
#9339=AXIS2_PLACEMENT_3D('',#11278,#9707,#9708);
#9340=AXIS2_PLACEMENT_3D('',#11280,#9709,#9710);
#9341=AXIS2_PLACEMENT_3D('',#11282,#9711,#9712);
#9342=AXIS2_PLACEMENT_3D('',#11285,#9715,#9716);
#9343=AXIS2_PLACEMENT_3D('',#11286,#9717,#9718);
#9344=AXIS2_PLACEMENT_3D('',#11288,#9719,#9720);
#9345=AXIS2_PLACEMENT_3D('',#11290,#9721,#9722);
#9346=AXIS2_PLACEMENT_3D('',#11291,#9723,#9724);
#9347=AXIS2_PLACEMENT_3D('',#11292,#9725,#9726);
#9348=AXIS2_PLACEMENT_3D('',#11293,#9727,#9728);
#9349=AXIS2_PLACEMENT_3D('',#11294,#9729,#9730);
#9350=AXIS2_PLACEMENT_3D('',#11295,#9731,#9732);
#9351=AXIS2_PLACEMENT_3D('',#11296,#9733,#9734);
#9352=AXIS2_PLACEMENT_3D('',#11297,#9735,#9736);
#9353=AXIS2_PLACEMENT_3D('',#11298,#9737,#9738);
#9354=AXIS2_PLACEMENT_3D('',#11299,#9739,#9740);
#9355=AXIS2_PLACEMENT_3D('',#11300,#9741,#9742);
#9356=AXIS2_PLACEMENT_3D('',#11301,#9743,#9744);
#9357=AXIS2_PLACEMENT_3D('',#11302,#9745,#9746);
#9358=AXIS2_PLACEMENT_3D('',#11303,#9747,#9748);
#9359=AXIS2_PLACEMENT_3D('',#11348,#9756,#9757);
#9360=AXIS2_PLACEMENT_3D('',#11406,#9768,#9769);
#9361=AXIS2_PLACEMENT_3D('',#11408,#9770,#9771);
#9362=AXIS2_PLACEMENT_3D('',#11562,#9798,#9799);
#9363=AXIS2_PLACEMENT_3D('',#12247,#9916,#9917);
#9364=AXIS2_PLACEMENT_3D('',#12272,#9921,#9922);
#9365=AXIS2_PLACEMENT_3D('',#12274,#9923,#9924);
#9366=AXIS2_PLACEMENT_3D('',#12306,#9932,#9933);
#9367=AXIS2_PLACEMENT_3D('',#12307,#9934,#9935);
#9368=AXIS2_PLACEMENT_3D('',#12313,#9939,#9940);
#9369=AXIS2_PLACEMENT_3D('',#12317,#9943,#9944);
#9370=AXIS2_PLACEMENT_3D('',#12321,#9947,#9948);
#9371=AXIS2_PLACEMENT_3D('',#12325,#9951,#9952);
#9372=AXIS2_PLACEMENT_3D('',#12329,#9955,#9956);
#9373=AXIS2_PLACEMENT_3D('',#12333,#9959,#9960);
#9374=AXIS2_PLACEMENT_3D('',#12337,#9963,#9964);
#9375=AXIS2_PLACEMENT_3D('',#12341,#9967,#9968);
#9376=AXIS2_PLACEMENT_3D('',#12345,#9971,#9972);
#9377=AXIS2_PLACEMENT_3D('',#12349,#9975,#9976);
#9378=AXIS2_PLACEMENT_3D('',#12353,#9979,#9980);
#9379=AXIS2_PLACEMENT_3D('',#12357,#9983,#9984);
#9380=AXIS2_PLACEMENT_3D('',#12361,#9987,#9988);
#9381=AXIS2_PLACEMENT_3D('',#12365,#9991,#9992);
#9382=AXIS2_PLACEMENT_3D('',#12369,#9995,#9996);
#9383=AXIS2_PLACEMENT_3D('',#12373,#9999,#10000);
#9384=AXIS2_PLACEMENT_3D('',#12375,#10002,#10003);
#9385=AXIS2_PLACEMENT_3D('',#12391,#10006,#10007);
#9386=AXIS2_PLACEMENT_3D('',#12408,#10011,#10012);
#9387=AXIS2_PLACEMENT_3D('',#12425,#10016,#10017);
#9388=AXIS2_PLACEMENT_3D('',#12442,#10021,#10022);
#9389=AXIS2_PLACEMENT_3D('',#12446,#10025,#10026);
#9390=AXIS2_PLACEMENT_3D('',#12450,#10029,#10030);
#9391=AXIS2_PLACEMENT_3D('',#12467,#10034,#10035);
#9392=AXIS2_PLACEMENT_3D('',#12484,#10039,#10040);
#9393=AXIS2_PLACEMENT_3D('',#12486,#10042,#10043);
#9394=AXIS2_PLACEMENT_3D('',#12507,#10046,#10047);
#9395=AXIS2_PLACEMENT_3D('',#12547,#10053,#10054);
#9396=AXIS2_PLACEMENT_3D('',#12587,#10060,#10061);
#9397=AXIS2_PLACEMENT_3D('',#12630,#10068,#10069);
#9398=AXIS2_PLACEMENT_3D('',#12670,#10075,#10076);
#9399=AXIS2_PLACEMENT_3D('',#12710,#10082,#10083);
#9400=AXIS2_PLACEMENT_3D('',#12748,#10090,#10091);
#9401=AXIS2_PLACEMENT_3D('',#12765,#10095,#10096);
#9402=AXIS2_PLACEMENT_3D('',#12795,#10101,#10102);
#9403=AXIS2_PLACEMENT_3D('',#12838,#10108,#10109);
#9404=AXIS2_PLACEMENT_3D('',#12868,#10114,#10115);
#9405=AXIS2_PLACEMENT_3D('',#12871,#10118,#10119);
#9406=AXIS2_PLACEMENT_3D('',#12873,#10121,#10122);
#9407=AXIS2_PLACEMENT_3D('',#12876,#10125,#10126);
#9408=AXIS2_PLACEMENT_3D('',#12877,#10127,#10128);
#9409=AXIS2_PLACEMENT_3D('',#12893,#10131,#10132);
#9410=AXIS2_PLACEMENT_3D('',#12910,#10136,#10137);
#9411=AXIS2_PLACEMENT_3D('',#12927,#10141,#10142);
#9412=AXIS2_PLACEMENT_3D('',#12944,#10146,#10147);
#9413=AXIS2_PLACEMENT_3D('',#12961,#10151,#10152);
#9414=AXIS2_PLACEMENT_3D('',#12991,#10157,#10158);
#9415=AXIS2_PLACEMENT_3D('',#12995,#10161,#10162);
#9416=AXIS2_PLACEMENT_3D('',#12999,#10165,#10166);
#9417=AXIS2_PLACEMENT_3D('',#13003,#10169,#10170);
#9418=AXIS2_PLACEMENT_3D('',#13012,#10175,#10176);
#9419=AXIS2_PLACEMENT_3D('',#13018,#10180,#10181);
#9420=AXIS2_PLACEMENT_3D('',#13024,#10185,#10186);
#9421=AXIS2_PLACEMENT_3D('',#13038,#10189,#10190);
#9422=AXIS2_PLACEMENT_3D('',#13039,#10191,#10192);
#9423=AXIS2_PLACEMENT_3D('',#13055,#10195,#10196);
#9424=AXIS2_PLACEMENT_3D('',#13072,#10200,#10201);
#9425=AXIS2_PLACEMENT_3D('',#13089,#10205,#10206);
#9426=AXIS2_PLACEMENT_3D('',#13106,#10210,#10211);
#9427=AXIS2_PLACEMENT_3D('',#13108,#10213,#10214);
#9428=AXIS2_PLACEMENT_3D('',#13124,#10217,#10218);
#9429=AXIS2_PLACEMENT_3D('',#13141,#10222,#10223);
#9430=AXIS2_PLACEMENT_3D('',#13158,#10227,#10228);
#9431=AXIS2_PLACEMENT_3D('',#13175,#10232,#10233);
#9432=AXIS2_PLACEMENT_3D('',#13177,#10235,#10236);
#9433=AXIS2_PLACEMENT_3D('',#13193,#10239,#10240);
#9434=AXIS2_PLACEMENT_3D('',#13210,#10244,#10245);
#9435=AXIS2_PLACEMENT_3D('',#13227,#10249,#10250);
#9436=AXIS2_PLACEMENT_3D('',#13244,#10254,#10255);
#9437=AXIS2_PLACEMENT_3D('',#13261,#10259,#10260);
#9438=AXIS2_PLACEMENT_3D('',#13278,#10264,#10265);
#9439=AXIS2_PLACEMENT_3D('',#13295,#10269,#10270);
#9440=AXIS2_PLACEMENT_3D('',#13312,#10274,#10275);
#9441=AXIS2_PLACEMENT_3D('',#13329,#10279,#10280);
#9442=AXIS2_PLACEMENT_3D('',#13346,#10284,#10285);
#9443=AXIS2_PLACEMENT_3D('',#13363,#10289,#10290);
#9444=AXIS2_PLACEMENT_3D('',#13380,#10294,#10295);
#9445=AXIS2_PLACEMENT_3D('',#13382,#10297,#10298);
#9446=AXIS2_PLACEMENT_3D('',#13398,#10301,#10302);
#9447=AXIS2_PLACEMENT_3D('',#13415,#10306,#10307);
#9448=AXIS2_PLACEMENT_3D('',#13445,#10312,#10313);
#9449=AXIS2_PLACEMENT_3D('',#13475,#10318,#10319);
#9450=AXIS2_PLACEMENT_3D('',#13492,#10323,#10324);
#9451=AXIS2_PLACEMENT_3D('',#13509,#10328,#10329);
#9452=AXIS2_PLACEMENT_3D('',#13539,#10334,#10335);
#9453=AXIS2_PLACEMENT_3D('',#13569,#10340,#10341);
#9454=AXIS2_PLACEMENT_3D('',#13571,#10343,#10344);
#9455=AXIS2_PLACEMENT_3D('',#13587,#10347,#10348);
#9456=AXIS2_PLACEMENT_3D('',#13604,#10352,#10353);
#9457=AXIS2_PLACEMENT_3D('',#13621,#10357,#10358);
#9458=AXIS2_PLACEMENT_3D('',#13638,#10362,#10363);
#9459=AXIS2_PLACEMENT_3D('',#13642,#10366,#10367);
#9460=AXIS2_PLACEMENT_3D('',#13659,#10371,#10372);
#9461=AXIS2_PLACEMENT_3D('',#13660,#10373,#10374);
#9462=AXIS2_PLACEMENT_3D('',#13663,#10376,#10377);
#9463=AXIS2_PLACEMENT_3D('',#13693,#10382,#10383);
#9464=AXIS2_PLACEMENT_3D('',#13723,#10388,#10389);
#9465=AXIS2_PLACEMENT_3D('',#13740,#10393,#10394);
#9466=AXIS2_PLACEMENT_3D('',#13757,#10398,#10399);
#9467=AXIS2_PLACEMENT_3D('',#13787,#10404,#10405);
#9468=AXIS2_PLACEMENT_3D('',#13804,#10409,#10410);
#9469=AXIS2_PLACEMENT_3D('',#13821,#10414,#10415);
#9470=AXIS2_PLACEMENT_3D('',#13838,#10419,#10420);
#9471=AXIS2_PLACEMENT_3D('',#13868,#10425,#10426);
#9472=AXIS2_PLACEMENT_3D('',#13885,#10430,#10431);
#9473=AXIS2_PLACEMENT_3D('',#13887,#10433,#10434);
#9474=AXIS2_PLACEMENT_3D('',#13903,#10437,#10438);
#9475=AXIS2_PLACEMENT_3D('',#13920,#10442,#10443);
#9476=AXIS2_PLACEMENT_3D('',#13937,#10447,#10448);
#9477=AXIS2_PLACEMENT_3D('',#13967,#10453,#10454);
#9478=AXIS2_PLACEMENT_3D('',#13984,#10458,#10459);
#9479=AXIS2_PLACEMENT_3D('',#14001,#10463,#10464);
#9480=AXIS2_PLACEMENT_3D('',#14018,#10468,#10469);
#9481=AXIS2_PLACEMENT_3D('',#14022,#10472,#10473);
#9482=AXIS2_PLACEMENT_3D('',#14026,#10476,#10477);
#9483=AXIS2_PLACEMENT_3D('',#14043,#10481,#10482);
#9484=AXIS2_PLACEMENT_3D('',#14060,#10486,#10487);
#9485=AXIS2_PLACEMENT_3D('',#14075,#10490,#10491);
#9486=AXIS2_PLACEMENT_3D('',#14091,#10494,#10495);
#9487=AXIS2_PLACEMENT_3D('',#14108,#10499,#10500);
#9488=AXIS2_PLACEMENT_3D('',#14125,#10504,#10505);
#9489=AXIS2_PLACEMENT_3D('',#14142,#10509,#10510);
#9490=AXIS2_PLACEMENT_3D('',#14146,#10513,#10514);
#9491=AXIS2_PLACEMENT_3D('',#14150,#10517,#10518);
#9492=AXIS2_PLACEMENT_3D('',#14167,#10522,#10523);
#9493=AXIS2_PLACEMENT_3D('',#14184,#10527,#10528);
#9494=AXIS2_PLACEMENT_3D('',#14186,#10530,#10531);
#9495=AXIS2_PLACEMENT_3D('',#14202,#10534,#10535);
#9496=AXIS2_PLACEMENT_3D('',#14219,#10539,#10540);
#9497=AXIS2_PLACEMENT_3D('',#14236,#10544,#10545);
#9498=AXIS2_PLACEMENT_3D('',#14253,#10549,#10550);
#9499=AXIS2_PLACEMENT_3D('',#14255,#10552,#10553);
#9500=AXIS2_PLACEMENT_3D('',#14271,#10556,#10557);
#9501=AXIS2_PLACEMENT_3D('',#14288,#10561,#10562);
#9502=AXIS2_PLACEMENT_3D('',#14305,#10566,#10567);
#9503=AXIS2_PLACEMENT_3D('',#14335,#10572,#10573);
#9504=AXIS2_PLACEMENT_3D('',#14352,#10577,#10578);
#9505=AXIS2_PLACEMENT_3D('',#14356,#10581,#10582);
#9506=AXIS2_PLACEMENT_3D('',#14373,#10586,#10587);
#9507=AXIS2_PLACEMENT_3D('',#14403,#10592,#10593);
#9508=AXIS2_PLACEMENT_3D('',#14407,#10596,#10597);
#9509=AXIS2_PLACEMENT_3D('',#14444,#10603,#10604);
#9510=AXIS2_PLACEMENT_3D('',#14484,#10610,#10611);
#9511=AXIS2_PLACEMENT_3D('',#14524,#10617,#10618);
#9512=AXIS2_PLACEMENT_3D('',#14547,#10623,#10624);
#9513=AXIS2_PLACEMENT_3D('',#14550,#10627,#10628);
#9514=AXIS2_PLACEMENT_3D('',#14552,#10630,#10631);
#9515=AXIS2_PLACEMENT_3D('',#14553,#10632,#10633);
#9516=AXIS2_PLACEMENT_3D('',#14569,#10636,#10637);
#9517=AXIS2_PLACEMENT_3D('',#14586,#10641,#10642);
#9518=AXIS2_PLACEMENT_3D('',#14603,#10646,#10647);
#9519=AXIS2_PLACEMENT_3D('',#14620,#10651,#10652);
#9520=AXIS2_PLACEMENT_3D('',#14637,#10656,#10657);
#9521=AXIS2_PLACEMENT_3D('',#14667,#10662,#10663);
#9522=AXIS2_PLACEMENT_3D('',#14671,#10666,#10667);
#9523=AXIS2_PLACEMENT_3D('',#14675,#10670,#10671);
#9524=AXIS2_PLACEMENT_3D('',#14679,#10674,#10675);
#9525=AXIS2_PLACEMENT_3D('',#14688,#10680,#10681);
#9526=AXIS2_PLACEMENT_3D('',#14694,#10685,#10686);
#9527=AXIS2_PLACEMENT_3D('',#14700,#10690,#10691);
#9528=AXIS2_PLACEMENT_3D('',#14714,#10694,#10695);
#9529=AXIS2_PLACEMENT_3D('',#14715,#10696,#10697);
#9530=AXIS2_PLACEMENT_3D('',#14736,#10700,#10701);
#9531=AXIS2_PLACEMENT_3D('',#14776,#10707,#10708);
#9532=AXIS2_PLACEMENT_3D('',#14816,#10714,#10715);
#9533=AXIS2_PLACEMENT_3D('',#14854,#10722,#10723);
#9534=AXIS2_PLACEMENT_3D('',#14871,#10727,#10728);
#9535=AXIS2_PLACEMENT_3D('',#14888,#10732,#10733);
#9536=AXIS2_PLACEMENT_3D('',#14892,#10736,#10737);
#9537=AXIS2_PLACEMENT_3D('',#14896,#10740,#10741);
#9538=AXIS2_PLACEMENT_3D('',#14897,#10742,#10743);
#9539=AXIS2_PLACEMENT_3D('',#14900,#10745,#10746);
#9540=AXIS2_PLACEMENT_3D('',#14901,#10747,#10748);
#9541=AXIS2_PLACEMENT_3D('',#14904,#10750,#10751);
#9542=AXIS2_PLACEMENT_3D('',#14934,#10756,#10757);
#9543=AXIS2_PLACEMENT_3D('',#14964,#10762,#10763);
#9544=AXIS2_PLACEMENT_3D('',#14966,#10765,#10766);
#9545=AXIS2_PLACEMENT_3D('',#14969,#10769,#10770);
#9546=AXIS2_PLACEMENT_3D('',#14985,#10773,#10774);
#9547=AXIS2_PLACEMENT_3D('',#15015,#10779,#10780);
#9548=AXIS2_PLACEMENT_3D('',#15045,#10785,#10786);
#9549=AXIS2_PLACEMENT_3D('',#15075,#10791,#10792);
#9550=AXIS2_PLACEMENT_3D('',#15092,#10796,#10797);
#9551=AXIS2_PLACEMENT_3D('',#15109,#10801,#10802);
#9552=AXIS2_PLACEMENT_3D('',#15139,#10807,#10808);
#9553=AXIS2_PLACEMENT_3D('',#15156,#10812,#10813);
#9554=AXIS2_PLACEMENT_3D('',#15180,#10818,#10819);
#9555=AXIS2_PLACEMENT_3D('',#15203,#10824,#10825);
#9556=AXIS2_PLACEMENT_3D('',#15243,#10831,#10832);
#9557=AXIS2_PLACEMENT_3D('',#15283,#10838,#10839);
#9558=AXIS2_PLACEMENT_3D('',#15297,#10842,#10843);
#9559=AXIS2_PLACEMENT_3D('',#15298,#10844,#10845);
#9560=AXIS2_PLACEMENT_3D('',#15314,#10848,#10849);
#9561=AXIS2_PLACEMENT_3D('',#15331,#10853,#10854);
#9562=AXIS2_PLACEMENT_3D('',#15348,#10858,#10859);
#9563=AXIS2_PLACEMENT_3D('',#15365,#10863,#10864);
#9564=AXIS2_PLACEMENT_3D('',#15382,#10868,#10869);
#9565=AXIS2_PLACEMENT_3D('',#15399,#10873,#10874);
#9566=AXIS2_PLACEMENT_3D('',#15401,#10876,#10877);
#9567=AXIS2_PLACEMENT_3D('',#15417,#10880,#10881);
#9568=AXIS2_PLACEMENT_3D('',#15434,#10885,#10886);
#9569=AXIS2_PLACEMENT_3D('',#15451,#10890,#10891);
#9570=AXIS2_PLACEMENT_3D('',#15468,#10895,#10896);
#9571=AXIS2_PLACEMENT_3D('',#15485,#10900,#10901);
#9572=AXIS2_PLACEMENT_3D('',#15515,#10906,#10907);
#9573=AXIS2_PLACEMENT_3D('',#15519,#10910,#10911);
#9574=AXIS2_PLACEMENT_3D('',#15523,#10914,#10915);
#9575=AXIS2_PLACEMENT_3D('',#15527,#10918,#10919);
#9576=AXIS2_PLACEMENT_3D('',#15536,#10924,#10925);
#9577=AXIS2_PLACEMENT_3D('',#15542,#10929,#10930);
#9578=AXIS2_PLACEMENT_3D('',#15548,#10934,#10935);
#9579=AXIS2_PLACEMENT_3D('',#15562,#10938,#10939);
#9580=AXIS2_PLACEMENT_3D('',#15563,#10940,#10941);
#9581=AXIS2_PLACEMENT_3D('',#15564,#10942,#10943);
#9582=AXIS2_PLACEMENT_3D('',#15567,#10945,#10946);
#9583=AXIS2_PLACEMENT_3D('',#15570,#10948,#10949);
#9584=AXIS2_PLACEMENT_3D('',#15600,#10954,#10955);
#9585=AXIS2_PLACEMENT_3D('',#15630,#10960,#10961);
#9586=AXIS2_PLACEMENT_3D('',#15647,#10965,#10966);
#9587=AXIS2_PLACEMENT_3D('',#15664,#10970,#10971);
#9588=AXIS2_PLACEMENT_3D('',#15681,#10975,#10976);
#9589=AXIS2_PLACEMENT_3D('',#15685,#10979,#10980);
#9590=AXIS2_PLACEMENT_3D('',#15709,#10985,#10986);
#9591=AXIS2_PLACEMENT_3D('',#15732,#10991,#10992);
#9592=AXIS2_PLACEMENT_3D('',#15772,#10998,#10999);
#9593=AXIS2_PLACEMENT_3D('',#15812,#11005,#11006);
#9594=AXIS2_PLACEMENT_3D('',#15815,#11009,#11010);
#9595=AXIS2_PLACEMENT_3D('',#15816,#11011,#11012);
#9596=AXIS2_PLACEMENT_3D('',#15817,#11013,#11014);
#9597=AXIS2_PLACEMENT_3D('',#15818,#11015,#11016);
#9598=AXIS2_PLACEMENT_3D('',#15819,#11017,#11018);
#9599=AXIS2_PLACEMENT_3D('',#15822,#11020,#11021);
#9600=AXIS2_PLACEMENT_3D('',#15825,#11023,#11024);
#9601=AXIS2_PLACEMENT_3D('',#15855,#11029,#11030);
#9602=AXIS2_PLACEMENT_3D('',#15885,#11035,#11036);
#9603=AXIS2_PLACEMENT_3D('',#15889,#11039,#11040);
#9604=AXIS2_PLACEMENT_3D('',#15890,#11041,#11042);
#9605=AXIS2_PLACEMENT_3D('',#15893,#11044,#11045);
#9606=AXIS2_PLACEMENT_3D('',#15894,#11046,#11047);
#9607=AXIS2_PLACEMENT_3D('',#15897,#11049,#11050);
#9608=AXIS2_PLACEMENT_3D('',#15901,#11053,#11054);
#9609=AXIS2_PLACEMENT_3D('',#15918,#11058,#11059);
#9610=AXIS2_PLACEMENT_3D('',#15935,#11063,#11064);
#9611=AXIS2_PLACEMENT_3D('',#15952,#11068,#11069);
#9612=AXIS2_PLACEMENT_3D('',#15969,#11073,#11074);
#9613=AXIS2_PLACEMENT_3D('',#15973,#11077,#11078);
#9614=AXIS2_PLACEMENT_3D('',#15997,#11083,#11084);
#9615=AXIS2_PLACEMENT_3D('',#16020,#11089,#11090);
#9616=AXIS2_PLACEMENT_3D('',#16060,#11096,#11097);
#9617=AXIS2_PLACEMENT_3D('',#16100,#11103,#11104);
#9618=AXIS2_PLACEMENT_3D('',#16103,#11107,#11108);
#9619=AXIS2_PLACEMENT_3D('',#16104,#11109,#11110);
#9620=AXIS2_PLACEMENT_3D('',#16105,#11111,#11112);
#9621=AXIS2_PLACEMENT_3D('',#16106,#11113,#11114);
#9622=AXIS2_PLACEMENT_3D('',#16107,#11115,#11116);
#9623=AXIS2_PLACEMENT_3D('',#16108,#11117,#11118);
#9624=AXIS2_PLACEMENT_3D('',#16109,#11119,#11120);
#9625=AXIS2_PLACEMENT_3D('',#16110,#11121,#11122);
#9626=AXIS2_PLACEMENT_3D('',#16119,#11127,#11128);
#9627=AXIS2_PLACEMENT_3D('',#16125,#11132,#11133);
#9628=AXIS2_PLACEMENT_3D('',#16131,#11137,#11138);
#9629=AXIS2_PLACEMENT_3D('',#16140,#11143,#11144);
#9630=AXIS2_PLACEMENT_3D('',#16149,#11149,#11150);
#9631=AXIS2_PLACEMENT_3D('',#16155,#11154,#11155);
#9632=AXIS2_PLACEMENT_3D('',#16161,#11159,#11160);
#9633=AXIS2_PLACEMENT_3D('',#16164,#11163,#11164);
#9634=AXIS2_PLACEMENT_3D('',#16165,#11165,#11166);
#9635=AXIS2_PLACEMENT_3D('',#16166,#11167,#11168);
#9636=AXIS2_PLACEMENT_3D('',#16167,#11169,#11170);
#9637=AXIS2_PLACEMENT_3D('',#16168,#11171,#11172);
#9638=AXIS2_PLACEMENT_3D('',#16169,#11173,#11174);
#9639=AXIS2_PLACEMENT_3D('',#16170,#11175,#11176);
#9640=AXIS2_PLACEMENT_3D('',#16171,#11177,#11178);
#9641=AXIS2_PLACEMENT_3D('',#16172,#11179,#11180);
#9642=AXIS2_PLACEMENT_3D('',#16173,#11181,#11182);
#9643=AXIS2_PLACEMENT_3D('',#16182,#11187,#11188);
#9644=AXIS2_PLACEMENT_3D('',#16188,#11192,#11193);
#9645=AXIS2_PLACEMENT_3D('',#16194,#11197,#11198);
#9646=AXIS2_PLACEMENT_3D('',#16197,#11201,#11202);
#9647=AXIS2_PLACEMENT_3D('',#16198,#11203,#11204);
#9648=DIRECTION('',(0.,0.,1.));
#9649=DIRECTION('',(1.,0.,0.));
#9650=DIRECTION('',(-1.,0.,0.));
#9651=DIRECTION('',(0.,0.,1.));
#9652=DIRECTION('',(0.,1.,0.));
#9653=DIRECTION('',(0.,0.,-1.));
#9654=DIRECTION('',(0.,1.,0.));
#9655=DIRECTION('',(0.,0.,-1.));
#9656=DIRECTION('',(0.,-1.,0.));
#9657=DIRECTION('',(0.,0.,-1.));
#9658=DIRECTION('',(-1.,0.,0.));
#9659=DIRECTION('',(0.,0.,-1.));
#9660=DIRECTION('',(-1.,0.,0.));
#9661=DIRECTION('',(-1.,0.,0.));
#9662=DIRECTION('',(0.,0.,1.));
#9663=DIRECTION('',(0.,1.,0.));
#9664=DIRECTION('',(0.,0.,-1.));
#9665=DIRECTION('',(0.,1.,0.));
#9666=DIRECTION('',(0.,-1.,0.));
#9667=DIRECTION('',(0.,0.,-1.));
#9668=DIRECTION('',(-1.,0.,0.));
#9669=DIRECTION('',(0.,0.,-1.));
#9670=DIRECTION('',(-1.,0.,0.));
#9671=DIRECTION('',(0.,0.,-1.));
#9672=DIRECTION('',(1.,1.16620065611886E-16,0.));
#9673=DIRECTION('',(-1.16620065611886E-16,1.,0.));
#9674=DIRECTION('',(1.16620065611886E-16,-1.,0.));
#9675=DIRECTION('',(0.,0.,-1.));
#9676=DIRECTION('',(1.16620065611886E-16,-1.,0.));
#9677=DIRECTION('',(0.,0.,-1.));
#9678=DIRECTION('',(0.,1.,0.));
#9679=DIRECTION('',(0.,0.,1.));
#9680=DIRECTION('',(1.,0.,0.));
#9681=DIRECTION('',(0.,0.,-1.));
#9682=DIRECTION('',(1.,0.,0.));
#9683=DIRECTION('',(0.,0.,-1.));
#9684=DIRECTION('',(1.,0.,0.));
#9685=DIRECTION('',(0.,0.,-1.));
#9686=DIRECTION('',(0.,-1.,0.));
#9687=DIRECTION('',(0.,0.,-1.));
#9688=DIRECTION('',(0.,-1.,0.));
#9689=DIRECTION('',(0.,1.,0.));
#9690=DIRECTION('',(0.,0.,1.));
#9691=DIRECTION('',(1.,0.,0.));
#9692=DIRECTION('',(0.,0.,-1.));
#9693=DIRECTION('',(1.,0.,0.));
#9694=DIRECTION('',(1.,0.,0.));
#9695=DIRECTION('',(0.,0.,-1.));
#9696=DIRECTION('',(0.,-1.,0.));
#9697=DIRECTION('',(0.,0.,-1.));
#9698=DIRECTION('',(0.,-1.,0.));
#9699=DIRECTION('',(0.,0.,-1.));
#9700=DIRECTION('',(-1.,0.,0.));
#9701=DIRECTION('',(0.,0.,1.));
#9702=DIRECTION('',(1.,0.,0.));
#9703=DIRECTION('',(0.,0.,1.));
#9704=DIRECTION('',(1.,0.,0.));
#9705=DIRECTION('',(0.,0.,-1.));
#9706=DIRECTION('',(-1.,0.,0.));
#9707=DIRECTION('',(0.,0.,1.));
#9708=DIRECTION('',(1.,0.,0.));
#9709=DIRECTION('',(0.,0.,1.));
#9710=DIRECTION('',(1.,0.,0.));
#9711=DIRECTION('',(0.,-1.,0.));
#9712=DIRECTION('',(0.,0.,-1.));
#9713=DIRECTION('',(-1.,0.,0.));
#9714=DIRECTION('',(-1.,0.,0.));
#9715=DIRECTION('',(0.,0.,-1.));
#9716=DIRECTION('',(-1.,0.,0.));
#9717=DIRECTION('',(0.,0.,1.));
#9718=DIRECTION('',(1.,0.,0.));
#9719=DIRECTION('',(0.,0.,1.));
#9720=DIRECTION('',(1.,0.,0.));
#9721=DIRECTION('',(0.,0.,1.));
#9722=DIRECTION('',(1.,0.,0.));
#9723=DIRECTION('',(0.,0.,1.));
#9724=DIRECTION('',(1.,0.,0.));
#9725=DIRECTION('',(0.,0.,1.));
#9726=DIRECTION('',(1.,0.,0.));
#9727=DIRECTION('',(0.,0.,1.));
#9728=DIRECTION('',(1.,0.,0.));
#9729=DIRECTION('',(0.,0.,1.));
#9730=DIRECTION('',(1.,0.,0.));
#9731=DIRECTION('',(0.,0.,1.));
#9732=DIRECTION('',(1.,0.,0.));
#9733=DIRECTION('',(0.,0.,1.));
#9734=DIRECTION('',(1.,0.,0.));
#9735=DIRECTION('',(0.,0.,1.));
#9736=DIRECTION('',(1.,0.,0.));
#9737=DIRECTION('',(0.,0.,-1.));
#9738=DIRECTION('',(-1.,0.,0.));
#9739=DIRECTION('',(0.,0.,-1.));
#9740=DIRECTION('',(-1.,0.,0.));
#9741=DIRECTION('',(0.,0.,-1.));
#9742=DIRECTION('',(-1.,0.,0.));
#9743=DIRECTION('',(0.,0.,1.));
#9744=DIRECTION('',(1.,0.,0.));
#9745=DIRECTION('',(0.,0.,1.));
#9746=DIRECTION('',(1.,0.,0.));
#9747=DIRECTION('',(0.,0.,-1.));
#9748=DIRECTION('',(-1.,0.,0.));
#9749=DIRECTION('',(-1.,0.,0.));
#9750=DIRECTION('',(0.,-1.,0.));
#9751=DIRECTION('',(1.,0.,0.));
#9752=DIRECTION('',(0.,1.,0.));
#9753=DIRECTION('',(-1.,0.,0.));
#9754=DIRECTION('',(0.,-1.,0.));
#9755=DIRECTION('',(-1.,0.,0.));
#9756=DIRECTION('',(0.,0.,-1.));
#9757=DIRECTION('',(-1.,0.,0.));
#9758=DIRECTION('',(-1.,0.,0.));
#9759=DIRECTION('',(0.,-1.,0.));
#9760=DIRECTION('',(1.,0.,0.));
#9761=DIRECTION('',(0.,1.,0.));
#9762=DIRECTION('',(1.,0.,0.));
#9763=DIRECTION('',(0.,1.,0.));
#9764=DIRECTION('',(0.,-1.,0.));
#9765=DIRECTION('',(1.,0.,0.));
#9766=DIRECTION('',(0.,1.,0.));
#9767=DIRECTION('',(1.,0.,0.));
#9768=DIRECTION('',(0.,0.,-1.));
#9769=DIRECTION('',(-1.,0.,0.));
#9770=DIRECTION('',(0.,0.,-1.));
#9771=DIRECTION('',(-1.,0.,0.));
#9772=DIRECTION('',(1.,0.,0.));
#9773=DIRECTION('',(0.,1.,0.));
#9774=DIRECTION('',(-1.,0.,0.));
#9775=DIRECTION('',(-1.,0.,0.));
#9776=DIRECTION('',(0.,-1.,0.));
#9777=DIRECTION('',(1.,0.,0.));
#9778=DIRECTION('',(0.,1.,0.));
#9779=DIRECTION('',(0.,1.,0.));
#9780=DIRECTION('',(0.432751605644414,0.901513198911797,0.));
#9781=DIRECTION('',(-1.,0.,0.));
#9782=DIRECTION('',(-0.419973455358502,-0.907536388688763,0.));
#9783=DIRECTION('',(-1.,0.,0.));
#9784=DIRECTION('',(0.,1.,0.));
#9785=DIRECTION('',(-1.,0.,0.));
#9786=DIRECTION('',(-0.250488917861676,-0.968119466816202,0.));
#9787=DIRECTION('',(1.,0.,0.));
#9788=DIRECTION('',(0.208701841824006,0.977979315333033,0.));
#9789=DIRECTION('',(1.,0.,0.));
#9790=DIRECTION('',(0.208701841824008,-0.977979315333033,0.));
#9791=DIRECTION('',(1.,0.,0.));
#9792=DIRECTION('',(-0.250488917861678,0.968119466816201,0.));
#9793=DIRECTION('',(-1.,0.,0.));
#9794=DIRECTION('',(0.,-1.,0.));
#9795=DIRECTION('',(1.,0.,0.));
#9796=DIRECTION('',(0.,1.,0.));
#9797=DIRECTION('',(1.,0.,0.));
#9798=DIRECTION('',(0.,0.,-1.));
#9799=DIRECTION('',(-1.,0.,0.));
#9800=DIRECTION('',(1.,0.,0.));
#9801=DIRECTION('',(1.,0.,0.));
#9802=DIRECTION('',(0.,1.,0.));
#9803=DIRECTION('',(-1.,0.,0.));
#9804=DIRECTION('',(0.,-1.,0.));
#9805=DIRECTION('',(-1.,0.,0.));
#9806=DIRECTION('',(0.,1.,0.));
#9807=DIRECTION('',(-1.,0.,0.));
#9808=DIRECTION('',(0.,-1.,0.));
#9809=DIRECTION('',(-1.,0.,0.));
#9810=DIRECTION('',(0.,1.,0.));
#9811=DIRECTION('',(-1.,0.,0.));
#9812=DIRECTION('',(0.,-1.,0.));
#9813=DIRECTION('',(1.,0.,0.));
#9814=DIRECTION('',(0.,1.,0.));
#9815=DIRECTION('',(1.,0.,0.));
#9816=DIRECTION('',(0.,-1.,0.));
#9817=DIRECTION('',(1.,0.,0.));
#9818=DIRECTION('',(0.,1.,0.));
#9819=DIRECTION('',(-1.,0.,0.));
#9820=DIRECTION('',(0.,-1.,0.));
#9821=DIRECTION('',(-1.,0.,0.));
#9822=DIRECTION('',(0.,1.,0.));
#9823=DIRECTION('',(0.,1.,0.));
#9824=DIRECTION('',(-1.,0.,0.));
#9825=DIRECTION('',(0.,-1.,0.));
#9826=DIRECTION('',(1.,0.,0.));
#9827=DIRECTION('',(0.,-1.,0.));
#9828=DIRECTION('',(1.,0.,0.));
#9829=DIRECTION('',(0.,1.,0.));
#9830=DIRECTION('',(0.,1.,0.));
#9831=DIRECTION('',(-1.,0.,0.));
#9832=DIRECTION('',(1.,0.,0.));
#9833=DIRECTION('',(0.,-1.,0.));
#9834=DIRECTION('',(-1.,0.,0.));
#9835=DIRECTION('',(0.,1.,0.));
#9836=DIRECTION('',(1.,0.,0.));
#9837=DIRECTION('',(0.,1.,0.));
#9838=DIRECTION('',(1.,0.,0.));
#9839=DIRECTION('',(0.,1.,0.));
#9840=DIRECTION('',(0.672105592781692,0.740455314081526,0.));
#9841=DIRECTION('',(1.,0.,0.));
#9842=DIRECTION('',(0.,-1.,0.));
#9843=DIRECTION('',(1.,0.,0.));
#9844=DIRECTION('',(8.1320693501768E-17,-1.,0.));
#9845=DIRECTION('',(1.,0.,0.));
#9846=DIRECTION('',(0.,-1.,0.));
#9847=DIRECTION('',(1.,0.,0.));
#9848=DIRECTION('',(0.,-1.,0.));
#9849=DIRECTION('',(-1.,0.,0.));
#9850=DIRECTION('',(-0.250488917861678,-0.968119466816201,0.));
#9851=DIRECTION('',(1.,0.,0.));
#9852=DIRECTION('',(0.208701841824006,0.977979315333033,0.));
#9853=DIRECTION('',(1.,0.,0.));
#9854=DIRECTION('',(0.208701841824007,-0.977979315333033,0.));
#9855=DIRECTION('',(1.,0.,0.));
#9856=DIRECTION('',(-0.250488917861678,0.968119466816201,0.));
#9857=DIRECTION('',(-1.,0.,0.));
#9858=DIRECTION('',(0.254171537528954,-0.967159154177929,0.));
#9859=DIRECTION('',(1.,0.,0.));
#9860=DIRECTION('',(0.254171537528955,0.967159154177929,0.));
#9861=DIRECTION('',(-1.,0.,0.));
#9862=DIRECTION('',(-0.247713093953168,-0.968833434127946,0.));
#9863=DIRECTION('',(-1.,0.,0.));
#9864=DIRECTION('',(-0.246420695505629,0.96916295886013,0.));
#9865=DIRECTION('',(-1.,0.,0.));
#9866=DIRECTION('',(0.,-1.,0.));
#9867=DIRECTION('',(1.,0.,0.));
#9868=DIRECTION('',(0.,1.,0.));
#9869=DIRECTION('',(1.,0.,0.));
#9870=DIRECTION('',(0.,1.,0.));
#9871=DIRECTION('',(-1.,0.,0.));
#9872=DIRECTION('',(0.,-1.,0.));
#9873=DIRECTION('',(1.,0.,0.));
#9874=DIRECTION('',(0.,1.,0.));
#9875=DIRECTION('',(1.,0.,0.));
#9876=DIRECTION('',(0.,-1.,0.));
#9877=DIRECTION('',(-1.,0.,0.));
#9878=DIRECTION('',(0.,-1.,0.));
#9879=DIRECTION('',(1.,0.,0.));
#9880=DIRECTION('',(-1.,0.,0.));
#9881=DIRECTION('',(-0.256447754997996,-0.966558093937704,0.));
#9882=DIRECTION('',(1.,0.,0.));
#9883=DIRECTION('',(0.226786403778248,0.973944519498585,0.));
#9884=DIRECTION('',(1.,0.,0.));
#9885=DIRECTION('',(0.224437645207762,-0.974488452170468,0.));
#9886=DIRECTION('',(1.,0.,0.));
#9887=DIRECTION('',(-0.242608715773993,0.970124224535443,0.));
#9888=DIRECTION('',(0.,1.,0.));
#9889=DIRECTION('',(-1.,0.,0.));
#9890=DIRECTION('',(0.,-1.,0.));
#9891=DIRECTION('',(1.,0.,0.));
#9892=DIRECTION('',(-1.,0.,0.));
#9893=DIRECTION('',(0.254171537528954,-0.967159154177929,0.));
#9894=DIRECTION('',(1.,0.,0.));
#9895=DIRECTION('',(0.254171537528954,0.967159154177929,0.));
#9896=DIRECTION('',(-1.,0.,0.));
#9897=DIRECTION('',(-0.247713093953168,-0.968833434127946,0.));
#9898=DIRECTION('',(-1.,0.,0.));
#9899=DIRECTION('',(-0.246420695505629,0.96916295886013,0.));
#9900=DIRECTION('',(-1.,0.,0.));
#9901=DIRECTION('',(0.,-1.,0.));
#9902=DIRECTION('',(1.,0.,0.));
#9903=DIRECTION('',(0.,1.,0.));
#9904=DIRECTION('',(-1.,0.,0.));
#9905=DIRECTION('',(0.,1.,0.));
#9906=DIRECTION('',(1.,0.,0.));
#9907=DIRECTION('',(0.,1.,0.));
#9908=DIRECTION('',(-1.,0.,0.));
#9909=DIRECTION('',(0.254171537528954,-0.967159154177929,0.));
#9910=DIRECTION('',(1.,0.,0.));
#9911=DIRECTION('',(0.254171537528954,0.967159154177929,0.));
#9912=DIRECTION('',(-1.,0.,0.));
#9913=DIRECTION('',(-0.247713093953168,-0.968833434127946,0.));
#9914=DIRECTION('',(-1.,0.,0.));
#9915=DIRECTION('',(-0.24642069550563,0.96916295886013,0.));
#9916=DIRECTION('',(0.,0.,-1.));
#9917=DIRECTION('',(-1.,0.,0.));
#9918=DIRECTION('',(-1.,0.,0.));
#9919=DIRECTION('',(0.,-1.,0.));
#9920=DIRECTION('',(1.,0.,0.));
#9921=DIRECTION('',(0.,0.,-1.));
#9922=DIRECTION('',(-1.,0.,0.));
#9923=DIRECTION('',(0.,0.,-1.));
#9924=DIRECTION('',(-1.,0.,0.));
#9925=DIRECTION('',(1.,0.,0.));
#9926=DIRECTION('',(0.,-1.,0.));
#9927=DIRECTION('',(1.,0.,0.));
#9928=DIRECTION('',(0.,1.,0.));
#9929=DIRECTION('',(-1.,0.,0.));
#9930=DIRECTION('',(0.,-1.,0.));
#9931=DIRECTION('',(-1.,0.,0.));
#9932=DIRECTION('',(0.,0.,-1.));
#9933=DIRECTION('',(-1.,0.,0.));
#9934=DIRECTION('',(0.,1.,0.));
#9935=DIRECTION('',(0.,0.,1.));
#9936=DIRECTION('',(0.,0.,-1.));
#9937=DIRECTION('',(1.,0.,0.));
#9938=DIRECTION('',(0.,0.,-1.));
#9939=DIRECTION('',(1.,0.,0.));
#9940=DIRECTION('',(0.,0.,-1.));
#9941=DIRECTION('',(0.,0.,-1.));
#9942=DIRECTION('',(0.,-1.,0.));
#9943=DIRECTION('',(0.,1.,0.));
#9944=DIRECTION('',(0.,0.,1.));
#9945=DIRECTION('',(0.,0.,-1.));
#9946=DIRECTION('',(1.,0.,0.));
#9947=DIRECTION('',(1.,0.,0.));
#9948=DIRECTION('',(0.,0.,-1.));
#9949=DIRECTION('',(0.,0.,-1.));
#9950=DIRECTION('',(0.,-1.,0.));
#9951=DIRECTION('',(0.,1.,0.));
#9952=DIRECTION('',(0.,0.,1.));
#9953=DIRECTION('',(0.,0.,-1.));
#9954=DIRECTION('',(1.,0.,0.));
#9955=DIRECTION('',(1.,8.1320693501768E-17,0.));
#9956=DIRECTION('',(-8.1320693501768E-17,1.,0.));
#9957=DIRECTION('',(0.,0.,-1.));
#9958=DIRECTION('',(8.1320693501768E-17,-1.,0.));
#9959=DIRECTION('',(0.,1.,0.));
#9960=DIRECTION('',(0.,0.,1.));
#9961=DIRECTION('',(0.,0.,-1.));
#9962=DIRECTION('',(1.,0.,0.));
#9963=DIRECTION('',(1.,0.,0.));
#9964=DIRECTION('',(0.,0.,-1.));
#9965=DIRECTION('',(0.,0.,-1.));
#9966=DIRECTION('',(0.,-1.,0.));
#9967=DIRECTION('',(0.,1.,0.));
#9968=DIRECTION('',(0.,0.,1.));
#9969=DIRECTION('',(0.,0.,-1.));
#9970=DIRECTION('',(1.,0.,0.));
#9971=DIRECTION('',(-0.740455314081525,0.672105592781692,0.));
#9972=DIRECTION('',(-0.672105592781692,-0.740455314081525,0.));
#9973=DIRECTION('',(0.,0.,-1.));
#9974=DIRECTION('',(0.672105592781692,0.740455314081526,0.));
#9975=DIRECTION('',(-1.,0.,0.));
#9976=DIRECTION('',(0.,0.,1.));
#9977=DIRECTION('',(0.,0.,-1.));
#9978=DIRECTION('',(0.,1.,0.));
#9979=DIRECTION('',(0.,1.,0.));
#9980=DIRECTION('',(0.,0.,1.));
#9981=DIRECTION('',(0.,0.,-1.));
#9982=DIRECTION('',(1.,0.,0.));
#9983=DIRECTION('',(-1.,0.,0.));
#9984=DIRECTION('',(0.,0.,1.));
#9985=DIRECTION('',(0.,0.,-1.));
#9986=DIRECTION('',(0.,1.,0.));
#9987=DIRECTION('',(0.,1.,0.));
#9988=DIRECTION('',(0.,0.,1.));
#9989=DIRECTION('',(0.,0.,-1.));
#9990=DIRECTION('',(1.,0.,0.));
#9991=DIRECTION('',(-1.,0.,0.));
#9992=DIRECTION('',(0.,0.,1.));
#9993=DIRECTION('',(0.,0.,-1.));
#9994=DIRECTION('',(0.,1.,0.));
#9995=DIRECTION('',(0.,-1.,0.));
#9996=DIRECTION('',(0.,0.,-1.));
#9997=DIRECTION('',(0.,0.,-1.));
#9998=DIRECTION('',(-1.,0.,0.));
#9999=DIRECTION('',(1.,0.,0.));
#10000=DIRECTION('',(0.,0.,-1.));
#10001=DIRECTION('',(0.,-1.,0.));
#10002=DIRECTION('',(0.,0.,1.));
#10003=DIRECTION('',(1.,0.,0.));
#10004=DIRECTION('',(0.,0.,-1.));
#10005=DIRECTION('',(0.,0.,-1.));
#10006=DIRECTION('',(0.,-1.,0.));
#10007=DIRECTION('',(0.,0.,-1.));
#10008=DIRECTION('',(-1.,0.,0.));
#10009=DIRECTION('',(0.,0.,-1.));
#10010=DIRECTION('',(0.,0.,-1.));
#10011=DIRECTION('',(0.968119466816201,-0.250488917861678,0.));
#10012=DIRECTION('',(0.250488917861678,0.968119466816201,0.));
#10013=DIRECTION('',(-0.250488917861678,-0.968119466816201,0.));
#10014=DIRECTION('',(0.,0.,-1.));
#10015=DIRECTION('',(0.,0.,-1.));
#10016=DIRECTION('',(0.,1.,0.));
#10017=DIRECTION('',(0.,0.,1.));
#10018=DIRECTION('',(1.,0.,0.));
#10019=DIRECTION('',(0.,0.,-1.));
#10020=DIRECTION('',(0.,0.,-1.));
#10021=DIRECTION('',(-0.977979315333033,0.208701841824006,0.));
#10022=DIRECTION('',(-0.208701841824006,-0.977979315333033,0.));
#10023=DIRECTION('',(0.208701841824006,0.977979315333033,0.));
#10024=DIRECTION('',(0.,0.,-1.));
#10025=DIRECTION('',(0.,1.,0.));
#10026=DIRECTION('',(0.,0.,1.));
#10027=DIRECTION('',(1.,0.,0.));
#10028=DIRECTION('',(0.,0.,-1.));
#10029=DIRECTION('',(0.977979315333033,0.208701841824007,0.));
#10030=DIRECTION('',(-0.208701841824007,0.977979315333033,0.));
#10031=DIRECTION('',(0.208701841824007,-0.977979315333033,0.));
#10032=DIRECTION('',(0.,0.,-1.));
#10033=DIRECTION('',(0.,0.,-1.));
#10034=DIRECTION('',(0.,1.,0.));
#10035=DIRECTION('',(0.,0.,1.));
#10036=DIRECTION('',(1.,0.,0.));
#10037=DIRECTION('',(0.,0.,-1.));
#10038=DIRECTION('',(0.,0.,-1.));
#10039=DIRECTION('',(-0.968119466816201,-0.250488917861678,0.));
#10040=DIRECTION('',(0.250488917861678,-0.968119466816201,0.));
#10041=DIRECTION('',(-0.250488917861678,0.968119466816201,0.));
#10042=DIRECTION('',(0.,0.,1.));
#10043=DIRECTION('',(1.,0.,0.));
#10044=DIRECTION('',(0.,0.,-1.));
#10045=DIRECTION('',(0.,0.,-1.));
#10046=DIRECTION('',(0.,1.,0.));
#10047=DIRECTION('',(0.,0.,1.));
#10048=DIRECTION('',(1.,0.,0.));
#10049=DIRECTION('',(1.,0.,0.));
#10050=DIRECTION('',(0.,0.,-1.));
#10051=DIRECTION('',(0.,0.,-1.));
#10052=DIRECTION('',(0.,0.,-1.));
#10053=DIRECTION('',(1.,0.,0.));
#10054=DIRECTION('',(0.,0.,-1.));
#10055=DIRECTION('',(0.,-1.,0.));
#10056=DIRECTION('',(0.,-1.,0.));
#10057=DIRECTION('',(0.,0.,-1.));
#10058=DIRECTION('',(0.,0.,-1.));
#10059=DIRECTION('',(0.,0.,-1.));
#10060=DIRECTION('',(0.,-1.,0.));
#10061=DIRECTION('',(0.,0.,-1.));
#10062=DIRECTION('',(-1.,0.,0.));
#10063=DIRECTION('',(-1.,0.,0.));
#10064=DIRECTION('',(0.,0.,-1.));
#10065=DIRECTION('',(0.,0.,-1.));
#10066=DIRECTION('',(0.,0.,-1.));
#10067=DIRECTION('',(0.,0.,-1.));
#10068=DIRECTION('',(0.,1.,0.));
#10069=DIRECTION('',(0.,0.,1.));
#10070=DIRECTION('',(1.,0.,0.));
#10071=DIRECTION('',(1.,0.,0.));
#10072=DIRECTION('',(0.,0.,-1.));
#10073=DIRECTION('',(0.,0.,-1.));
#10074=DIRECTION('',(0.,0.,-1.));
#10075=DIRECTION('',(1.,0.,0.));
#10076=DIRECTION('',(0.,0.,-1.));
#10077=DIRECTION('',(0.,-1.,0.));
#10078=DIRECTION('',(0.,-1.,0.));
#10079=DIRECTION('',(0.,0.,-1.));
#10080=DIRECTION('',(0.,0.,-1.));
#10081=DIRECTION('',(0.,0.,-1.));
#10082=DIRECTION('',(0.,-1.,0.));
#10083=DIRECTION('',(0.,0.,-1.));
#10084=DIRECTION('',(-1.,0.,0.));
#10085=DIRECTION('',(-1.,0.,0.));
#10086=DIRECTION('',(0.,0.,-1.));
#10087=DIRECTION('',(0.,0.,-1.));
#10088=DIRECTION('',(0.,0.,-1.));
#10089=DIRECTION('',(0.,0.,-1.));
#10090=DIRECTION('',(1.,0.,0.));
#10091=DIRECTION('',(0.,0.,-1.));
#10092=DIRECTION('',(0.,-1.,0.));
#10093=DIRECTION('',(0.,0.,-1.));
#10094=DIRECTION('',(0.,0.,-1.));
#10095=DIRECTION('',(0.,1.,0.));
#10096=DIRECTION('',(0.,0.,1.));
#10097=DIRECTION('',(1.,0.,0.));
#10098=DIRECTION('',(0.,0.,-1.));
#10099=DIRECTION('',(0.,0.,-1.));
#10100=DIRECTION('',(0.,0.,-1.));
#10101=DIRECTION('',(-1.,0.,0.));
#10102=DIRECTION('',(0.,0.,1.));
#10103=DIRECTION('',(0.,1.,0.));
#10104=DIRECTION('',(0.,0.,-1.));
#10105=DIRECTION('',(0.,0.,-1.));
#10106=DIRECTION('',(0.,0.,-1.));
#10107=DIRECTION('',(0.,0.,-1.));
#10108=DIRECTION('',(-1.,0.,0.));
#10109=DIRECTION('',(0.,0.,1.));
#10110=DIRECTION('',(0.,1.,0.));
#10111=DIRECTION('',(0.,0.,-1.));
#10112=DIRECTION('',(0.,0.,-1.));
#10113=DIRECTION('',(0.,0.,-1.));
#10114=DIRECTION('',(-1.,0.,0.));
#10115=DIRECTION('',(0.,0.,1.));
#10116=DIRECTION('',(0.,1.,0.));
#10117=DIRECTION('',(0.,1.,0.));
#10118=DIRECTION('',(0.,-1.,0.));
#10119=DIRECTION('',(0.,0.,-1.));
#10120=DIRECTION('',(-1.,0.,0.));
#10121=DIRECTION('',(-1.,0.,0.));
#10122=DIRECTION('',(0.,0.,1.));
#10123=DIRECTION('',(0.,1.,0.));
#10124=DIRECTION('',(0.,1.,0.));
#10125=DIRECTION('',(0.,0.,1.));
#10126=DIRECTION('',(1.,0.,0.));
#10127=DIRECTION('',(0.,0.,1.));
#10128=DIRECTION('',(1.,0.,0.));
#10129=DIRECTION('',(0.,0.,-1.));
#10130=DIRECTION('',(0.,0.,-1.));
#10131=DIRECTION('',(0.,-1.,0.));
#10132=DIRECTION('',(0.,0.,-1.));
#10133=DIRECTION('',(-1.,0.,0.));
#10134=DIRECTION('',(0.,0.,-1.));
#10135=DIRECTION('',(0.,0.,-1.));
#10136=DIRECTION('',(0.967159154177929,0.254171537528954,0.));
#10137=DIRECTION('',(-0.254171537528954,0.967159154177929,0.));
#10138=DIRECTION('',(0.254171537528954,-0.967159154177929,0.));
#10139=DIRECTION('',(0.,0.,-1.));
#10140=DIRECTION('',(0.,0.,-1.));
#10141=DIRECTION('',(0.,1.,0.));
#10142=DIRECTION('',(0.,0.,1.));
#10143=DIRECTION('',(1.,0.,0.));
#10144=DIRECTION('',(0.,0.,-1.));
#10145=DIRECTION('',(0.,0.,-1.));
#10146=DIRECTION('',(-0.967159154177929,0.254171537528955,0.));
#10147=DIRECTION('',(-0.254171537528955,-0.967159154177929,0.));
#10148=DIRECTION('',(0.254171537528955,0.967159154177929,0.));
#10149=DIRECTION('',(0.,0.,-1.));
#10150=DIRECTION('',(0.,0.,-1.));
#10151=DIRECTION('',(0.,-1.,0.));
#10152=DIRECTION('',(0.,0.,-1.));
#10153=DIRECTION('',(-1.,0.,0.));
#10154=DIRECTION('',(0.,0.,-1.));
#10155=DIRECTION('',(0.,0.,-1.));
#10156=DIRECTION('',(0.,0.,-1.));
#10157=DIRECTION('',(0.968833434127946,-0.247713093953168,0.));
#10158=DIRECTION('',(0.247713093953168,0.968833434127946,0.));
#10159=DIRECTION('',(-0.247713093953168,-0.968833434127946,0.));
#10160=DIRECTION('',(0.,0.,-1.));
#10161=DIRECTION('',(0.,-1.,0.));
#10162=DIRECTION('',(0.,0.,-1.));
#10163=DIRECTION('',(-1.,0.,0.));
#10164=DIRECTION('',(0.,0.,-1.));
#10165=DIRECTION('',(-0.96916295886013,-0.246420695505629,0.));
#10166=DIRECTION('',(0.246420695505629,-0.96916295886013,0.));
#10167=DIRECTION('',(-0.246420695505629,0.96916295886013,0.));
#10168=DIRECTION('',(0.,0.,-1.));
#10169=DIRECTION('',(0.,-1.,0.));
#10170=DIRECTION('',(0.,0.,-1.));
#10171=DIRECTION('',(-1.,0.,0.));
#10172=DIRECTION('',(0.,0.,-1.));
#10173=DIRECTION('',(-1.,0.,0.));
#10174=DIRECTION('',(0.,0.,-1.));
#10175=DIRECTION('',(-0.970327335650936,-0.241795082018962,0.));
#10176=DIRECTION('',(0.241795082018962,-0.970327335650936,0.));
#10177=DIRECTION('',(-0.241795082018962,0.970327335650936,0.));
#10178=DIRECTION('',(-0.241795082018962,0.970327335650936,0.));
#10179=DIRECTION('',(0.,0.,-1.));
#10180=DIRECTION('',(0.,1.,0.));
#10181=DIRECTION('',(0.,0.,1.));
#10182=DIRECTION('',(1.,0.,0.));
#10183=DIRECTION('',(1.,0.,0.));
#10184=DIRECTION('',(0.,0.,-1.));
#10185=DIRECTION('',(0.970327335650936,-0.241795082018962,0.));
#10186=DIRECTION('',(0.241795082018962,0.970327335650936,0.));
#10187=DIRECTION('',(-0.241795082018962,-0.970327335650936,0.));
#10188=DIRECTION('',(-0.241795082018962,-0.970327335650936,0.));
#10189=DIRECTION('',(0.,0.,1.));
#10190=DIRECTION('',(1.,0.,0.));
#10191=DIRECTION('',(0.,0.,1.));
#10192=DIRECTION('',(1.,0.,0.));
#10193=DIRECTION('',(0.,0.,-1.));
#10194=DIRECTION('',(0.,0.,-1.));
#10195=DIRECTION('',(-1.,0.,0.));
#10196=DIRECTION('',(0.,0.,1.));
#10197=DIRECTION('',(0.,1.,0.));
#10198=DIRECTION('',(0.,0.,-1.));
#10199=DIRECTION('',(0.,0.,-1.));
#10200=DIRECTION('',(0.,-1.,0.));
#10201=DIRECTION('',(0.,0.,-1.));
#10202=DIRECTION('',(-1.,0.,0.));
#10203=DIRECTION('',(0.,0.,-1.));
#10204=DIRECTION('',(0.,0.,-1.));
#10205=DIRECTION('',(1.,0.,0.));
#10206=DIRECTION('',(0.,0.,-1.));
#10207=DIRECTION('',(0.,-1.,0.));
#10208=DIRECTION('',(0.,0.,-1.));
#10209=DIRECTION('',(0.,0.,-1.));
#10210=DIRECTION('',(0.,1.,0.));
#10211=DIRECTION('',(0.,0.,1.));
#10212=DIRECTION('',(1.,0.,0.));
#10213=DIRECTION('',(0.,0.,1.));
#10214=DIRECTION('',(1.,0.,0.));
#10215=DIRECTION('',(0.,0.,-1.));
#10216=DIRECTION('',(0.,0.,-1.));
#10217=DIRECTION('',(0.,-1.,0.));
#10218=DIRECTION('',(0.,0.,-1.));
#10219=DIRECTION('',(-1.,0.,0.));
#10220=DIRECTION('',(0.,0.,-1.));
#10221=DIRECTION('',(0.,0.,-1.));
#10222=DIRECTION('',(1.,0.,0.));
#10223=DIRECTION('',(0.,0.,-1.));
#10224=DIRECTION('',(0.,-1.,0.));
#10225=DIRECTION('',(0.,0.,-1.));
#10226=DIRECTION('',(0.,0.,-1.));
#10227=DIRECTION('',(0.,1.,0.));
#10228=DIRECTION('',(0.,0.,1.));
#10229=DIRECTION('',(1.,0.,0.));
#10230=DIRECTION('',(0.,0.,-1.));
#10231=DIRECTION('',(0.,0.,-1.));
#10232=DIRECTION('',(-1.,0.,0.));
#10233=DIRECTION('',(0.,0.,1.));
#10234=DIRECTION('',(0.,1.,0.));
#10235=DIRECTION('',(0.,0.,1.));
#10236=DIRECTION('',(1.,0.,0.));
#10237=DIRECTION('',(0.,0.,-1.));
#10238=DIRECTION('',(0.,0.,-1.));
#10239=DIRECTION('',(0.,-1.,0.));
#10240=DIRECTION('',(0.,0.,-1.));
#10241=DIRECTION('',(-1.,0.,0.));
#10242=DIRECTION('',(0.,0.,-1.));
#10243=DIRECTION('',(0.,0.,-1.));
#10244=DIRECTION('',(1.,0.,0.));
#10245=DIRECTION('',(0.,0.,-1.));
#10246=DIRECTION('',(0.,-1.,0.));
#10247=DIRECTION('',(0.,0.,-1.));
#10248=DIRECTION('',(0.,0.,-1.));
#10249=DIRECTION('',(0.,1.,0.));
#10250=DIRECTION('',(0.,0.,1.));
#10251=DIRECTION('',(1.,0.,0.));
#10252=DIRECTION('',(0.,0.,-1.));
#10253=DIRECTION('',(0.,0.,-1.));
#10254=DIRECTION('',(-1.,0.,0.));
#10255=DIRECTION('',(0.,0.,1.));
#10256=DIRECTION('',(0.,1.,0.));
#10257=DIRECTION('',(0.,0.,-1.));
#10258=DIRECTION('',(0.,0.,-1.));
#10259=DIRECTION('',(0.,1.,0.));
#10260=DIRECTION('',(0.,0.,1.));
#10261=DIRECTION('',(1.,0.,0.));
#10262=DIRECTION('',(0.,0.,-1.));
#10263=DIRECTION('',(0.,0.,-1.));
#10264=DIRECTION('',(1.,0.,0.));
#10265=DIRECTION('',(0.,0.,-1.));
#10266=DIRECTION('',(0.,-1.,0.));
#10267=DIRECTION('',(0.,0.,-1.));
#10268=DIRECTION('',(0.,0.,-1.));
#10269=DIRECTION('',(0.,1.,0.));
#10270=DIRECTION('',(0.,0.,1.));
#10271=DIRECTION('',(1.,0.,0.));
#10272=DIRECTION('',(0.,0.,-1.));
#10273=DIRECTION('',(0.,0.,-1.));
#10274=DIRECTION('',(-1.,0.,0.));
#10275=DIRECTION('',(0.,0.,1.));
#10276=DIRECTION('',(0.,1.,0.));
#10277=DIRECTION('',(0.,0.,-1.));
#10278=DIRECTION('',(0.,0.,-1.));
#10279=DIRECTION('',(0.,-1.,0.));
#10280=DIRECTION('',(0.,0.,-1.));
#10281=DIRECTION('',(-1.,0.,0.));
#10282=DIRECTION('',(0.,0.,-1.));
#10283=DIRECTION('',(0.,0.,-1.));
#10284=DIRECTION('',(1.,0.,0.));
#10285=DIRECTION('',(0.,0.,-1.));
#10286=DIRECTION('',(0.,-1.,0.));
#10287=DIRECTION('',(0.,0.,-1.));
#10288=DIRECTION('',(0.,0.,-1.));
#10289=DIRECTION('',(0.,-1.,0.));
#10290=DIRECTION('',(0.,0.,-1.));
#10291=DIRECTION('',(-1.,0.,0.));
#10292=DIRECTION('',(0.,0.,-1.));
#10293=DIRECTION('',(0.,0.,-1.));
#10294=DIRECTION('',(-1.,0.,0.));
#10295=DIRECTION('',(0.,0.,1.));
#10296=DIRECTION('',(0.,1.,0.));
#10297=DIRECTION('',(0.,0.,1.));
#10298=DIRECTION('',(1.,0.,0.));
#10299=DIRECTION('',(0.,0.,-1.));
#10300=DIRECTION('',(0.,0.,-1.));
#10301=DIRECTION('',(0.,1.,0.));
#10302=DIRECTION('',(0.,0.,1.));
#10303=DIRECTION('',(1.,0.,0.));
#10304=DIRECTION('',(0.,0.,-1.));
#10305=DIRECTION('',(0.,0.,-1.));
#10306=DIRECTION('',(-1.,0.,0.));
#10307=DIRECTION('',(0.,0.,1.));
#10308=DIRECTION('',(0.,1.,0.));
#10309=DIRECTION('',(0.,0.,-1.));
#10310=DIRECTION('',(0.,0.,-1.));
#10311=DIRECTION('',(0.,0.,-1.));
#10312=DIRECTION('',(0.,-1.,0.));
#10313=DIRECTION('',(0.,0.,-1.));
#10314=DIRECTION('',(-1.,0.,0.));
#10315=DIRECTION('',(0.,0.,-1.));
#10316=DIRECTION('',(0.,0.,-1.));
#10317=DIRECTION('',(0.,0.,-1.));
#10318=DIRECTION('',(1.,0.,0.));
#10319=DIRECTION('',(0.,0.,-1.));
#10320=DIRECTION('',(0.,-1.,0.));
#10321=DIRECTION('',(0.,0.,-1.));
#10322=DIRECTION('',(0.,0.,-1.));
#10323=DIRECTION('',(0.,1.,0.));
#10324=DIRECTION('',(0.,0.,1.));
#10325=DIRECTION('',(1.,0.,0.));
#10326=DIRECTION('',(0.,0.,-1.));
#10327=DIRECTION('',(0.,0.,-1.));
#10328=DIRECTION('',(-1.,0.,0.));
#10329=DIRECTION('',(0.,0.,1.));
#10330=DIRECTION('',(0.,1.,0.));
#10331=DIRECTION('',(0.,0.,-1.));
#10332=DIRECTION('',(0.,0.,-1.));
#10333=DIRECTION('',(0.,0.,-1.));
#10334=DIRECTION('',(0.,1.,0.));
#10335=DIRECTION('',(0.,0.,1.));
#10336=DIRECTION('',(1.,0.,0.));
#10337=DIRECTION('',(0.,0.,-1.));
#10338=DIRECTION('',(0.,0.,-1.));
#10339=DIRECTION('',(0.,0.,-1.));
#10340=DIRECTION('',(1.,0.,0.));
#10341=DIRECTION('',(0.,0.,-1.));
#10342=DIRECTION('',(0.,-1.,0.));
#10343=DIRECTION('',(0.,0.,1.));
#10344=DIRECTION('',(1.,0.,0.));
#10345=DIRECTION('',(0.,0.,-1.));
#10346=DIRECTION('',(0.,0.,-1.));
#10347=DIRECTION('',(0.,-1.,0.));
#10348=DIRECTION('',(0.,0.,-1.));
#10349=DIRECTION('',(-1.,0.,0.));
#10350=DIRECTION('',(0.,0.,-1.));
#10351=DIRECTION('',(0.,0.,-1.));
#10352=DIRECTION('',(1.,0.,0.));
#10353=DIRECTION('',(0.,0.,-1.));
#10354=DIRECTION('',(0.,-1.,0.));
#10355=DIRECTION('',(0.,0.,-1.));
#10356=DIRECTION('',(0.,0.,-1.));
#10357=DIRECTION('',(0.,1.,0.));
#10358=DIRECTION('',(0.,0.,1.));
#10359=DIRECTION('',(1.,0.,0.));
#10360=DIRECTION('',(0.,0.,-1.));
#10361=DIRECTION('',(0.,0.,-1.));
#10362=DIRECTION('',(-1.,0.,0.));
#10363=DIRECTION('',(0.,0.,1.));
#10364=DIRECTION('',(0.,1.,0.));
#10365=DIRECTION('',(0.,0.,-1.));
#10366=DIRECTION('',(0.,1.,0.));
#10367=DIRECTION('',(0.,0.,1.));
#10368=DIRECTION('',(1.,0.,0.));
#10369=DIRECTION('',(0.,0.,-1.));
#10370=DIRECTION('',(0.,0.,-1.));
#10371=DIRECTION('',(0.,0.,-1.));
#10372=DIRECTION('',(-0.228816742740539,-0.973469515825539,0.));
#10373=DIRECTION('',(0.,0.,-1.));
#10374=DIRECTION('',(-1.,0.,0.));
#10375=DIRECTION('',(0.,0.,-1.));
#10376=DIRECTION('',(0.,1.,0.));
#10377=DIRECTION('',(0.,0.,1.));
#10378=DIRECTION('',(1.,0.,0.));
#10379=DIRECTION('',(0.,0.,-1.));
#10380=DIRECTION('',(0.,0.,-1.));
#10381=DIRECTION('',(0.,0.,-1.));
#10382=DIRECTION('',(0.,1.,0.));
#10383=DIRECTION('',(0.,0.,1.));
#10384=DIRECTION('',(1.,0.,0.));
#10385=DIRECTION('',(0.,0.,-1.));
#10386=DIRECTION('',(0.,0.,-1.));
#10387=DIRECTION('',(0.,0.,-1.));
#10388=DIRECTION('',(-1.,0.,0.));
#10389=DIRECTION('',(0.,0.,1.));
#10390=DIRECTION('',(0.,1.,0.));
#10391=DIRECTION('',(0.,0.,-1.));
#10392=DIRECTION('',(0.,0.,-1.));
#10393=DIRECTION('',(0.,-1.,0.));
#10394=DIRECTION('',(0.,0.,-1.));
#10395=DIRECTION('',(-1.,0.,0.));
#10396=DIRECTION('',(0.,0.,-1.));
#10397=DIRECTION('',(0.,0.,-1.));
#10398=DIRECTION('',(1.,0.,0.));
#10399=DIRECTION('',(0.,0.,-1.));
#10400=DIRECTION('',(0.,-1.,0.));
#10401=DIRECTION('',(0.,0.,-1.));
#10402=DIRECTION('',(0.,0.,-1.));
#10403=DIRECTION('',(0.,0.,-1.));
#10404=DIRECTION('',(0.,-1.,0.));
#10405=DIRECTION('',(0.,0.,-1.));
#10406=DIRECTION('',(-1.,0.,0.));
#10407=DIRECTION('',(0.,0.,-1.));
#10408=DIRECTION('',(0.,0.,-1.));
#10409=DIRECTION('',(-1.,0.,0.));
#10410=DIRECTION('',(0.,0.,1.));
#10411=DIRECTION('',(0.,1.,0.));
#10412=DIRECTION('',(0.,0.,-1.));
#10413=DIRECTION('',(0.,0.,-1.));
#10414=DIRECTION('',(0.,-1.,0.));
#10415=DIRECTION('',(0.,0.,-1.));
#10416=DIRECTION('',(-1.,0.,0.));
#10417=DIRECTION('',(0.,0.,-1.));
#10418=DIRECTION('',(0.,0.,-1.));
#10419=DIRECTION('',(1.,0.,0.));
#10420=DIRECTION('',(0.,0.,-1.));
#10421=DIRECTION('',(0.,-1.,0.));
#10422=DIRECTION('',(0.,0.,-1.));
#10423=DIRECTION('',(0.,0.,-1.));
#10424=DIRECTION('',(0.,0.,-1.));
#10425=DIRECTION('',(0.,-1.,0.));
#10426=DIRECTION('',(0.,0.,-1.));
#10427=DIRECTION('',(-1.,0.,0.));
#10428=DIRECTION('',(0.,0.,-1.));
#10429=DIRECTION('',(0.,0.,-1.));
#10430=DIRECTION('',(-1.,0.,0.));
#10431=DIRECTION('',(0.,0.,1.));
#10432=DIRECTION('',(0.,1.,0.));
#10433=DIRECTION('',(0.,0.,1.));
#10434=DIRECTION('',(1.,0.,0.));
#10435=DIRECTION('',(0.,0.,-1.));
#10436=DIRECTION('',(0.,0.,-1.));
#10437=DIRECTION('',(0.,-1.,0.));
#10438=DIRECTION('',(0.,0.,-1.));
#10439=DIRECTION('',(-1.,0.,0.));
#10440=DIRECTION('',(0.,0.,-1.));
#10441=DIRECTION('',(0.,0.,-1.));
#10442=DIRECTION('',(1.,0.,0.));
#10443=DIRECTION('',(0.,0.,-1.));
#10444=DIRECTION('',(0.,-1.,0.));
#10445=DIRECTION('',(0.,0.,-1.));
#10446=DIRECTION('',(0.,0.,-1.));
#10447=DIRECTION('',(0.,1.,0.));
#10448=DIRECTION('',(0.,0.,1.));
#10449=DIRECTION('',(1.,0.,0.));
#10450=DIRECTION('',(0.,0.,-1.));
#10451=DIRECTION('',(0.,0.,-1.));
#10452=DIRECTION('',(0.,0.,-1.));
#10453=DIRECTION('',(0.,-1.,0.));
#10454=DIRECTION('',(0.,0.,-1.));
#10455=DIRECTION('',(-1.,0.,0.));
#10456=DIRECTION('',(0.,0.,-1.));
#10457=DIRECTION('',(0.,0.,-1.));
#10458=DIRECTION('',(0.966558093937704,-0.256447754997996,0.));
#10459=DIRECTION('',(0.256447754997996,0.966558093937704,0.));
#10460=DIRECTION('',(-0.256447754997996,-0.966558093937704,0.));
#10461=DIRECTION('',(0.,0.,-1.));
#10462=DIRECTION('',(0.,0.,-1.));
#10463=DIRECTION('',(0.,1.,0.));
#10464=DIRECTION('',(0.,0.,1.));
#10465=DIRECTION('',(1.,0.,0.));
#10466=DIRECTION('',(0.,0.,-1.));
#10467=DIRECTION('',(0.,0.,-1.));
#10468=DIRECTION('',(-0.973944519498585,0.226786403778248,0.));
#10469=DIRECTION('',(-0.226786403778248,-0.973944519498585,0.));
#10470=DIRECTION('',(0.226786403778248,0.973944519498585,0.));
#10471=DIRECTION('',(0.,0.,-1.));
#10472=DIRECTION('',(0.,1.,0.));
#10473=DIRECTION('',(0.,0.,1.));
#10474=DIRECTION('',(1.,0.,0.));
#10475=DIRECTION('',(0.,0.,-1.));
#10476=DIRECTION('',(0.974488452170468,0.224437645207762,0.));
#10477=DIRECTION('',(-0.224437645207762,0.974488452170468,0.));
#10478=DIRECTION('',(0.224437645207762,-0.974488452170468,0.));
#10479=DIRECTION('',(0.,0.,-1.));
#10480=DIRECTION('',(0.,0.,-1.));
#10481=DIRECTION('',(0.,1.,0.));
#10482=DIRECTION('',(0.,0.,1.));
#10483=DIRECTION('',(1.,0.,0.));
#10484=DIRECTION('',(0.,0.,-1.));
#10485=DIRECTION('',(0.,0.,-1.));
#10486=DIRECTION('',(-0.970124224535443,-0.242608715773993,0.));
#10487=DIRECTION('',(0.242608715773993,-0.970124224535443,0.));
#10488=DIRECTION('',(-0.242608715773993,0.970124224535443,0.));
#10489=DIRECTION('',(0.,0.,-1.));
#10490=DIRECTION('',(0.,0.,1.));
#10491=DIRECTION('',(1.,0.,0.));
#10492=DIRECTION('',(0.,0.,-1.));
#10493=DIRECTION('',(0.,0.,-1.));
#10494=DIRECTION('',(0.,-1.,0.));
#10495=DIRECTION('',(0.,0.,-1.));
#10496=DIRECTION('',(-1.,0.,0.));
#10497=DIRECTION('',(0.,0.,-1.));
#10498=DIRECTION('',(0.,0.,-1.));
#10499=DIRECTION('',(0.968119466816202,-0.250488917861676,0.));
#10500=DIRECTION('',(0.250488917861676,0.968119466816202,0.));
#10501=DIRECTION('',(-0.250488917861676,-0.968119466816202,0.));
#10502=DIRECTION('',(0.,0.,-1.));
#10503=DIRECTION('',(0.,0.,-1.));
#10504=DIRECTION('',(0.,1.,0.));
#10505=DIRECTION('',(0.,0.,1.));
#10506=DIRECTION('',(1.,0.,0.));
#10507=DIRECTION('',(0.,0.,-1.));
#10508=DIRECTION('',(0.,0.,-1.));
#10509=DIRECTION('',(-0.977979315333033,0.208701841824006,0.));
#10510=DIRECTION('',(-0.208701841824006,-0.977979315333033,0.));
#10511=DIRECTION('',(0.208701841824006,0.977979315333033,0.));
#10512=DIRECTION('',(0.,0.,-1.));
#10513=DIRECTION('',(0.,1.,0.));
#10514=DIRECTION('',(0.,0.,1.));
#10515=DIRECTION('',(1.,0.,0.));
#10516=DIRECTION('',(0.,0.,-1.));
#10517=DIRECTION('',(0.977979315333033,0.208701841824008,0.));
#10518=DIRECTION('',(-0.208701841824008,0.977979315333033,0.));
#10519=DIRECTION('',(0.208701841824008,-0.977979315333033,0.));
#10520=DIRECTION('',(0.,0.,-1.));
#10521=DIRECTION('',(0.,0.,-1.));
#10522=DIRECTION('',(0.,1.,0.));
#10523=DIRECTION('',(0.,0.,1.));
#10524=DIRECTION('',(1.,0.,0.));
#10525=DIRECTION('',(0.,0.,-1.));
#10526=DIRECTION('',(0.,0.,-1.));
#10527=DIRECTION('',(-0.968119466816201,-0.250488917861678,0.));
#10528=DIRECTION('',(0.250488917861678,-0.968119466816201,0.));
#10529=DIRECTION('',(-0.250488917861678,0.968119466816201,0.));
#10530=DIRECTION('',(0.,0.,1.));
#10531=DIRECTION('',(1.,0.,0.));
#10532=DIRECTION('',(0.,0.,-1.));
#10533=DIRECTION('',(0.,0.,-1.));
#10534=DIRECTION('',(-1.,0.,0.));
#10535=DIRECTION('',(0.,0.,1.));
#10536=DIRECTION('',(0.,1.,0.));
#10537=DIRECTION('',(0.,0.,-1.));
#10538=DIRECTION('',(0.,0.,-1.));
#10539=DIRECTION('',(0.,-1.,0.));
#10540=DIRECTION('',(0.,0.,-1.));
#10541=DIRECTION('',(-1.,0.,0.));
#10542=DIRECTION('',(0.,0.,-1.));
#10543=DIRECTION('',(0.,0.,-1.));
#10544=DIRECTION('',(1.,0.,0.));
#10545=DIRECTION('',(0.,0.,-1.));
#10546=DIRECTION('',(0.,-1.,0.));
#10547=DIRECTION('',(0.,0.,-1.));
#10548=DIRECTION('',(0.,0.,-1.));
#10549=DIRECTION('',(0.,1.,0.));
#10550=DIRECTION('',(0.,0.,1.));
#10551=DIRECTION('',(1.,0.,0.));
#10552=DIRECTION('',(0.,0.,1.));
#10553=DIRECTION('',(1.,0.,0.));
#10554=DIRECTION('',(0.,0.,-1.));
#10555=DIRECTION('',(0.,0.,-1.));
#10556=DIRECTION('',(0.,-1.,0.));
#10557=DIRECTION('',(0.,0.,-1.));
#10558=DIRECTION('',(-1.,0.,0.));
#10559=DIRECTION('',(0.,0.,-1.));
#10560=DIRECTION('',(0.,0.,-1.));
#10561=DIRECTION('',(1.,0.,0.));
#10562=DIRECTION('',(0.,0.,-1.));
#10563=DIRECTION('',(0.,-1.,0.));
#10564=DIRECTION('',(0.,0.,-1.));
#10565=DIRECTION('',(0.,0.,-1.));
#10566=DIRECTION('',(0.,1.,0.));
#10567=DIRECTION('',(0.,0.,1.));
#10568=DIRECTION('',(1.,0.,0.));
#10569=DIRECTION('',(0.,0.,-1.));
#10570=DIRECTION('',(0.,0.,-1.));
#10571=DIRECTION('',(0.,0.,-1.));
#10572=DIRECTION('',(-1.,0.,0.));
#10573=DIRECTION('',(0.,0.,1.));
#10574=DIRECTION('',(0.,1.,0.));
#10575=DIRECTION('',(0.,0.,-1.));
#10576=DIRECTION('',(0.,0.,-1.));
#10577=DIRECTION('',(-1.,0.,0.));
#10578=DIRECTION('',(0.,0.,1.));
#10579=DIRECTION('',(0.,1.,0.));
#10580=DIRECTION('',(0.,0.,-1.));
#10581=DIRECTION('',(-0.901513198911797,0.432751605644414,0.));
#10582=DIRECTION('',(-0.432751605644414,-0.901513198911797,0.));
#10583=DIRECTION('',(0.432751605644414,0.901513198911797,0.));
#10584=DIRECTION('',(0.,0.,-1.));
#10585=DIRECTION('',(0.,0.,-1.));
#10586=DIRECTION('',(0.,-1.,0.));
#10587=DIRECTION('',(0.,0.,-1.));
#10588=DIRECTION('',(-1.,0.,0.));
#10589=DIRECTION('',(0.,0.,-1.));
#10590=DIRECTION('',(0.,0.,-1.));
#10591=DIRECTION('',(0.,0.,-1.));
#10592=DIRECTION('',(0.907536388688763,-0.419973455358502,0.));
#10593=DIRECTION('',(0.419973455358502,0.907536388688763,0.));
#10594=DIRECTION('',(-0.419973455358502,-0.907536388688763,0.));
#10595=DIRECTION('',(0.,0.,-1.));
#10596=DIRECTION('',(0.,-1.,0.));
#10597=DIRECTION('',(0.,0.,-1.));
#10598=DIRECTION('',(-1.,0.,0.));
#10599=DIRECTION('',(0.,0.,-1.));
#10600=DIRECTION('',(0.,0.,-1.));
#10601=DIRECTION('',(0.,0.,-1.));
#10602=DIRECTION('',(0.,0.,-1.));
#10603=DIRECTION('',(0.,1.,0.));
#10604=DIRECTION('',(0.,0.,1.));
#10605=DIRECTION('',(1.,0.,0.));
#10606=DIRECTION('',(1.,0.,0.));
#10607=DIRECTION('',(0.,0.,-1.));
#10608=DIRECTION('',(0.,0.,-1.));
#10609=DIRECTION('',(0.,0.,-1.));
#10610=DIRECTION('',(1.,0.,0.));
#10611=DIRECTION('',(0.,0.,-1.));
#10612=DIRECTION('',(0.,-1.,0.));
#10613=DIRECTION('',(0.,-1.,0.));
#10614=DIRECTION('',(0.,0.,-1.));
#10615=DIRECTION('',(0.,0.,-1.));
#10616=DIRECTION('',(0.,0.,-1.));
#10617=DIRECTION('',(0.,-1.,0.));
#10618=DIRECTION('',(0.,0.,-1.));
#10619=DIRECTION('',(-1.,0.,0.));
#10620=DIRECTION('',(-1.,0.,0.));
#10621=DIRECTION('',(0.,0.,-1.));
#10622=DIRECTION('',(0.,0.,-1.));
#10623=DIRECTION('',(-1.,0.,0.));
#10624=DIRECTION('',(0.,0.,1.));
#10625=DIRECTION('',(0.,1.,0.));
#10626=DIRECTION('',(0.,1.,0.));
#10627=DIRECTION('',(-1.,0.,0.));
#10628=DIRECTION('',(0.,0.,1.));
#10629=DIRECTION('',(0.,1.,0.));
#10630=DIRECTION('',(0.,0.,1.));
#10631=DIRECTION('',(1.,0.,0.));
#10632=DIRECTION('',(0.,0.,1.));
#10633=DIRECTION('',(1.,0.,0.));
#10634=DIRECTION('',(0.,0.,-1.));
#10635=DIRECTION('',(0.,0.,-1.));
#10636=DIRECTION('',(0.,-1.,0.));
#10637=DIRECTION('',(0.,0.,-1.));
#10638=DIRECTION('',(-1.,0.,0.));
#10639=DIRECTION('',(0.,0.,-1.));
#10640=DIRECTION('',(0.,0.,-1.));
#10641=DIRECTION('',(0.967159154177929,0.254171537528954,0.));
#10642=DIRECTION('',(-0.254171537528954,0.967159154177929,0.));
#10643=DIRECTION('',(0.254171537528954,-0.967159154177929,0.));
#10644=DIRECTION('',(0.,0.,-1.));
#10645=DIRECTION('',(0.,0.,-1.));
#10646=DIRECTION('',(0.,1.,0.));
#10647=DIRECTION('',(0.,0.,1.));
#10648=DIRECTION('',(1.,0.,0.));
#10649=DIRECTION('',(0.,0.,-1.));
#10650=DIRECTION('',(0.,0.,-1.));
#10651=DIRECTION('',(-0.967159154177929,0.254171537528954,0.));
#10652=DIRECTION('',(-0.254171537528954,-0.967159154177929,0.));
#10653=DIRECTION('',(0.254171537528954,0.967159154177929,0.));
#10654=DIRECTION('',(0.,0.,-1.));
#10655=DIRECTION('',(0.,0.,-1.));
#10656=DIRECTION('',(0.,-1.,0.));
#10657=DIRECTION('',(0.,0.,-1.));
#10658=DIRECTION('',(-1.,0.,0.));
#10659=DIRECTION('',(0.,0.,-1.));
#10660=DIRECTION('',(0.,0.,-1.));
#10661=DIRECTION('',(0.,0.,-1.));
#10662=DIRECTION('',(0.968833434127946,-0.247713093953168,0.));
#10663=DIRECTION('',(0.247713093953168,0.968833434127946,0.));
#10664=DIRECTION('',(-0.247713093953168,-0.968833434127946,0.));
#10665=DIRECTION('',(0.,0.,-1.));
#10666=DIRECTION('',(0.,-1.,0.));
#10667=DIRECTION('',(0.,0.,-1.));
#10668=DIRECTION('',(-1.,0.,0.));
#10669=DIRECTION('',(0.,0.,-1.));
#10670=DIRECTION('',(-0.96916295886013,-0.246420695505629,0.));
#10671=DIRECTION('',(0.246420695505629,-0.96916295886013,0.));
#10672=DIRECTION('',(-0.246420695505629,0.96916295886013,0.));
#10673=DIRECTION('',(0.,0.,-1.));
#10674=DIRECTION('',(0.,-1.,0.));
#10675=DIRECTION('',(0.,0.,-1.));
#10676=DIRECTION('',(-1.,0.,0.));
#10677=DIRECTION('',(0.,0.,-1.));
#10678=DIRECTION('',(-1.,0.,0.));
#10679=DIRECTION('',(0.,0.,-1.));
#10680=DIRECTION('',(-0.970327335650936,-0.241795082018962,0.));
#10681=DIRECTION('',(0.241795082018962,-0.970327335650936,0.));
#10682=DIRECTION('',(-0.241795082018962,0.970327335650936,0.));
#10683=DIRECTION('',(-0.241795082018962,0.970327335650936,0.));
#10684=DIRECTION('',(0.,0.,-1.));
#10685=DIRECTION('',(0.,1.,0.));
#10686=DIRECTION('',(0.,0.,1.));
#10687=DIRECTION('',(1.,0.,0.));
#10688=DIRECTION('',(1.,0.,0.));
#10689=DIRECTION('',(0.,0.,-1.));
#10690=DIRECTION('',(0.970327335650936,-0.241795082018962,0.));
#10691=DIRECTION('',(0.241795082018962,0.970327335650936,0.));
#10692=DIRECTION('',(-0.241795082018962,-0.970327335650936,0.));
#10693=DIRECTION('',(-0.241795082018962,-0.970327335650936,0.));
#10694=DIRECTION('',(0.,0.,1.));
#10695=DIRECTION('',(1.,0.,0.));
#10696=DIRECTION('',(0.,0.,1.));
#10697=DIRECTION('',(1.,0.,0.));
#10698=DIRECTION('',(0.,0.,-1.));
#10699=DIRECTION('',(0.,0.,-1.));
#10700=DIRECTION('',(0.,1.,0.));
#10701=DIRECTION('',(0.,0.,1.));
#10702=DIRECTION('',(1.,0.,0.));
#10703=DIRECTION('',(1.,0.,0.));
#10704=DIRECTION('',(0.,0.,-1.));
#10705=DIRECTION('',(0.,0.,-1.));
#10706=DIRECTION('',(0.,0.,-1.));
#10707=DIRECTION('',(1.,0.,0.));
#10708=DIRECTION('',(0.,0.,-1.));
#10709=DIRECTION('',(0.,-1.,0.));
#10710=DIRECTION('',(0.,-1.,0.));
#10711=DIRECTION('',(0.,0.,-1.));
#10712=DIRECTION('',(0.,0.,-1.));
#10713=DIRECTION('',(0.,0.,-1.));
#10714=DIRECTION('',(0.,-1.,0.));
#10715=DIRECTION('',(0.,0.,-1.));
#10716=DIRECTION('',(-1.,0.,0.));
#10717=DIRECTION('',(-1.,0.,0.));
#10718=DIRECTION('',(0.,0.,-1.));
#10719=DIRECTION('',(0.,0.,-1.));
#10720=DIRECTION('',(0.,0.,-1.));
#10721=DIRECTION('',(0.,0.,-1.));
#10722=DIRECTION('',(1.,0.,0.));
#10723=DIRECTION('',(0.,0.,-1.));
#10724=DIRECTION('',(0.,-1.,0.));
#10725=DIRECTION('',(0.,0.,-1.));
#10726=DIRECTION('',(0.,0.,-1.));
#10727=DIRECTION('',(0.,1.,0.));
#10728=DIRECTION('',(0.,0.,1.));
#10729=DIRECTION('',(1.,0.,0.));
#10730=DIRECTION('',(0.,0.,-1.));
#10731=DIRECTION('',(0.,0.,-1.));
#10732=DIRECTION('',(-1.,0.,0.));
#10733=DIRECTION('',(0.,0.,1.));
#10734=DIRECTION('',(0.,1.,0.));
#10735=DIRECTION('',(0.,0.,-1.));
#10736=DIRECTION('',(0.,1.,0.));
#10737=DIRECTION('',(0.,0.,1.));
#10738=DIRECTION('',(1.,0.,0.));
#10739=DIRECTION('',(0.,0.,-1.));
#10740=DIRECTION('',(0.,0.,-1.));
#10741=DIRECTION('',(-0.727324068913053,-0.686294178016804,0.));
#10742=DIRECTION('',(0.,0.,-1.));
#10743=DIRECTION('',(-1.,0.,0.));
#10744=DIRECTION('',(0.,0.,-1.));
#10745=DIRECTION('',(0.,0.,-1.));
#10746=DIRECTION('',(-0.230178651058663,-0.973148389813606,0.));
#10747=DIRECTION('',(0.,0.,-1.));
#10748=DIRECTION('',(-1.,0.,0.));
#10749=DIRECTION('',(0.,0.,-1.));
#10750=DIRECTION('',(0.,1.,0.));
#10751=DIRECTION('',(0.,0.,1.));
#10752=DIRECTION('',(1.,0.,0.));
#10753=DIRECTION('',(0.,0.,-1.));
#10754=DIRECTION('',(0.,0.,-1.));
#10755=DIRECTION('',(0.,0.,-1.));
#10756=DIRECTION('',(-1.,0.,0.));
#10757=DIRECTION('',(0.,0.,1.));
#10758=DIRECTION('',(0.,1.,0.));
#10759=DIRECTION('',(0.,0.,-1.));
#10760=DIRECTION('',(0.,0.,-1.));
#10761=DIRECTION('',(0.,0.,-1.));
#10762=DIRECTION('',(0.,-1.,0.));
#10763=DIRECTION('',(0.,0.,-1.));
#10764=DIRECTION('',(-1.,0.,0.));
#10765=DIRECTION('',(-1.,0.,0.));
#10766=DIRECTION('',(0.,0.,1.));
#10767=DIRECTION('',(0.,1.,0.));
#10768=DIRECTION('',(0.,1.,0.));
#10769=DIRECTION('',(0.,0.,1.));
#10770=DIRECTION('',(1.,0.,0.));
#10771=DIRECTION('',(0.,0.,-1.));
#10772=DIRECTION('',(0.,0.,-1.));
#10773=DIRECTION('',(0.,-1.,0.));
#10774=DIRECTION('',(0.,0.,-1.));
#10775=DIRECTION('',(-1.,0.,0.));
#10776=DIRECTION('',(0.,0.,-1.));
#10777=DIRECTION('',(0.,0.,-1.));
#10778=DIRECTION('',(0.,0.,-1.));
#10779=DIRECTION('',(1.,0.,0.));
#10780=DIRECTION('',(0.,0.,-1.));
#10781=DIRECTION('',(0.,-1.,0.));
#10782=DIRECTION('',(0.,0.,-1.));
#10783=DIRECTION('',(0.,0.,-1.));
#10784=DIRECTION('',(0.,0.,-1.));
#10785=DIRECTION('',(0.,1.,0.));
#10786=DIRECTION('',(0.,0.,1.));
#10787=DIRECTION('',(1.,0.,0.));
#10788=DIRECTION('',(0.,0.,-1.));
#10789=DIRECTION('',(0.,0.,-1.));
#10790=DIRECTION('',(0.,0.,-1.));
#10791=DIRECTION('',(-1.,0.,0.));
#10792=DIRECTION('',(0.,0.,1.));
#10793=DIRECTION('',(0.,1.,0.));
#10794=DIRECTION('',(0.,0.,-1.));
#10795=DIRECTION('',(0.,0.,-1.));
#10796=DIRECTION('',(0.,-1.,0.));
#10797=DIRECTION('',(0.,0.,-1.));
#10798=DIRECTION('',(-1.,0.,0.));
#10799=DIRECTION('',(0.,0.,-1.));
#10800=DIRECTION('',(0.,0.,-1.));
#10801=DIRECTION('',(-1.,0.,0.));
#10802=DIRECTION('',(0.,0.,1.));
#10803=DIRECTION('',(0.,1.,0.));
#10804=DIRECTION('',(0.,0.,-1.));
#10805=DIRECTION('',(0.,0.,-1.));
#10806=DIRECTION('',(0.,0.,-1.));
#10807=DIRECTION('',(0.,1.,0.));
#10808=DIRECTION('',(0.,0.,1.));
#10809=DIRECTION('',(1.,0.,0.));
#10810=DIRECTION('',(0.,0.,-1.));
#10811=DIRECTION('',(0.,0.,-1.));
#10812=DIRECTION('',(-1.,0.,0.));
#10813=DIRECTION('',(0.,0.,1.));
#10814=DIRECTION('',(0.,1.,0.));
#10815=DIRECTION('',(0.,0.,-1.));
#10816=DIRECTION('',(0.,0.,-1.));
#10817=DIRECTION('',(0.,0.,-1.));
#10818=DIRECTION('',(0.,1.,0.));
#10819=DIRECTION('',(0.,0.,1.));
#10820=DIRECTION('',(1.,0.,0.));
#10821=DIRECTION('',(1.,0.,0.));
#10822=DIRECTION('',(0.,0.,-1.));
#10823=DIRECTION('',(0.,0.,-1.));
#10824=DIRECTION('',(1.,0.,0.));
#10825=DIRECTION('',(0.,0.,-1.));
#10826=DIRECTION('',(0.,-1.,0.));
#10827=DIRECTION('',(0.,-1.,0.));
#10828=DIRECTION('',(0.,0.,-1.));
#10829=DIRECTION('',(0.,0.,-1.));
#10830=DIRECTION('',(0.,0.,-1.));
#10831=DIRECTION('',(0.,-1.,0.));
#10832=DIRECTION('',(0.,0.,-1.));
#10833=DIRECTION('',(-1.,0.,0.));
#10834=DIRECTION('',(-1.,0.,0.));
#10835=DIRECTION('',(0.,0.,-1.));
#10836=DIRECTION('',(0.,0.,-1.));
#10837=DIRECTION('',(0.,0.,-1.));
#10838=DIRECTION('',(-1.,0.,0.));
#10839=DIRECTION('',(0.,0.,1.));
#10840=DIRECTION('',(0.,1.,0.));
#10841=DIRECTION('',(0.,1.,0.));
#10842=DIRECTION('',(0.,0.,1.));
#10843=DIRECTION('',(1.,0.,0.));
#10844=DIRECTION('',(0.,0.,1.));
#10845=DIRECTION('',(1.,0.,0.));
#10846=DIRECTION('',(0.,0.,-1.));
#10847=DIRECTION('',(0.,0.,-1.));
#10848=DIRECTION('',(0.,-1.,0.));
#10849=DIRECTION('',(0.,0.,-1.));
#10850=DIRECTION('',(-1.,0.,0.));
#10851=DIRECTION('',(0.,0.,-1.));
#10852=DIRECTION('',(0.,0.,-1.));
#10853=DIRECTION('',(1.,0.,0.));
#10854=DIRECTION('',(0.,0.,-1.));
#10855=DIRECTION('',(0.,-1.,0.));
#10856=DIRECTION('',(0.,0.,-1.));
#10857=DIRECTION('',(0.,0.,-1.));
#10858=DIRECTION('',(0.,1.,0.));
#10859=DIRECTION('',(0.,0.,1.));
#10860=DIRECTION('',(1.,0.,0.));
#10861=DIRECTION('',(0.,0.,-1.));
#10862=DIRECTION('',(0.,0.,-1.));
#10863=DIRECTION('',(-1.,0.,0.));
#10864=DIRECTION('',(0.,0.,1.));
#10865=DIRECTION('',(0.,1.,0.));
#10866=DIRECTION('',(0.,0.,-1.));
#10867=DIRECTION('',(0.,0.,-1.));
#10868=DIRECTION('',(0.,1.,0.));
#10869=DIRECTION('',(0.,0.,1.));
#10870=DIRECTION('',(1.,0.,0.));
#10871=DIRECTION('',(0.,0.,-1.));
#10872=DIRECTION('',(0.,0.,-1.));
#10873=DIRECTION('',(-1.,0.,0.));
#10874=DIRECTION('',(0.,0.,1.));
#10875=DIRECTION('',(0.,1.,0.));
#10876=DIRECTION('',(0.,0.,1.));
#10877=DIRECTION('',(1.,0.,0.));
#10878=DIRECTION('',(0.,0.,-1.));
#10879=DIRECTION('',(0.,0.,-1.));
#10880=DIRECTION('',(0.,-1.,0.));
#10881=DIRECTION('',(0.,0.,-1.));
#10882=DIRECTION('',(-1.,0.,0.));
#10883=DIRECTION('',(0.,0.,-1.));
#10884=DIRECTION('',(0.,0.,-1.));
#10885=DIRECTION('',(0.967159154177929,0.254171537528954,0.));
#10886=DIRECTION('',(-0.254171537528954,0.967159154177929,0.));
#10887=DIRECTION('',(0.254171537528954,-0.967159154177929,0.));
#10888=DIRECTION('',(0.,0.,-1.));
#10889=DIRECTION('',(0.,0.,-1.));
#10890=DIRECTION('',(0.,1.,0.));
#10891=DIRECTION('',(0.,0.,1.));
#10892=DIRECTION('',(1.,0.,0.));
#10893=DIRECTION('',(0.,0.,-1.));
#10894=DIRECTION('',(0.,0.,-1.));
#10895=DIRECTION('',(-0.967159154177929,0.254171537528954,0.));
#10896=DIRECTION('',(-0.254171537528954,-0.967159154177929,0.));
#10897=DIRECTION('',(0.254171537528954,0.967159154177929,0.));
#10898=DIRECTION('',(0.,0.,-1.));
#10899=DIRECTION('',(0.,0.,-1.));
#10900=DIRECTION('',(0.,-1.,0.));
#10901=DIRECTION('',(0.,0.,-1.));
#10902=DIRECTION('',(-1.,0.,0.));
#10903=DIRECTION('',(0.,0.,-1.));
#10904=DIRECTION('',(0.,0.,-1.));
#10905=DIRECTION('',(0.,0.,-1.));
#10906=DIRECTION('',(0.968833434127946,-0.247713093953168,0.));
#10907=DIRECTION('',(0.247713093953168,0.968833434127946,0.));
#10908=DIRECTION('',(-0.247713093953168,-0.968833434127946,0.));
#10909=DIRECTION('',(0.,0.,-1.));
#10910=DIRECTION('',(0.,-1.,0.));
#10911=DIRECTION('',(0.,0.,-1.));
#10912=DIRECTION('',(-1.,0.,0.));
#10913=DIRECTION('',(0.,0.,-1.));
#10914=DIRECTION('',(-0.96916295886013,-0.24642069550563,0.));
#10915=DIRECTION('',(0.24642069550563,-0.96916295886013,0.));
#10916=DIRECTION('',(-0.24642069550563,0.96916295886013,0.));
#10917=DIRECTION('',(0.,0.,-1.));
#10918=DIRECTION('',(0.,-1.,0.));
#10919=DIRECTION('',(0.,0.,-1.));
#10920=DIRECTION('',(-1.,0.,0.));
#10921=DIRECTION('',(0.,0.,-1.));
#10922=DIRECTION('',(-1.,0.,0.));
#10923=DIRECTION('',(0.,0.,-1.));
#10924=DIRECTION('',(-0.970327335650935,-0.241795082018962,0.));
#10925=DIRECTION('',(0.241795082018962,-0.970327335650935,0.));
#10926=DIRECTION('',(-0.241795082018962,0.970327335650935,0.));
#10927=DIRECTION('',(-0.241795082018962,0.970327335650935,0.));
#10928=DIRECTION('',(0.,0.,-1.));
#10929=DIRECTION('',(0.,1.,0.));
#10930=DIRECTION('',(0.,0.,1.));
#10931=DIRECTION('',(1.,0.,0.));
#10932=DIRECTION('',(1.,0.,0.));
#10933=DIRECTION('',(0.,0.,-1.));
#10934=DIRECTION('',(0.970327335650935,-0.241795082018962,0.));
#10935=DIRECTION('',(0.241795082018962,0.970327335650935,0.));
#10936=DIRECTION('',(-0.241795082018962,-0.970327335650935,0.));
#10937=DIRECTION('',(-0.241795082018962,-0.970327335650935,0.));
#10938=DIRECTION('',(0.,0.,1.));
#10939=DIRECTION('',(1.,0.,0.));
#10940=DIRECTION('',(0.,0.,1.));
#10941=DIRECTION('',(1.,0.,0.));
#10942=DIRECTION('',(0.,0.,-1.));
#10943=DIRECTION('',(0.223476571867004,0.97470930119014,0.));
#10944=DIRECTION('',(0.,0.,-1.));
#10945=DIRECTION('',(0.,0.,-1.));
#10946=DIRECTION('',(-1.,0.,0.));
#10947=DIRECTION('',(0.,0.,-1.));
#10948=DIRECTION('',(0.,-1.,0.));
#10949=DIRECTION('',(0.,0.,-1.));
#10950=DIRECTION('',(-1.,0.,0.));
#10951=DIRECTION('',(0.,0.,-1.));
#10952=DIRECTION('',(0.,0.,-1.));
#10953=DIRECTION('',(0.,0.,-1.));
#10954=DIRECTION('',(1.,0.,0.));
#10955=DIRECTION('',(0.,0.,-1.));
#10956=DIRECTION('',(0.,-1.,0.));
#10957=DIRECTION('',(0.,0.,-1.));
#10958=DIRECTION('',(0.,0.,-1.));
#10959=DIRECTION('',(0.,0.,-1.));
#10960=DIRECTION('',(0.,1.,0.));
#10961=DIRECTION('',(0.,0.,1.));
#10962=DIRECTION('',(1.,0.,0.));
#10963=DIRECTION('',(0.,0.,-1.));
#10964=DIRECTION('',(0.,0.,-1.));
#10965=DIRECTION('',(-1.,0.,0.));
#10966=DIRECTION('',(0.,0.,1.));
#10967=DIRECTION('',(0.,1.,0.));
#10968=DIRECTION('',(0.,0.,-1.));
#10969=DIRECTION('',(0.,0.,-1.));
#10970=DIRECTION('',(0.,-1.,0.));
#10971=DIRECTION('',(0.,0.,-1.));
#10972=DIRECTION('',(-1.,0.,0.));
#10973=DIRECTION('',(0.,0.,-1.));
#10974=DIRECTION('',(0.,0.,-1.));
#10975=DIRECTION('',(1.,0.,0.));
#10976=DIRECTION('',(0.,0.,-1.));
#10977=DIRECTION('',(0.,-1.,0.));
#10978=DIRECTION('',(0.,0.,-1.));
#10979=DIRECTION('',(0.,-1.,0.));
#10980=DIRECTION('',(0.,0.,-1.));
#10981=DIRECTION('',(-1.,0.,0.));
#10982=DIRECTION('',(0.,0.,-1.));
#10983=DIRECTION('',(0.,0.,-1.));
#10984=DIRECTION('',(0.,0.,-1.));
#10985=DIRECTION('',(1.,0.,0.));
#10986=DIRECTION('',(0.,0.,-1.));
#10987=DIRECTION('',(0.,-1.,0.));
#10988=DIRECTION('',(0.,-1.,0.));
#10989=DIRECTION('',(0.,0.,-1.));
#10990=DIRECTION('',(0.,0.,-1.));
#10991=DIRECTION('',(0.,-1.,0.));
#10992=DIRECTION('',(0.,0.,-1.));
#10993=DIRECTION('',(-1.,0.,0.));
#10994=DIRECTION('',(-1.,0.,0.));
#10995=DIRECTION('',(0.,0.,-1.));
#10996=DIRECTION('',(0.,0.,-1.));
#10997=DIRECTION('',(0.,0.,-1.));
#10998=DIRECTION('',(-1.,0.,0.));
#10999=DIRECTION('',(0.,0.,1.));
#11000=DIRECTION('',(0.,1.,0.));
#11001=DIRECTION('',(0.,1.,0.));
#11002=DIRECTION('',(0.,0.,-1.));
#11003=DIRECTION('',(0.,0.,-1.));
#11004=DIRECTION('',(0.,0.,-1.));
#11005=DIRECTION('',(0.,1.,0.));
#11006=DIRECTION('',(0.,0.,1.));
#11007=DIRECTION('',(1.,0.,0.));
#11008=DIRECTION('',(1.,0.,0.));
#11009=DIRECTION('',(0.,0.,-1.));
#11010=DIRECTION('',(0.723130254244287,0.690711687606771,0.));
#11011=DIRECTION('',(0.,0.,-1.));
#11012=DIRECTION('',(-1.,0.,0.));
#11013=DIRECTION('',(0.,0.,1.));
#11014=DIRECTION('',(1.,0.,0.));
#11015=DIRECTION('',(0.,0.,1.));
#11016=DIRECTION('',(1.,0.,0.));
#11017=DIRECTION('',(0.,0.,-1.));
#11018=DIRECTION('',(0.223109064127602,0.9747934886447,0.));
#11019=DIRECTION('',(0.,0.,-1.));
#11020=DIRECTION('',(0.,0.,-1.));
#11021=DIRECTION('',(-1.,0.,0.));
#11022=DIRECTION('',(0.,0.,-1.));
#11023=DIRECTION('',(0.,-1.,0.));
#11024=DIRECTION('',(0.,0.,-1.));
#11025=DIRECTION('',(-1.,0.,0.));
#11026=DIRECTION('',(0.,0.,-1.));
#11027=DIRECTION('',(0.,0.,-1.));
#11028=DIRECTION('',(0.,0.,-1.));
#11029=DIRECTION('',(1.,0.,0.));
#11030=DIRECTION('',(0.,0.,-1.));
#11031=DIRECTION('',(0.,-1.,0.));
#11032=DIRECTION('',(0.,0.,-1.));
#11033=DIRECTION('',(0.,0.,-1.));
#11034=DIRECTION('',(0.,0.,-1.));
#11035=DIRECTION('',(0.,1.,0.));
#11036=DIRECTION('',(0.,0.,1.));
#11037=DIRECTION('',(1.,0.,0.));
#11038=DIRECTION('',(0.,0.,-1.));
#11039=DIRECTION('',(0.,0.,-1.));
#11040=DIRECTION('',(0.223109064127602,-0.9747934886447,0.));
#11041=DIRECTION('',(0.,0.,-1.));
#11042=DIRECTION('',(-1.,0.,0.));
#11043=DIRECTION('',(0.,0.,-1.));
#11044=DIRECTION('',(0.,0.,-1.));
#11045=DIRECTION('',(0.724060800773702,-0.689736150120425,0.));
#11046=DIRECTION('',(0.,0.,-1.));
#11047=DIRECTION('',(-1.,0.,0.));
#11048=DIRECTION('',(0.,0.,-1.));
#11049=DIRECTION('',(0.,1.,0.));
#11050=DIRECTION('',(0.,0.,1.));
#11051=DIRECTION('',(1.,0.,0.));
#11052=DIRECTION('',(0.,0.,-1.));
#11053=DIRECTION('',(1.,0.,0.));
#11054=DIRECTION('',(0.,0.,-1.));
#11055=DIRECTION('',(0.,-1.,0.));
#11056=DIRECTION('',(0.,0.,-1.));
#11057=DIRECTION('',(0.,0.,-1.));
#11058=DIRECTION('',(0.,1.,0.));
#11059=DIRECTION('',(0.,0.,1.));
#11060=DIRECTION('',(1.,0.,0.));
#11061=DIRECTION('',(0.,0.,-1.));
#11062=DIRECTION('',(0.,0.,-1.));
#11063=DIRECTION('',(-1.,0.,0.));
#11064=DIRECTION('',(0.,0.,1.));
#11065=DIRECTION('',(0.,1.,0.));
#11066=DIRECTION('',(0.,0.,-1.));
#11067=DIRECTION('',(0.,0.,-1.));
#11068=DIRECTION('',(0.,-1.,0.));
#11069=DIRECTION('',(0.,0.,-1.));
#11070=DIRECTION('',(-1.,0.,0.));
#11071=DIRECTION('',(0.,0.,-1.));
#11072=DIRECTION('',(0.,0.,-1.));
#11073=DIRECTION('',(1.,0.,0.));
#11074=DIRECTION('',(0.,0.,-1.));
#11075=DIRECTION('',(0.,-1.,0.));
#11076=DIRECTION('',(0.,0.,-1.));
#11077=DIRECTION('',(0.,-1.,0.));
#11078=DIRECTION('',(0.,0.,-1.));
#11079=DIRECTION('',(-1.,0.,0.));
#11080=DIRECTION('',(0.,0.,-1.));
#11081=DIRECTION('',(0.,0.,-1.));
#11082=DIRECTION('',(0.,0.,-1.));
#11083=DIRECTION('',(1.,0.,0.));
#11084=DIRECTION('',(0.,0.,-1.));
#11085=DIRECTION('',(0.,-1.,0.));
#11086=DIRECTION('',(0.,-1.,0.));
#11087=DIRECTION('',(0.,0.,-1.));
#11088=DIRECTION('',(0.,0.,-1.));
#11089=DIRECTION('',(0.,-1.,0.));
#11090=DIRECTION('',(0.,0.,-1.));
#11091=DIRECTION('',(-1.,0.,0.));
#11092=DIRECTION('',(-1.,0.,0.));
#11093=DIRECTION('',(0.,0.,-1.));
#11094=DIRECTION('',(0.,0.,-1.));
#11095=DIRECTION('',(0.,0.,-1.));
#11096=DIRECTION('',(-1.,0.,0.));
#11097=DIRECTION('',(0.,0.,1.));
#11098=DIRECTION('',(0.,1.,0.));
#11099=DIRECTION('',(0.,1.,0.));
#11100=DIRECTION('',(0.,0.,-1.));
#11101=DIRECTION('',(0.,0.,-1.));
#11102=DIRECTION('',(0.,0.,-1.));
#11103=DIRECTION('',(0.,1.,0.));
#11104=DIRECTION('',(0.,0.,1.));
#11105=DIRECTION('',(1.,0.,0.));
#11106=DIRECTION('',(1.,0.,0.));
#11107=DIRECTION('',(0.,0.,-1.));
#11108=DIRECTION('',(0.724060800773704,0.689736150120423,0.));
#11109=DIRECTION('',(0.,0.,-1.));
#11110=DIRECTION('',(-1.,0.,0.));
#11111=DIRECTION('',(0.,0.,1.));
#11112=DIRECTION('',(1.,0.,0.));
#11113=DIRECTION('',(0.,0.,1.));
#11114=DIRECTION('',(1.,0.,0.));
#11115=DIRECTION('',(0.,0.,1.));
#11116=DIRECTION('',(1.,0.,0.));
#11117=DIRECTION('',(0.,0.,1.));
#11118=DIRECTION('',(1.,0.,0.));
#11119=DIRECTION('',(0.,0.,1.));
#11120=DIRECTION('',(1.,0.,0.));
#11121=DIRECTION('',(0.,1.,0.));
#11122=DIRECTION('',(0.,0.,1.));
#11123=DIRECTION('',(1.,0.,0.));
#11124=DIRECTION('',(0.,0.,-1.));
#11125=DIRECTION('',(1.,0.,0.));
#11126=DIRECTION('',(0.,0.,-1.));
#11127=DIRECTION('',(1.,0.,0.));
#11128=DIRECTION('',(0.,0.,-1.));
#11129=DIRECTION('',(0.,-1.,0.));
#11130=DIRECTION('',(0.,0.,-1.));
#11131=DIRECTION('',(0.,-1.,0.));
#11132=DIRECTION('',(0.,1.,0.));
#11133=DIRECTION('',(0.,0.,1.));
#11134=DIRECTION('',(1.,0.,0.));
#11135=DIRECTION('',(0.,0.,-1.));
#11136=DIRECTION('',(1.,0.,0.));
#11137=DIRECTION('',(-0.770313484702364,0.63766537877299,0.));
#11138=DIRECTION('',(-0.63766537877299,-0.770313484702364,0.));
#11139=DIRECTION('',(0.63766537877299,0.770313484702364,0.));
#11140=DIRECTION('',(0.,0.,-1.));
#11141=DIRECTION('',(0.63766537877299,0.770313484702364,0.));
#11142=DIRECTION('',(0.,0.,-1.));
#11143=DIRECTION('',(-1.,0.,0.));
#11144=DIRECTION('',(0.,0.,1.));
#11145=DIRECTION('',(0.,1.,0.));
#11146=DIRECTION('',(0.,0.,-1.));
#11147=DIRECTION('',(0.,1.,0.));
#11148=DIRECTION('',(0.,0.,-1.));
#11149=DIRECTION('',(0.,1.,0.));
#11150=DIRECTION('',(0.,0.,1.));
#11151=DIRECTION('',(1.,0.,0.));
#11152=DIRECTION('',(0.,0.,-1.));
#11153=DIRECTION('',(1.,0.,0.));
#11154=DIRECTION('',(-1.,0.,0.));
#11155=DIRECTION('',(0.,0.,1.));
#11156=DIRECTION('',(0.,1.,0.));
#11157=DIRECTION('',(0.,0.,-1.));
#11158=DIRECTION('',(0.,1.,0.));
#11159=DIRECTION('',(-0.740455314081525,0.672105592781692,0.));
#11160=DIRECTION('',(-0.672105592781692,-0.740455314081526,0.));
#11161=DIRECTION('',(0.672105592781692,0.740455314081526,0.));
#11162=DIRECTION('',(0.672105592781692,0.740455314081526,0.));
#11163=DIRECTION('',(0.,0.,1.));
#11164=DIRECTION('',(1.,0.,0.));
#11165=DIRECTION('',(0.,0.,1.));
#11166=DIRECTION('',(1.,0.,0.));
#11167=DIRECTION('',(0.,0.,1.));
#11168=DIRECTION('',(1.,0.,0.));
#11169=DIRECTION('',(0.,0.,1.));
#11170=DIRECTION('',(1.,0.,0.));
#11171=DIRECTION('',(0.,0.,1.));
#11172=DIRECTION('',(1.,0.,0.));
#11173=DIRECTION('',(0.,0.,1.));
#11174=DIRECTION('',(1.,0.,0.));
#11175=DIRECTION('',(0.,0.,-1.));
#11176=DIRECTION('',(-1.,0.,0.));
#11177=DIRECTION('',(0.,0.,-1.));
#11178=DIRECTION('',(-1.,0.,0.));
#11179=DIRECTION('',(0.,0.,1.));
#11180=DIRECTION('',(1.,0.,0.));
#11181=DIRECTION('',(0.,1.,0.));
#11182=DIRECTION('',(0.,0.,1.));
#11183=DIRECTION('',(1.,0.,0.));
#11184=DIRECTION('',(0.,0.,-1.));
#11185=DIRECTION('',(1.,0.,0.));
#11186=DIRECTION('',(0.,0.,-1.));
#11187=DIRECTION('',(1.,0.,0.));
#11188=DIRECTION('',(0.,0.,-1.));
#11189=DIRECTION('',(0.,-1.,0.));
#11190=DIRECTION('',(0.,0.,-1.));
#11191=DIRECTION('',(0.,-1.,0.));
#11192=DIRECTION('',(0.,1.,0.));
#11193=DIRECTION('',(0.,0.,1.));
#11194=DIRECTION('',(1.,0.,0.));
#11195=DIRECTION('',(0.,0.,-1.));
#11196=DIRECTION('',(1.,0.,0.));
#11197=DIRECTION('',(1.,8.1320693501768E-17,0.));
#11198=DIRECTION('',(-8.1320693501768E-17,1.,0.));
#11199=DIRECTION('',(8.1320693501768E-17,-1.,0.));
#11200=DIRECTION('',(8.1320693501768E-17,-1.,0.));
#11201=DIRECTION('',(0.,0.,1.));
#11202=DIRECTION('',(1.,0.,0.));
#11203=DIRECTION('',(0.,0.,1.));
#11204=DIRECTION('',(1.,0.,0.));
#11205=CARTESIAN_POINT('',(0.,0.,0.));
#11206=CARTESIAN_POINT('',(0.0375841572810476,0.0263626253995157,0.013));
#11207=CARTESIAN_POINT('',(0.0375841572810476,0.0263626253995157,0.));
#11208=CARTESIAN_POINT('',(0.0375841572810476,0.0228626253995157,0.));
#11209=CARTESIAN_POINT('',(0.0375841572810476,0.0298626253995157,0.));
#11210=CARTESIAN_POINT('',(0.0375841572810476,0.0228626253995157,0.013));
#11211=CARTESIAN_POINT('',(0.0375841572810476,0.0228626253995157,0.013));
#11212=CARTESIAN_POINT('',(0.0375841572810476,0.0263626253995157,0.013));
#11213=CARTESIAN_POINT('',(0.0375841572810476,0.0298626253995157,0.013));
#11214=CARTESIAN_POINT('',(0.0375841572810476,0.0298626253995157,0.013));
#11215=CARTESIAN_POINT('',(0.0375847464927452,0.0228626253995157,0.013));
#11216=CARTESIAN_POINT('',(0.0375847464927452,0.0228626253995157,0.));
#11217=CARTESIAN_POINT('',(0.0475841572810476,0.0228626253995157,0.));
#11218=CARTESIAN_POINT('',(0.0475841572810476,0.0228626253995157,0.013));
#11219=CARTESIAN_POINT('',(0.0475841572810476,0.0228626253995157,0.013));
#11220=CARTESIAN_POINT('',(0.0375847464927452,0.0228626253995157,0.013));
#11221=CARTESIAN_POINT('',(0.0475841572810476,0.0310296547825746,0.013));
#11222=CARTESIAN_POINT('',(0.0475841572810476,0.0310296547825746,0.));
#11223=CARTESIAN_POINT('',(0.0475841572810476,0.0341966841656334,0.));
#11224=CARTESIAN_POINT('',(0.0475841572810476,0.0341966841656334,0.013));
#11225=CARTESIAN_POINT('',(0.0475841572810476,0.0341966841656334,0.013));
#11226=CARTESIAN_POINT('',(0.0475841572810476,0.0310296547825746,0.013));
#11227=CARTESIAN_POINT('',(0.00543415728104759,0.0391966841656334,0.013));
#11228=CARTESIAN_POINT('',(0.00543415728104759,0.0391966841656334,0.013));
#11229=CARTESIAN_POINT('',(0.0425841572810476,0.0391966841656334,0.013));
#11230=CARTESIAN_POINT('',(-0.0317158427189524,0.0391966841656334,0.013));
#11231=CARTESIAN_POINT('',(0.0425841572810476,0.0391966841656334,0.013));
#11232=CARTESIAN_POINT('',(0.0425841572810476,0.0391966841656334,0.));
#11233=CARTESIAN_POINT('',(0.00543415728104759,0.0391966841656334,0.));
#11234=CARTESIAN_POINT('',(-0.0317158427189524,0.0391966841656334,0.));
#11235=CARTESIAN_POINT('',(-0.0317158427189524,0.0391966841656334,0.013));
#11236=CARTESIAN_POINT('',(-0.0367158427189524,0.00944668416563345,0.013));
#11237=CARTESIAN_POINT('',(-0.0367158427189524,0.00944668416563345,0.));
#11238=CARTESIAN_POINT('',(-0.0367158427189524,0.0341966841656334,0.));
#11239=CARTESIAN_POINT('',(-0.0367158427189524,-0.0153033158343666,0.));
#11240=CARTESIAN_POINT('',(-0.0367158427189524,-0.0153033158343666,0.013));
#11241=CARTESIAN_POINT('',(-0.0367158427189524,-0.0153033158343666,0.013));
#11242=CARTESIAN_POINT('',(-0.0367158427189524,0.00944668416563345,0.013));
#11243=CARTESIAN_POINT('',(-0.0367158427189524,0.0341966841656334,0.013));
#11244=CARTESIAN_POINT('',(-0.0367158427189524,0.0341966841656334,0.013));
#11245=CARTESIAN_POINT('',(-0.0302158427189524,-0.0203033158343666,0.013));
#11246=CARTESIAN_POINT('',(-0.0302158427189524,-0.0203033158343666,0.013));
#11247=CARTESIAN_POINT('',(-0.0317158427189524,-0.0203033158343666,0.013));
#11248=CARTESIAN_POINT('',(-0.0237158427189524,-0.0203033158343666,0.013));
#11249=CARTESIAN_POINT('',(-0.0317158427189524,-0.0203033158343666,0.013));
#11250=CARTESIAN_POINT('',(-0.0317158427189524,-0.0203033158343666,0.));
#11251=CARTESIAN_POINT('',(-0.0302158427189524,-0.0203033158343666,0.));
#11252=CARTESIAN_POINT('',(-0.0237158427189524,-0.0203033158343666,0.));
#11253=CARTESIAN_POINT('',(-0.0237158427189524,-0.0203033158343666,0.013));
#11254=CARTESIAN_POINT('',(-0.0237158427189524,-0.0149703452174255,0.013));
#11255=CARTESIAN_POINT('',(-0.0237158427189524,-0.0149703452174255,0.));
#11256=CARTESIAN_POINT('',(-0.0237158427189524,-0.00963737460048436,0.));
#11257=CARTESIAN_POINT('',(-0.0237158427189524,-0.00963737460048436,0.013));
#11258=CARTESIAN_POINT('',(-0.0237158427189524,-0.00963737460048436,0.013));
#11259=CARTESIAN_POINT('',(-0.0237158427189524,-0.0149703452174255,0.013));
#11260=CARTESIAN_POINT('',(-0.0252158427189524,-0.00963737460048436,0.013));
#11261=CARTESIAN_POINT('',(-0.0252158427189524,-0.00963737460048436,0.));
#11262=CARTESIAN_POINT('',(-0.0267158427189524,-0.00963737460048436,0.));
#11263=CARTESIAN_POINT('',(-0.0267158427189524,-0.00963737460048436,0.013));
#11264=CARTESIAN_POINT('',(-0.0267158427189524,-0.00963737460048436,0.013));
#11265=CARTESIAN_POINT('',(-0.0252158427189524,-0.00963737460048436,0.013));
#11266=CARTESIAN_POINT('',(-0.0267158427189524,0.0101126253995156,0.013));
#11267=CARTESIAN_POINT('',(-0.0267158427189524,0.0101126253995156,0.));
#11268=CARTESIAN_POINT('',(-0.0267158427189524,0.0298626253995157,0.));
#11269=CARTESIAN_POINT('',(-0.0267158427189524,0.0298626253995157,0.013));
#11270=CARTESIAN_POINT('',(-0.0267158427189524,0.0298626253995157,0.013));
#11271=CARTESIAN_POINT('',(-0.0267158427189524,0.0101126253995156,0.013));
#11272=CARTESIAN_POINT('',(0.0425841572810476,0.0341966841656334,0.013));
#11273=CARTESIAN_POINT('',(0.0425841572810476,0.0341966841656334,0.013));
#11274=CARTESIAN_POINT('',(0.0440841572810476,0.0341966841656334,0.013));
#11275=CARTESIAN_POINT('',(0.0425841572810476,0.0341966841656334,0.));
#11276=CARTESIAN_POINT('',(0.0440841572810476,0.0341966841656334,0.));
#11277=CARTESIAN_POINT('',(-0.0317158427189524,-0.0153033158343666,0.013));
#11278=CARTESIAN_POINT('',(-0.0317158427189524,-0.0153033158343666,0.013));
#11279=CARTESIAN_POINT('',(-0.0302158427189524,-0.0153033158343666,0.013));
#11280=CARTESIAN_POINT('',(-0.0317158427189524,-0.0153033158343666,0.));
#11281=CARTESIAN_POINT('',(-0.0302158427189524,-0.0153033158343666,0.));
#11282=CARTESIAN_POINT('',(0.0054341572810476,0.0298626253995157,0.013));
#11283=CARTESIAN_POINT('',(0.0054341572810476,0.0298626253995157,0.));
#11284=CARTESIAN_POINT('',(0.0054341572810476,0.0298626253995157,0.013));
#11285=CARTESIAN_POINT('',(-0.0317158427189524,0.0341966841656334,0.013));
#11286=CARTESIAN_POINT('',(-0.0317158427189524,0.0341966841656334,0.013));
#11287=CARTESIAN_POINT('',(-0.0302158427189524,0.0341966841656334,0.013));
#11288=CARTESIAN_POINT('',(-0.0317158427189524,0.0341966841656334,0.));
#11289=CARTESIAN_POINT('',(-0.0302158427189524,0.0341966841656334,0.));
#11290=CARTESIAN_POINT('',(0.0054341572810476,0.00944668416563343,0.013));
#11291=CARTESIAN_POINT('',(-0.0317158427189524,-0.0153033158343666,0.013));
#11292=CARTESIAN_POINT('',(0.0425841572810476,0.0341966841656334,0.013));
#11293=CARTESIAN_POINT('',(-0.0317158427189524,0.0341966841656334,0.013));
#11294=CARTESIAN_POINT('',(0.0054341572810476,0.00944668416563343,0.));
#11295=CARTESIAN_POINT('',(-0.0317158427189524,-0.0153033158343666,0.));
#11296=CARTESIAN_POINT('',(-0.0317158427189524,0.0341966841656334,0.));
#11297=CARTESIAN_POINT('',(0.0425841572810476,0.0341966841656334,0.));
#11298=CARTESIAN_POINT('',(-0.0317158427189524,-0.0153033158343666,0.013));
#11299=CARTESIAN_POINT('',(0.0425841572810476,0.0341966841656334,0.013));
#11300=CARTESIAN_POINT('',(-0.0317158427189524,0.0341966841656334,0.013));
#11301=CARTESIAN_POINT('',(0.,0.,0.));
#11302=CARTESIAN_POINT('',(0.0054341572810476,0.00944668416563343,0.));
#11303=CARTESIAN_POINT('',(-0.0163975580298934,0.0101064375339368,0.));
#11304=CARTESIAN_POINT('',(-0.0159036235558492,0.011119211247584,0.));
#11305=CARTESIAN_POINT('',(-0.0164003940869994,0.0112335607292842,0.));
#11306=CARTESIAN_POINT('',(-0.0165018893822226,0.0112335809962918,0.));
#11307=CARTESIAN_POINT('',(-0.0166033846264502,0.0112335809962918,0.));
#11308=CARTESIAN_POINT('',(-0.0166033846264502,0.0112335809962918,0.));
#11309=CARTESIAN_POINT('',(-0.0172703533742312,0.0112335809962918,0.));
#11310=CARTESIAN_POINT('',(-0.0176328363893295,0.0108790067015229,0.));
#11311=CARTESIAN_POINT('',(-0.0176328363893295,0.0108790067015229,0.));
#11312=CARTESIAN_POINT('',(-0.0176328363893295,0.0108790067015229,0.));
#11313=CARTESIAN_POINT('',(-0.0179953194044279,0.010524432406754,0.));
#11314=CARTESIAN_POINT('',(-0.0179953194044279,0.00985878177902789,0.));
#11315=CARTESIAN_POINT('',(-0.0179953194044279,0.00985878177902789,0.));
#11316=CARTESIAN_POINT('',(-0.0179953194044279,0.00908240906668995,0.));
#11317=CARTESIAN_POINT('',(-0.0179953194044279,0.008306036354352,0.));
#11318=CARTESIAN_POINT('',(-0.0179953194044279,0.008306036354352,0.));
#11319=CARTESIAN_POINT('',(-0.0179953194044279,0.00764038572662592,0.));
#11320=CARTESIAN_POINT('',(-0.0176328363893295,0.00728581143185698,0.));
#11321=CARTESIAN_POINT('',(-0.0176328363893295,0.00728581143185698,0.));
#11322=CARTESIAN_POINT('',(-0.0176328363893295,0.00728581143185698,0.));
#11323=CARTESIAN_POINT('',(-0.0172703533742312,0.00693123713708804,0.));
#11324=CARTESIAN_POINT('',(-0.0166033846264502,0.00693123713708804,0.));
#11325=CARTESIAN_POINT('',(-0.0166033846264502,0.00693123713708804,0.));
#11326=CARTESIAN_POINT('',(-0.0156292939058768,0.00693123713708804,0.));
#11327=CARTESIAN_POINT('',(-0.0146552031853033,0.00693123713708804,0.));
#11328=CARTESIAN_POINT('',(-0.0146552031853033,0.00693123713708804,0.));
#11329=CARTESIAN_POINT('',(-0.014469348257562,0.00693123713708804,0.));
#11330=CARTESIAN_POINT('',(-0.014469348257562,0.00710786522444506,0.));
#11331=CARTESIAN_POINT('',(-0.014469348257562,0.00710786522444506,0.));
#11332=CARTESIAN_POINT('',(-0.014469348257562,0.00908240906668995,0.));
#11333=CARTESIAN_POINT('',(-0.014469348257562,0.0110569529089348,0.));
#11334=CARTESIAN_POINT('',(-0.014469348257562,0.0110569529089348,0.));
#11335=CARTESIAN_POINT('',(-0.014469348257562,0.0112335809962918,0.));
#11336=CARTESIAN_POINT('',(-0.0146552031853033,0.0112335809962918,0.));
#11337=CARTESIAN_POINT('',(-0.0146552031853033,0.0112335809962918,0.));
#11338=CARTESIAN_POINT('',(-0.0150091184200448,0.0112335809962918,0.));
#11339=CARTESIAN_POINT('',(-0.0153630336547863,0.0112335809962918,0.));
#11340=CARTESIAN_POINT('',(-0.0153630336547863,0.0112335809962918,0.));
#11341=CARTESIAN_POINT('',(-0.0155409798621983,0.0112335809962918,0.));
#11342=CARTESIAN_POINT('',(-0.0155409798621983,0.0110569529089348,0.));
#11343=CARTESIAN_POINT('',(-0.0155409798621983,0.0110569529089348,0.));
#11344=CARTESIAN_POINT('',(-0.0155409798621983,0.0109172321831151,0.));
#11345=CARTESIAN_POINT('',(-0.0155409798621983,0.0107775114572954,0.));
#11346=CARTESIAN_POINT('',(-0.0155574563628845,0.0107775114572954,0.));
#11347=CARTESIAN_POINT('',(-0.0155736413154731,0.0107775114572954,0.));
#11348=CARTESIAN_POINT('',(-0.0161677520802963,0.0105332288047044,0.));
#11349=CARTESIAN_POINT('',(0.0310506097184627,0.0110569529089348,0.));
#11350=CARTESIAN_POINT('',(0.0310506097184627,0.0112335809962918,0.));
#11351=CARTESIAN_POINT('',(0.030881890351435,0.0112335809962918,0.));
#11352=CARTESIAN_POINT('',(0.0310506097184627,0.0110569529089348,0.));
#11353=CARTESIAN_POINT('',(0.030881890351435,0.0112335809962918,0.));
#11354=CARTESIAN_POINT('',(0.029493909933622,0.0112335809962918,0.));
#11355=CARTESIAN_POINT('',(0.0281059295158091,0.0112335809962918,0.));
#11356=CARTESIAN_POINT('',(0.0281059295158091,0.0112335809962918,0.));
#11357=CARTESIAN_POINT('',(0.027929301428452,0.0112335809962918,0.));
#11358=CARTESIAN_POINT('',(0.027929301428452,0.0110569529089348,0.));
#11359=CARTESIAN_POINT('',(0.027929301428452,0.0110569529089348,0.));
#11360=CARTESIAN_POINT('',(0.027929301428452,0.00852154898332867,0.));
#11361=CARTESIAN_POINT('',(0.027929301428452,0.0059861450577225,0.));
#11362=CARTESIAN_POINT('',(0.027929301428452,0.0059861450577225,0.));
#11363=CARTESIAN_POINT('',(0.027929301428452,0.00580951697036548,0.));
#11364=CARTESIAN_POINT('',(0.0281059295158091,0.00580951697036548,0.));
#11365=CARTESIAN_POINT('',(0.0281059295158091,0.00580951697036548,0.));
#11366=CARTESIAN_POINT('',(0.0284644581707427,0.00580951697036548,0.));
#11367=CARTESIAN_POINT('',(0.0288229868256764,0.00580951697036548,0.));
#11368=CARTESIAN_POINT('',(0.0288229868256764,0.00580951697036548,0.));
#11369=CARTESIAN_POINT('',(0.0290009330330883,0.00580951697036548,0.));
#11370=CARTESIAN_POINT('',(0.0290009330330883,0.0059861450577225,0.));
#11371=CARTESIAN_POINT('',(0.0290009330330883,0.00598614505772249,0.));
#11372=CARTESIAN_POINT('',(0.0290009330330883,0.0080951371455675,0.));
#11373=CARTESIAN_POINT('',(0.0290009330330883,0.0102041292334125,0.));
#11374=CARTESIAN_POINT('',(0.0290009330330883,0.0102041292334125,0.));
#11375=CARTESIAN_POINT('',(0.0290009330330883,0.0102977157573106,0.));
#11376=CARTESIAN_POINT('',(0.0291024282773159,0.0102977157573106,0.));
#11377=CARTESIAN_POINT('',(0.0291024282773159,0.0102977157573106,0.));
#11378=CARTESIAN_POINT('',(0.0299921593143755,0.0102977157573106,0.));
#11379=CARTESIAN_POINT('',(0.030881890351435,0.0102977157573106,0.));
#11380=CARTESIAN_POINT('',(0.030881890351435,0.0102977157573106,0.));
#11381=CARTESIAN_POINT('',(0.0310506097184627,0.0102977157573106,0.));
#11382=CARTESIAN_POINT('',(0.0310506097184627,0.0104822525649971,0.));
#11383=CARTESIAN_POINT('',(0.0310506097184627,0.0104822525649971,0.));
#11384=CARTESIAN_POINT('',(0.0310506097184627,0.0107696027369659,0.));
#11385=CARTESIAN_POINT('',(-0.00290416289584194,0.0112335809962918,0.));
#11386=CARTESIAN_POINT('',(-0.00308079098319896,0.0112335809962918,0.));
#11387=CARTESIAN_POINT('',(-0.00308079098319896,0.0110569529089348,0.));
#11388=CARTESIAN_POINT('',(-0.00290416289584194,0.0112335809962918,0.));
#11389=CARTESIAN_POINT('',(-0.00308079098319896,0.0110569529089348,0.));
#11390=CARTESIAN_POINT('',(-0.00308079098319896,0.00826846993278727,0.));
#11391=CARTESIAN_POINT('',(-0.00308079098319896,0.00547998695663969,0.));
#11392=CARTESIAN_POINT('',(-0.00308079098319896,0.00547998695663969,0.));
#11393=CARTESIAN_POINT('',(-0.00308079098319896,0.00530335886928268,0.));
#11394=CARTESIAN_POINT('',(-0.00290416289584194,0.00530335886928268,0.));
#11395=CARTESIAN_POINT('',(-0.00290416289584194,0.00530335886928268,0.));
#11396=CARTESIAN_POINT('',(-0.0025456342409083,0.00530335886928268,0.));
#11397=CARTESIAN_POINT('',(-0.00218710558597464,0.00530335886928268,0.));
#11398=CARTESIAN_POINT('',(-0.00218710558597464,0.00530335886928268,0.));
#11399=CARTESIAN_POINT('',(-0.00200915937856272,0.00530335886928268,0.));
#11400=CARTESIAN_POINT('',(-0.00200915937856272,0.00547998695663969,0.));
#11401=CARTESIAN_POINT('',(-0.00200915937856272,0.00547998695663969,0.));
#11402=CARTESIAN_POINT('',(-0.00200915937856272,0.00642903339616995,0.));
#11403=CARTESIAN_POINT('',(-0.00200915937856272,0.0073780798357002,0.));
#11404=CARTESIAN_POINT('',(-0.00199268287787643,0.0073780798357002,0.));
#11405=CARTESIAN_POINT('',(-0.0019765642103114,0.0073780798357002,0.));
#11406=CARTESIAN_POINT('',(-0.00136771951472586,0.00762983296546445,0.));
#11407=CARTESIAN_POINT('',(-0.00164650979312131,0.00703244027563639,0.));
#11408=CARTESIAN_POINT('',(-0.00115124334757072,0.00801279958999645,0.));
#11409=CARTESIAN_POINT('',(-0.00114842703054295,0.00691412023620507,0.));
#11410=CARTESIAN_POINT('',(-0.00101397873711086,0.0069141015763743,0.));
#11411=CARTESIAN_POINT('',(-0.000879530491510738,0.0069141015763743,0.));
#11412=CARTESIAN_POINT('',(-0.000879530491510738,0.0069141015763743,0.));
#11413=CARTESIAN_POINT('',(-0.000212561743729755,0.0069141015763743,0.));
#11414=CARTESIAN_POINT('',(0.000149921271368605,0.00726867587114324,0.));
#11415=CARTESIAN_POINT('',(0.000149921271368605,0.00726867587114324,0.));
#11416=CARTESIAN_POINT('',(0.000149921271368605,0.00726867587114324,0.));
#11417=CARTESIAN_POINT('',(0.000512404286466966,0.00762325016591218,0.));
#11418=CARTESIAN_POINT('',(0.000512404286466966,0.00828890079363826,0.));
#11419=CARTESIAN_POINT('',(0.000512404286466966,0.00828890079363826,0.));
#11420=CARTESIAN_POINT('',(0.000512404286466966,0.00907384128633308,0.));
#11421=CARTESIAN_POINT('',(0.000512404286466966,0.00985878177902789,0.));
#11422=CARTESIAN_POINT('',(0.000512404286466966,0.00985878177902789,0.));
#11423=CARTESIAN_POINT('',(0.000512404286466966,0.010524432406754,0.));
#11424=CARTESIAN_POINT('',(0.000149921271368605,0.0108790067015229,0.));
#11425=CARTESIAN_POINT('',(0.000149921271368605,0.0108790067015229,0.));
#11426=CARTESIAN_POINT('',(0.000149921271368605,0.0108790067015229,0.));
#11427=CARTESIAN_POINT('',(-0.000212561743729755,0.0112335809962918,0.));
#11428=CARTESIAN_POINT('',(-0.000879530491510738,0.0112335809962918,0.));
#11429=CARTESIAN_POINT('',(-0.000879530491510738,0.0112335809962918,0.));
#11430=CARTESIAN_POINT('',(-0.00189184669367634,0.0112335809962918,0.));
#11431=CARTESIAN_POINT('',(0.0196870967251428,0.0110569529089348,0.));
#11432=CARTESIAN_POINT('',(0.0196870967251428,0.0112335809962918,0.));
#11433=CARTESIAN_POINT('',(0.0195091505177309,0.0112335809962918,0.));
#11434=CARTESIAN_POINT('',(0.0196870967251428,0.0110569529089348,0.));
#11435=CARTESIAN_POINT('',(0.0195091505177309,0.0112335809962918,0.));
#11436=CARTESIAN_POINT('',(0.0191506218627972,0.0112335809962918,0.));
#11437=CARTESIAN_POINT('',(0.0187920932078635,0.0112335809962918,0.));
#11438=CARTESIAN_POINT('',(0.0187920932078635,0.0112335809962918,0.));
#11439=CARTESIAN_POINT('',(0.0186154651205066,0.0112335809962918,0.));
#11440=CARTESIAN_POINT('',(0.0186154651205066,0.0110569529089348,0.));
#11441=CARTESIAN_POINT('',(0.0186154651205066,0.0110569529089348,0.));
#11442=CARTESIAN_POINT('',(0.0186154651205066,0.00852154898332867,0.));
#11443=CARTESIAN_POINT('',(0.0186154651205066,0.0059861450577225,0.));
#11444=CARTESIAN_POINT('',(0.0186154651205066,0.0059861450577225,0.));
#11445=CARTESIAN_POINT('',(0.0186154651205066,0.00580951697036548,0.));
#11446=CARTESIAN_POINT('',(0.0187920932078635,0.00580951697036548,0.));
#11447=CARTESIAN_POINT('',(0.0187920932078635,0.00580951697036548,0.));
#11448=CARTESIAN_POINT('',(0.0197965006896998,0.00580951697036548,0.));
#11449=CARTESIAN_POINT('',(0.0208009081715359,0.00580951697036548,0.));
#11450=CARTESIAN_POINT('',(0.0208009081715359,0.00580951697036548,0.));
#11451=CARTESIAN_POINT('',(0.0214586500789326,0.00580951697036548,0.));
#11452=CARTESIAN_POINT('',(0.0218297008743879,0.00617199998546384,0.));
#11453=CARTESIAN_POINT('',(0.0218297008743879,0.00617199998546384,0.));
#11454=CARTESIAN_POINT('',(0.0218297008743879,0.00617199998546384,0.));
#11455=CARTESIAN_POINT('',(0.0222007516698431,0.0065344830005622,0.));
#11456=CARTESIAN_POINT('',(0.0222007516698431,0.00719222490795886,0.));
#11457=CARTESIAN_POINT('',(0.0222007516698431,0.00719222490795886,0.));
#11458=CARTESIAN_POINT('',(0.0222007516698431,0.00752175492168464,0.));
#11459=CARTESIAN_POINT('',(0.0222007516698431,0.00785128493541042,0.));
#11460=CARTESIAN_POINT('',(0.0222007516698431,0.00785128493541042,0.));
#11461=CARTESIAN_POINT('',(0.0222007516698431,0.00880428573510539,0.));
#11462=CARTESIAN_POINT('',(0.0214494232385482,0.00911668018811743,0.));
#11463=CARTESIAN_POINT('',(0.0214494232385482,0.00911668018811743,0.));
#11464=CARTESIAN_POINT('',(0.0214494232385482,0.00913315668880372,0.));
#11465=CARTESIAN_POINT('',(0.0214494232385483,0.00914963318949,0.));
#11466=CARTESIAN_POINT('',(0.0219008793573526,0.0100901118486634,0.));
#11467=CARTESIAN_POINT('',(0.0223523354761569,0.0110305905078368,0.));
#11468=CARTESIAN_POINT('',(0.0223523354761569,0.0110305905078368,0.));
#11469=CARTESIAN_POINT('',(0.0224287864393413,0.0112335809962918,0.));
#11470=CARTESIAN_POINT('',(0.0222086603901725,0.0112335809962918,0.));
#11471=CARTESIAN_POINT('',(0.0222086603901725,0.0112335809962918,0.));
#11472=CARTESIAN_POINT('',(0.0218672672959525,0.0112335809962918,0.));
#11473=CARTESIAN_POINT('',(0.0215258742017326,0.0112335809962918,0.));
#11474=CARTESIAN_POINT('',(0.0215258742017326,0.0112335809962918,0.));
#11475=CARTESIAN_POINT('',(0.0213742903954188,0.0112335809962918,0.));
#11476=CARTESIAN_POINT('',(0.0213064072125913,0.0111999689348918,0.));
#11477=CARTESIAN_POINT('',(0.0213064072125913,0.0111999689348918,0.));
#11478=CARTESIAN_POINT('',(0.0213064072125913,0.0111999689348918,0.));
#11479=CARTESIAN_POINT('',(0.0212385240297637,0.0111663568734918,0.));
#11480=CARTESIAN_POINT('',(0.0211963441880068,0.0110569529089348,0.));
#11481=CARTESIAN_POINT('',(0.0211963441880068,0.0110569529089348,0.));
#11482=CARTESIAN_POINT('',(0.0207745457704379,0.0101454728909693,0.));
#11483=CARTESIAN_POINT('',(0.0203527473528688,0.00923399287300381,0.));
#11484=CARTESIAN_POINT('',(0.0200706696611196,0.00923399287300381,0.));
#11485=CARTESIAN_POINT('',(0.0197885919693704,0.00923399287300381,0.));
#11486=CARTESIAN_POINT('',(0.0197885919693704,0.00923399287300381,0.));
#11487=CARTESIAN_POINT('',(0.0196870967251428,0.00923399287300381,0.));
#11488=CARTESIAN_POINT('',(0.0196870967251428,0.00932757939690193,0.));
#11489=CARTESIAN_POINT('',(0.0196870967251428,0.00932757939690193,0.));
#11490=CARTESIAN_POINT('',(0.0196870967251428,0.0101922661529184,0.));
#11491=CARTESIAN_POINT('',(0.0143803453841028,0.0110569529089348,0.));
#11492=CARTESIAN_POINT('',(0.0143381655423459,0.0112335809962918,0.));
#11493=CARTESIAN_POINT('',(0.0141786730157026,0.0112335809962918,0.));
#11494=CARTESIAN_POINT('',(0.0143803453841028,0.0110569529089348,0.));
#11495=CARTESIAN_POINT('',(0.0141786730157026,0.0112335809962918,0.));
#11496=CARTESIAN_POINT('',(0.0136257216526707,0.0112335809962918,0.));
#11497=CARTESIAN_POINT('',(0.0130727702896389,0.0112335809962918,0.));
#11498=CARTESIAN_POINT('',(0.0130727702896389,0.0112335809962918,0.));
#11499=CARTESIAN_POINT('',(0.0128961422022819,0.0112335809962918,0.));
#11500=CARTESIAN_POINT('',(0.0128618710808544,0.0110569529089348,0.));
#11501=CARTESIAN_POINT('',(0.0128618710808544,0.0110569529089348,0.));
#11502=CARTESIAN_POINT('',(0.0122080835336224,0.00853011676368553,0.));
#11503=CARTESIAN_POINT('',(0.0115542959863905,0.00600328061843624,0.));
#11504=CARTESIAN_POINT('',(0.0115542959863905,0.00600328061843624,0.));
#11505=CARTESIAN_POINT('',(0.0114962987039747,0.00580951697036548,0.));
#11506=CARTESIAN_POINT('',(0.0117230153534181,0.00580951697036548,0.));
#11507=CARTESIAN_POINT('',(0.0117230153534181,0.00580951697036548,0.));
#11508=CARTESIAN_POINT('',(0.0121197694899439,0.00580951697036548,0.));
#11509=CARTESIAN_POINT('',(0.0125165236264698,0.00580951697036548,0.));
#11510=CARTESIAN_POINT('',(0.0125165236264698,0.00580951697036548,0.));
#11511=CARTESIAN_POINT('',(0.0126852429934974,0.00580951697036548,0.));
#11512=CARTESIAN_POINT('',(0.0127195141149248,0.0059861450577225,0.));
#11513=CARTESIAN_POINT('',(0.0127195141149248,0.0059861450577225,0.));
#11514=CARTESIAN_POINT('',(0.0131624024533723,0.00806152508416747,0.));
#11515=CARTESIAN_POINT('',(0.0136052907918197,0.0101369051106124,0.));
#11516=CARTESIAN_POINT('',(0.013621767292506,0.0101369051106124,0.));
#11517=CARTESIAN_POINT('',(0.0136382437931923,0.0101369051106124,0.));
#11518=CARTESIAN_POINT('',(0.0140811321316398,0.00806152508416747,0.));
#11519=CARTESIAN_POINT('',(0.0145240204700872,0.0059861450577225,0.));
#11520=CARTESIAN_POINT('',(0.0145240204700872,0.0059861450577225,0.));
#11521=CARTESIAN_POINT('',(0.0145582915915147,0.00580951697036548,0.));
#11522=CARTESIAN_POINT('',(0.0147270109585423,0.00580951697036548,0.));
#11523=CARTESIAN_POINT('',(0.0147270109585423,0.00580951697036548,0.));
#11524=CARTESIAN_POINT('',(0.0151231060350407,0.00580951697036548,0.));
#11525=CARTESIAN_POINT('',(0.0155192011115391,0.00580951697036548,0.));
#11526=CARTESIAN_POINT('',(0.0155192011115391,0.00580951697036548,0.));
#11527=CARTESIAN_POINT('',(0.0157301003203236,0.00580951697036548,0.));
#11528=CARTESIAN_POINT('',(0.0156879204785667,0.00600328061843624,0.));
#11529=CARTESIAN_POINT('',(0.0156879204785667,0.00600328061843624,0.));
#11530=CARTESIAN_POINT('',(0.0150341329313347,0.00853011676368554,0.));
#11531=CARTESIAN_POINT('',(-0.0235709672366681,0.0110569529089348,0.));
#11532=CARTESIAN_POINT('',(-0.0235709672366681,0.0112335809962918,0.));
#11533=CARTESIAN_POINT('',(-0.02374891344408,0.0112335809962918,0.));
#11534=CARTESIAN_POINT('',(-0.0235709672366681,0.0110569529089348,0.));
#11535=CARTESIAN_POINT('',(-0.02374891344408,0.0112335809962918,0.));
#11536=CARTESIAN_POINT('',(-0.0241074420990137,0.0112335809962918,0.));
#11537=CARTESIAN_POINT('',(-0.0244659707539473,0.0112335809962918,0.));
#11538=CARTESIAN_POINT('',(-0.0244659707539473,0.0112335809962918,0.));
#11539=CARTESIAN_POINT('',(-0.0246425988413043,0.0112335809962918,0.));
#11540=CARTESIAN_POINT('',(-0.0246425988413043,0.0110569529089348,0.));
#11541=CARTESIAN_POINT('',(-0.0246425988413043,0.0110569529089348,0.));
#11542=CARTESIAN_POINT('',(-0.0246425988413043,0.00908240906668995,0.));
#11543=CARTESIAN_POINT('',(-0.0246425988413043,0.00710786522444506,0.));
#11544=CARTESIAN_POINT('',(-0.0246425988413043,0.00710786522444506,0.));
#11545=CARTESIAN_POINT('',(-0.0246425988413043,0.00693123713708804,0.));
#11546=CARTESIAN_POINT('',(-0.0244659707539473,0.00693123713708804,0.));
#11547=CARTESIAN_POINT('',(-0.0244659707539473,0.00693123713708804,0.));
#11548=CARTESIAN_POINT('',(-0.0241074420990137,0.00693123713708804,0.));
#11549=CARTESIAN_POINT('',(-0.02374891344408,0.00693123713708804,0.));
#11550=CARTESIAN_POINT('',(-0.02374891344408,0.00693123713708804,0.));
#11551=CARTESIAN_POINT('',(-0.0235709672366681,0.00693123713708804,0.));
#11552=CARTESIAN_POINT('',(-0.0235709672366681,0.00710786522444506,0.));
#11553=CARTESIAN_POINT('',(-0.0235709672366681,0.00710786522444506,0.));
#11554=CARTESIAN_POINT('',(-0.0235709672366681,0.00724758595026479,0.));
#11555=CARTESIAN_POINT('',(-0.0235709672366681,0.00738730667608452,0.));
#11556=CARTESIAN_POINT('',(-0.0235544907359818,0.00738730667608452,0.));
#11557=CARTESIAN_POINT('',(-0.0235380142352955,0.00738730667608452,0.));
#11558=CARTESIAN_POINT('',(-0.0235380142352955,0.00738730667608452,0.));
#11559=CARTESIAN_POINT('',(-0.023436518991068,0.00718431618762944,0.));
#11560=CARTESIAN_POINT('',(-0.0231959620810482,0.00705777666235874,0.));
#11561=CARTESIAN_POINT('',(-0.0231959620810482,0.00705777666235874,0.));
#11562=CARTESIAN_POINT('',(-0.0226693149830098,0.00810359781992671,0.));
#11563=CARTESIAN_POINT('',(-0.0226430210130207,0.00693169597744492,0.));
#11564=CARTESIAN_POINT('',(-0.0225250389731025,0.00693123713708804,0.));
#11565=CARTESIAN_POINT('',(-0.0224070672281886,0.00693123713708804,0.));
#11566=CARTESIAN_POINT('',(-0.0224070672281886,0.00693123713708804,0.));
#11567=CARTESIAN_POINT('',(-0.0216728743576076,0.00693123713708804,0.));
#11568=CARTESIAN_POINT('',(-0.0213525711842661,0.00747166635959832,0.));
#11569=CARTESIAN_POINT('',(-0.0213525711842661,0.00747166635959832,0.));
#11570=CARTESIAN_POINT('',(-0.0213525711842661,0.00747166635959832,0.));
#11571=CARTESIAN_POINT('',(-0.0210652210122972,0.00693123713708804,0.));
#11572=CARTESIAN_POINT('',(-0.0203652992631437,0.00693123713708804,0.));
#11573=CARTESIAN_POINT('',(-0.0203652992631437,0.00693123713708804,0.));
#11574=CARTESIAN_POINT('',(-0.0202433731580651,0.00693123713708804,0.));
#11575=CARTESIAN_POINT('',(-0.0201214470529866,0.00693123713708804,0.));
#11576=CARTESIAN_POINT('',(-0.0201214470529866,0.00693123713708804,0.));
#11577=CARTESIAN_POINT('',(-0.0194716138659194,0.00693123713708804,0.));
#11578=CARTESIAN_POINT('',(-0.0191381294920289,0.00728581143185698,0.));
#11579=CARTESIAN_POINT('',(-0.0191381294920289,0.00728581143185698,0.));
#11580=CARTESIAN_POINT('',(-0.0191381294920289,0.00728581143185698,0.));
#11581=CARTESIAN_POINT('',(-0.0188046451181384,0.00764038572662592,0.));
#11582=CARTESIAN_POINT('',(-0.0188046451181384,0.008306036354352,0.));
#11583=CARTESIAN_POINT('',(-0.0188046451181384,0.008306036354352,0.));
#11584=CARTESIAN_POINT('',(-0.0188046451181384,0.00968149463164342,0.));
#11585=CARTESIAN_POINT('',(-0.0188046451181384,0.0110569529089348,0.));
#11586=CARTESIAN_POINT('',(-0.0188046451181384,0.0110569529089348,0.));
#11587=CARTESIAN_POINT('',(-0.0188046451181384,0.0112335809962918,0.));
#11588=CARTESIAN_POINT('',(-0.0189825913255503,0.0112335809962918,0.));
#11589=CARTESIAN_POINT('',(-0.0189825913255503,0.0112335809962918,0.));
#11590=CARTESIAN_POINT('',(-0.019341119980484,0.0112335809962918,0.));
#11591=CARTESIAN_POINT('',(-0.0196996486354176,0.0112335809962918,0.));
#11592=CARTESIAN_POINT('',(-0.0196996486354176,0.0112335809962918,0.));
#11593=CARTESIAN_POINT('',(-0.0198762767227746,0.0112335809962918,0.));
#11594=CARTESIAN_POINT('',(-0.0198762767227746,0.0110569529089348,0.));
#11595=CARTESIAN_POINT('',(-0.0198762767227746,0.0110569529089348,0.));
#11596=CARTESIAN_POINT('',(-0.0198762767227746,0.00970719797271403,0.));
#11597=CARTESIAN_POINT('',(-0.0198762767227746,0.00835744303649322,0.));
#11598=CARTESIAN_POINT('',(-0.0198762767227746,0.00835744303649322,0.));
#11599=CARTESIAN_POINT('',(-0.0198762767227746,0.00808722842523808,0.));
#11600=CARTESIAN_POINT('',(-0.0199856806873316,0.00797321104048896,0.));
#11601=CARTESIAN_POINT('',(-0.0199856806873316,0.00797321104048896,0.));
#11602=CARTESIAN_POINT('',(-0.0199856806873316,0.00797321104048896,0.));
#11603=CARTESIAN_POINT('',(-0.0200950846518885,0.00785919365573984,0.));
#11604=CARTESIAN_POINT('',(-0.0203652992631437,0.00785919365573984,0.));
#11605=CARTESIAN_POINT('',(-0.0203652992631437,0.00785919365573984,0.));
#11606=CARTESIAN_POINT('',(-0.0204707488675359,0.00785919365573984,0.));
#11607=CARTESIAN_POINT('',(-0.0205761984719282,0.00785919365573984,0.));
#11608=CARTESIAN_POINT('',(-0.0205761984719282,0.00785919365573984,0.));
#11609=CARTESIAN_POINT('',(-0.0211588075361954,0.00785919365573984,0.));
#11610=CARTESIAN_POINT('',(-0.0211588075361954,0.00850902684280708,0.));
#11611=CARTESIAN_POINT('',(-0.0211588075361954,0.00850902684280708,0.));
#11612=CARTESIAN_POINT('',(-0.0211588075361954,0.00978298987587096,0.));
#11613=CARTESIAN_POINT('',(-0.0211588075361954,0.0110569529089348,0.));
#11614=CARTESIAN_POINT('',(-0.0211588075361954,0.0110569529089348,0.));
#11615=CARTESIAN_POINT('',(-0.0211588075361954,0.0112335809962918,0.));
#11616=CARTESIAN_POINT('',(-0.0213446624639367,0.0112335809962918,0.));
#11617=CARTESIAN_POINT('',(-0.0213446624639367,0.0112335809962918,0.));
#11618=CARTESIAN_POINT('',(-0.0216985776986782,0.0112335809962918,0.));
#11619=CARTESIAN_POINT('',(-0.0220524929334197,0.0112335809962918,0.));
#11620=CARTESIAN_POINT('',(-0.0220524929334197,0.0112335809962918,0.));
#11621=CARTESIAN_POINT('',(-0.0222304391408316,0.0112335809962918,0.));
#11622=CARTESIAN_POINT('',(-0.0222304391408316,0.0110569529089348,0.));
#11623=CARTESIAN_POINT('',(-0.0222304391408316,0.0110569529089348,0.));
#11624=CARTESIAN_POINT('',(-0.0222304391408316,0.00970719797271403,0.));
#11625=CARTESIAN_POINT('',(-0.0222304391408316,0.00835744303649322,0.));
#11626=CARTESIAN_POINT('',(-0.0222304391408316,0.00835744303649322,0.));
#11627=CARTESIAN_POINT('',(-0.0222304391408316,0.00808722842523808,0.));
#11628=CARTESIAN_POINT('',(-0.0223437974655533,0.00797321104048896,0.));
#11629=CARTESIAN_POINT('',(-0.0223437974655533,0.00797321104048896,0.));
#11630=CARTESIAN_POINT('',(-0.0223437974655533,0.00797321104048896,0.));
#11631=CARTESIAN_POINT('',(-0.0224571557902749,0.00785919365573984,0.));
#11632=CARTESIAN_POINT('',(-0.0227273704015301,0.00785919365573984,0.));
#11633=CARTESIAN_POINT('',(-0.0227273704015301,0.00785919365573984,0.));
#11634=CARTESIAN_POINT('',(-0.022858523346993,0.00785919365573984,0.));
#11635=CARTESIAN_POINT('',(-0.0229896762924558,0.00785919365573984,0.));
#11636=CARTESIAN_POINT('',(-0.0229896762924558,0.00785919365573984,0.));
#11637=CARTESIAN_POINT('',(-0.0235709672366681,0.00785919365573984,0.));
#11638=CARTESIAN_POINT('',(-0.0235709672366681,0.00849980000242276,0.));
#11639=CARTESIAN_POINT('',(-0.0235709672366681,0.00849980000242276,0.));
#11640=CARTESIAN_POINT('',(-0.0235709672366681,0.0097783764556788,0.));
#11641=CARTESIAN_POINT('',(-0.00950794437090662,0.000258913419168399,0.));
#11642=CARTESIAN_POINT('',(-0.00950794437090662,0.000435541506525418,0.));
#11643=CARTESIAN_POINT('',(-0.00968589057831854,0.000435541506525418,0.));
#11644=CARTESIAN_POINT('',(-0.00950794437090662,0.000258913419168399,0.));
#11645=CARTESIAN_POINT('',(-0.00968589057831854,0.000435541506525418,0.));
#11646=CARTESIAN_POINT('',(-0.0100444192332522,0.000435541506525418,0.));
#11647=CARTESIAN_POINT('',(-0.0104029478881858,0.000435541506525418,0.));
#11648=CARTESIAN_POINT('',(-0.0104029478881858,0.000435541506525418,0.));
#11649=CARTESIAN_POINT('',(-0.0105795759755429,0.000435541506525418,0.));
#11650=CARTESIAN_POINT('',(-0.0105795759755429,0.000258913419168399,0.));
#11651=CARTESIAN_POINT('',(-0.0105795759755429,0.000258913419168398,0.));
#11652=CARTESIAN_POINT('',(-0.0105795759755429,-0.00227649050643777,0.));
#11653=CARTESIAN_POINT('',(-0.0105795759755429,-0.00481189443204394,0.));
#11654=CARTESIAN_POINT('',(-0.0105795759755429,-0.00481189443204394,0.));
#11655=CARTESIAN_POINT('',(-0.0105795759755429,-0.00498852251940096,0.));
#11656=CARTESIAN_POINT('',(-0.0104029478881858,-0.00498852251940096,0.));
#11657=CARTESIAN_POINT('',(-0.0104029478881858,-0.00498852251940096,0.));
#11658=CARTESIAN_POINT('',(-0.0100444192332522,-0.00498852251940096,0.));
#11659=CARTESIAN_POINT('',(-0.00968589057831854,-0.00498852251940096,0.));
#11660=CARTESIAN_POINT('',(-0.00968589057831854,-0.00498852251940096,0.));
#11661=CARTESIAN_POINT('',(-0.00950794437090662,-0.00498852251940096,0.));
#11662=CARTESIAN_POINT('',(-0.00950794437090662,-0.00481189443204394,0.));
#11663=CARTESIAN_POINT('',(-0.00950794437090662,-0.00481189443204394,0.));
#11664=CARTESIAN_POINT('',(-0.00950794437090662,-0.00382066815075678,0.));
#11665=CARTESIAN_POINT('',(-0.00950794437090662,-0.00282944186946963,0.));
#11666=CARTESIAN_POINT('',(-0.00950794437090662,-0.00282944186946963,0.));
#11667=CARTESIAN_POINT('',(-0.00950794437090662,-0.00273585534557151,0.));
#11668=CARTESIAN_POINT('',(-0.00940644912667908,-0.00273585534557151,0.));
#11669=CARTESIAN_POINT('',(-0.00940644912667908,-0.00273585534557151,0.));
#11670=CARTESIAN_POINT('',(-0.00869400523700394,-0.00273585534557151,0.));
#11671=CARTESIAN_POINT('',(-0.0079815613473288,-0.00273585534557151,0.));
#11672=CARTESIAN_POINT('',(-0.0079815613473288,-0.00273585534557151,0.));
#11673=CARTESIAN_POINT('',(-0.00788797482343067,-0.00273585534557151,0.));
#11674=CARTESIAN_POINT('',(-0.00788797482343067,-0.00282944186946963,0.));
#11675=CARTESIAN_POINT('',(-0.00788797482343067,-0.00282944186946963,0.));
#11676=CARTESIAN_POINT('',(-0.00788797482343067,-0.00382066815075678,0.));
#11677=CARTESIAN_POINT('',(-0.00788797482343067,-0.00481189443204394,0.));
#11678=CARTESIAN_POINT('',(-0.00788797482343067,-0.00481189443204394,0.));
#11679=CARTESIAN_POINT('',(-0.00788797482343067,-0.00498852251940096,0.));
#11680=CARTESIAN_POINT('',(-0.00771134673607365,-0.00498852251940096,0.));
#11681=CARTESIAN_POINT('',(-0.00771134673607365,-0.00498852251940096,0.));
#11682=CARTESIAN_POINT('',(-0.00735281808114,-0.00498852251940096,0.));
#11683=CARTESIAN_POINT('',(-0.00699428942620635,-0.00498852251940096,0.));
#11684=CARTESIAN_POINT('',(-0.00699428942620635,-0.00498852251940096,0.));
#11685=CARTESIAN_POINT('',(-0.00681766133884933,-0.00498852251940096,0.));
#11686=CARTESIAN_POINT('',(-0.00681766133884933,-0.00481189443204394,0.));
#11687=CARTESIAN_POINT('',(-0.00681766133884933,-0.00481189443204394,0.));
#11688=CARTESIAN_POINT('',(-0.00681766133884933,-0.00227649050643777,0.));
#11689=CARTESIAN_POINT('',(-0.00681766133884933,0.000258913419168399,0.));
#11690=CARTESIAN_POINT('',(-0.00681766133884933,0.000258913419168399,0.));
#11691=CARTESIAN_POINT('',(-0.00681766133884933,0.000435541506525418,0.));
#11692=CARTESIAN_POINT('',(-0.00699428942620635,0.000435541506525418,0.));
#11693=CARTESIAN_POINT('',(-0.00699428942620635,0.000435541506525418,0.));
#11694=CARTESIAN_POINT('',(-0.00735281808114,0.000435541506525418,0.));
#11695=CARTESIAN_POINT('',(-0.00771134673607365,0.000435541506525418,0.));
#11696=CARTESIAN_POINT('',(-0.00771134673607365,0.000435541506525418,0.));
#11697=CARTESIAN_POINT('',(-0.00788797482343067,0.000435541506525418,0.));
#11698=CARTESIAN_POINT('',(-0.00788797482343067,0.000258913419168399,0.));
#11699=CARTESIAN_POINT('',(-0.00788797482343067,0.000258913419168399,0.));
#11700=CARTESIAN_POINT('',(-0.00788797482343067,-0.000728358501954045,0.));
#11701=CARTESIAN_POINT('',(-0.00788797482343067,-0.00171563042307649,0.));
#11702=CARTESIAN_POINT('',(-0.00788797482343067,-0.00171563042307649,0.));
#11703=CARTESIAN_POINT('',(-0.00788797482343067,-0.00180789882691971,0.));
#11704=CARTESIAN_POINT('',(-0.0079815613473288,-0.00180789882691971,0.));
#11705=CARTESIAN_POINT('',(-0.0079815613473288,-0.00180789882691971,0.));
#11706=CARTESIAN_POINT('',(-0.00869400523700394,-0.00180789882691971,0.));
#11707=CARTESIAN_POINT('',(-0.00940644912667908,-0.00180789882691971,0.));
#11708=CARTESIAN_POINT('',(-0.00940644912667908,-0.00180789882691971,0.));
#11709=CARTESIAN_POINT('',(-0.00950794437090662,-0.00180789882691971,0.));
#11710=CARTESIAN_POINT('',(-0.00950794437090662,-0.00171563042307649,0.));
#11711=CARTESIAN_POINT('',(-0.00950794437090662,-0.00171563042307649,0.));
#11712=CARTESIAN_POINT('',(-0.00950794437090662,-0.000728358501954045,0.));
#11713=CARTESIAN_POINT('',(-0.0145286636600326,-0.00498852251940096,0.));
#11714=CARTESIAN_POINT('',(-0.0143507174526207,-0.00498852251940096,0.));
#11715=CARTESIAN_POINT('',(-0.0143507174526207,-0.00481189443204394,0.));
#11716=CARTESIAN_POINT('',(-0.0145286636600326,-0.00498852251940096,0.));
#11717=CARTESIAN_POINT('',(-0.0143507174526207,-0.00481189443204394,0.));
#11718=CARTESIAN_POINT('',(-0.0143507174526207,-0.00227649050643777,0.));
#11719=CARTESIAN_POINT('',(-0.0143507174526207,0.000258913419168399,0.));
#11720=CARTESIAN_POINT('',(-0.0143507174526207,0.000258913419168399,0.));
#11721=CARTESIAN_POINT('',(-0.0143507174526207,0.000435541506525418,0.));
#11722=CARTESIAN_POINT('',(-0.0145286636600326,0.000435541506525418,0.));
#11723=CARTESIAN_POINT('',(-0.0145286636600326,0.000435541506525418,0.));
#11724=CARTESIAN_POINT('',(-0.0148871923149663,0.000435541506525418,0.));
#11725=CARTESIAN_POINT('',(-0.0152457209699,0.000435541506525418,0.));
#11726=CARTESIAN_POINT('',(-0.0152457209699,0.000435541506525418,0.));
#11727=CARTESIAN_POINT('',(-0.015422349057257,0.000435541506525418,0.));
#11728=CARTESIAN_POINT('',(-0.015422349057257,0.000258913419168399,0.));
#11729=CARTESIAN_POINT('',(-0.015422349057257,0.000258913419168398,0.));
#11730=CARTESIAN_POINT('',(-0.015422349057257,-0.00227649050643777,0.));
#11731=CARTESIAN_POINT('',(-0.015422349057257,-0.00481189443204394,0.));
#11732=CARTESIAN_POINT('',(-0.015422349057257,-0.00481189443204394,0.));
#11733=CARTESIAN_POINT('',(-0.015422349057257,-0.00498852251940096,0.));
#11734=CARTESIAN_POINT('',(-0.0152457209699,-0.00498852251940096,0.));
#11735=CARTESIAN_POINT('',(-0.0152457209699,-0.00498852251940096,0.));
#11736=CARTESIAN_POINT('',(-0.0148871923149663,-0.00498852251940096,0.));
#11737=CARTESIAN_POINT('',(-0.000820215089040097,0.000435541506525418,0.));
#11738=CARTESIAN_POINT('',(-0.000996843176397116,0.000435541506525418,0.));
#11739=CARTESIAN_POINT('',(-0.000996843176397116,0.000258913419168399,0.));
#11740=CARTESIAN_POINT('',(-0.000820215089040097,0.000435541506525418,0.));
#11741=CARTESIAN_POINT('',(-0.000996843176397116,0.000258913419168399,0.));
#11742=CARTESIAN_POINT('',(-0.000996843176397116,-0.00227649050643777,0.));
#11743=CARTESIAN_POINT('',(-0.000996843176397116,-0.00481189443204394,0.));
#11744=CARTESIAN_POINT('',(-0.000996843176397116,-0.00481189443204394,0.));
#11745=CARTESIAN_POINT('',(-0.000996843176397116,-0.00498852251940096,0.));
#11746=CARTESIAN_POINT('',(-0.000820215089040097,-0.00498852251940096,0.));
#11747=CARTESIAN_POINT('',(-0.000820215089040097,-0.00498852251940096,0.));
#11748=CARTESIAN_POINT('',(0.000192101113125508,-0.00498852251940096,0.));
#11749=CARTESIAN_POINT('',(0.00120441731529111,-0.00498852251940096,0.));
#11750=CARTESIAN_POINT('',(0.00120441731529111,-0.00498852251940096,0.));
#11751=CARTESIAN_POINT('',(0.0018713860630721,-0.00498852251940096,0.));
#11752=CARTESIAN_POINT('',(0.00223386907817046,-0.00463460728465947,0.));
#11753=CARTESIAN_POINT('',(0.00223386907817046,-0.00463460728465947,0.));
#11754=CARTESIAN_POINT('',(0.00223386907817046,-0.00463460728465947,0.));
#11755=CARTESIAN_POINT('',(0.00259635209326882,-0.00428069204991798,0.));
#11756=CARTESIAN_POINT('',(0.00259635209326882,-0.00362163202246642,0.));
#11757=CARTESIAN_POINT('',(0.00259635209326882,-0.00362163202246642,0.));
#11758=CARTESIAN_POINT('',(0.00259635209326882,-0.0034489582952741,0.));
#11759=CARTESIAN_POINT('',(0.00259635209326882,-0.0032762845680818,0.));
#11760=CARTESIAN_POINT('',(0.00259635209326882,-0.0032762845680818,0.));
#11761=CARTESIAN_POINT('',(0.00259635209326882,-0.00255922725821449,0.));
#11762=CARTESIAN_POINT('',(0.00193070146554273,-0.00234832804942999,0.));
#11763=CARTESIAN_POINT('',(0.00193070146554273,-0.00234832804942999,0.));
#11764=CARTESIAN_POINT('',(0.00193070146554273,-0.00234832804942999,0.));
#11765=CARTESIAN_POINT('',(0.00226814019959794,-0.00229823948734367,0.));
#11766=CARTESIAN_POINT('',(0.00247047162802557,-0.00207415907801014,0.));
#11767=CARTESIAN_POINT('',(0.00247047162802557,-0.00207415907801014,0.));
#11768=CARTESIAN_POINT('',(0.00247047162802557,-0.00207415907801014,0.));
#11769=CARTESIAN_POINT('',(0.0026728030564532,-0.00185007866867661,0.));
#11770=CARTESIAN_POINT('',(0.0026728030564532,-0.00143750709149193,0.));
#11771=CARTESIAN_POINT('',(0.0026728030564532,-0.00143750709149193,0.));
#11772=CARTESIAN_POINT('',(0.0026728030564532,-0.00118442804095053,0.));
#11773=CARTESIAN_POINT('',(0.0026728030564532,-0.000931348990409127,0.));
#11774=CARTESIAN_POINT('',(0.0026728030564532,-0.000931348990409127,0.));
#11775=CARTESIAN_POINT('',(0.0026728030564532,-0.000273607083012465,0.));
#11776=CARTESIAN_POINT('',(0.00231032004135484,8.09672117564764E-5,0.));
#11777=CARTESIAN_POINT('',(0.00231032004135484,8.09672117564764E-5,0.));
#11778=CARTESIAN_POINT('',(0.00231032004135484,8.09672117564764E-5,0.));
#11779=CARTESIAN_POINT('',(0.00194783702625647,0.000435541506525418,0.));
#11780=CARTESIAN_POINT('',(0.00128877699880491,0.000435541506525418,0.));
#11781=CARTESIAN_POINT('',(0.00128877699880491,0.000435541506525418,0.));
#11782=CARTESIAN_POINT('',(0.000234280954882408,0.000435541506525418,0.));
#11783=CARTESIAN_POINT('',(-0.0252158427189524,-0.00963737460048436,0.));
#11784=CARTESIAN_POINT('',(-0.0267158427189524,-0.00963737460048436,0.));
#11785=CARTESIAN_POINT('',(-0.0237158427189524,-0.00963737460048436,0.));
#11786=CARTESIAN_POINT('',(-0.0267158427189524,0.0101126253995156,0.));
#11787=CARTESIAN_POINT('',(-0.0267158427189524,0.0298626253995157,0.));
#11788=CARTESIAN_POINT('',(0.0054341572810476,0.0298626253995157,0.));
#11789=CARTESIAN_POINT('',(0.0375841572810476,0.0298626253995157,0.));
#11790=CARTESIAN_POINT('',(0.0375841572810476,0.0263626253995157,0.));
#11791=CARTESIAN_POINT('',(0.0375841572810476,0.0228626253995157,0.));
#11792=CARTESIAN_POINT('',(0.0425847464927451,0.0228626253995157,0.));
#11793=CARTESIAN_POINT('',(0.0475841572810476,0.0228626253995157,0.));
#11794=CARTESIAN_POINT('',(0.0475841572810476,0.0163626253995156,0.));
#11795=CARTESIAN_POINT('',(0.0475841572810476,0.00986262539951565,0.));
#11796=CARTESIAN_POINT('',(0.0425847464927451,0.00986262539951565,0.));
#11797=CARTESIAN_POINT('',(0.0375841572810476,0.00986262539951565,0.));
#11798=CARTESIAN_POINT('',(0.0375841572810476,0.00661262539951565,0.));
#11799=CARTESIAN_POINT('',(0.0375841572810476,0.00336262539951565,0.));
#11800=CARTESIAN_POINT('',(0.0316841572810476,-0.00313737460048436,0.));
#11801=CARTESIAN_POINT('',(0.0257841572810476,-0.00963737460048437,0.));
#11802=CARTESIAN_POINT('',(0.0192841572810476,-0.00963737460048436,0.));
#11803=CARTESIAN_POINT('',(0.0127841572810476,-0.00963737460048436,0.));
#11804=CARTESIAN_POINT('',(0.0127841572810476,-0.0149703452174255,0.));
#11805=CARTESIAN_POINT('',(0.0127841572810476,-0.0203033158343666,0.));
#11806=CARTESIAN_POINT('',(0.0052841572810476,-0.0203033158343666,0.));
#11807=CARTESIAN_POINT('',(-0.0022158427189524,-0.0203033158343666,0.));
#11808=CARTESIAN_POINT('',(-0.0022158427189524,-0.0149703452174255,0.));
#11809=CARTESIAN_POINT('',(-0.0022158427189524,-0.00963737460048436,0.));
#11810=CARTESIAN_POINT('',(-0.0054658427189524,-0.00963737460048436,0.));
#11811=CARTESIAN_POINT('',(-0.0087158427189524,-0.00963737460048436,0.));
#11812=CARTESIAN_POINT('',(-0.0087158427189524,-0.0149703452174255,0.));
#11813=CARTESIAN_POINT('',(-0.0087158427189524,-0.0203033158343666,0.));
#11814=CARTESIAN_POINT('',(-0.0162158427189524,-0.0203033158343666,0.));
#11815=CARTESIAN_POINT('',(-0.0237158427189524,-0.0203033158343666,0.));
#11816=CARTESIAN_POINT('',(-0.0237158427189524,-0.0149703452174255,0.));
#11817=CARTESIAN_POINT('',(-0.0174469814615881,0.000258913419168399,0.));
#11818=CARTESIAN_POINT('',(-0.0174891613033451,0.000435541506525418,0.));
#11819=CARTESIAN_POINT('',(-0.0176486538299883,0.000435541506525418,0.));
#11820=CARTESIAN_POINT('',(-0.0174469814615881,0.000258913419168398,0.));
#11821=CARTESIAN_POINT('',(-0.0176486538299883,0.000435541506525418,0.));
#11822=CARTESIAN_POINT('',(-0.0182016051930202,0.000435541506525418,0.));
#11823=CARTESIAN_POINT('',(-0.0187545565560521,0.000435541506525418,0.));
#11824=CARTESIAN_POINT('',(-0.0187545565560521,0.000435541506525418,0.));
#11825=CARTESIAN_POINT('',(-0.0189311846434091,0.000435541506525418,0.));
#11826=CARTESIAN_POINT('',(-0.0189654557648366,0.000258913419168399,0.));
#11827=CARTESIAN_POINT('',(-0.0189654557648366,0.000258913419168402,0.));
#11828=CARTESIAN_POINT('',(-0.0196192433120685,-0.0022679227260809,0.));
#11829=CARTESIAN_POINT('',(-0.0202730308593005,-0.0047947588713302,0.));
#11830=CARTESIAN_POINT('',(-0.0202730308593005,-0.0047947588713302,0.));
#11831=CARTESIAN_POINT('',(-0.0203310281417162,-0.00498852251940096,0.));
#11832=CARTESIAN_POINT('',(-0.0201043114922729,-0.00498852251940096,0.));
#11833=CARTESIAN_POINT('',(-0.0201043114922729,-0.00498852251940096,0.));
#11834=CARTESIAN_POINT('',(-0.019707557355747,-0.00498852251940096,0.));
#11835=CARTESIAN_POINT('',(-0.0193108032192212,-0.00498852251940096,0.));
#11836=CARTESIAN_POINT('',(-0.0193108032192212,-0.00498852251940096,0.));
#11837=CARTESIAN_POINT('',(-0.0191420838521936,-0.00498852251940096,0.));
#11838=CARTESIAN_POINT('',(-0.0191078127307661,-0.00481189443204394,0.));
#11839=CARTESIAN_POINT('',(-0.0191078127307661,-0.00481189443204394,0.));
#11840=CARTESIAN_POINT('',(-0.0186649243923186,-0.00273651440559896,0.));
#11841=CARTESIAN_POINT('',(-0.0182220360538712,-0.000661134379153985,0.));
#11842=CARTESIAN_POINT('',(-0.0182055595531849,-0.000661134379153985,0.));
#11843=CARTESIAN_POINT('',(-0.0181890830524986,-0.000661134379153987,0.));
#11844=CARTESIAN_POINT('',(-0.0177461947140512,-0.00273651440559896,0.));
#11845=CARTESIAN_POINT('',(-0.0173033063756038,-0.00481189443204394,0.));
#11846=CARTESIAN_POINT('',(-0.0173033063756038,-0.00481189443204394,0.));
#11847=CARTESIAN_POINT('',(-0.0172690352541762,-0.00498852251940096,0.));
#11848=CARTESIAN_POINT('',(-0.0171003158871487,-0.00498852251940096,0.));
#11849=CARTESIAN_POINT('',(-0.0171003158871487,-0.00498852251940096,0.));
#11850=CARTESIAN_POINT('',(-0.0167042208106503,-0.00498852251940096,0.));
#11851=CARTESIAN_POINT('',(-0.0163081257341519,-0.00498852251940096,0.));
#11852=CARTESIAN_POINT('',(-0.0163081257341519,-0.00498852251940096,0.));
#11853=CARTESIAN_POINT('',(-0.0160972265253673,-0.00498852251940096,0.));
#11854=CARTESIAN_POINT('',(-0.0161394063671242,-0.0047947588713302,0.));
#11855=CARTESIAN_POINT('',(-0.0161394063671242,-0.0047947588713302,0.));
#11856=CARTESIAN_POINT('',(-0.0167931939143562,-0.0022679227260809,0.));
#11857=CARTESIAN_POINT('',(0.0239176030413544,0.0111953555146997,0.));
#11858=CARTESIAN_POINT('',(0.0238800366197897,0.0112335809962918,0.));
#11859=CARTESIAN_POINT('',(0.0237956769362759,0.0112335809962918,0.));
#11860=CARTESIAN_POINT('',(0.0239176030413544,0.0111953555146997,0.));
#11861=CARTESIAN_POINT('',(0.0237956769362759,0.0112335809962918,0.));
#11862=CARTESIAN_POINT('',(0.0233903550193932,0.0112335809962918,0.));
#11863=CARTESIAN_POINT('',(0.0229850331025104,0.0112335809962918,0.));
#11864=CARTESIAN_POINT('',(0.0229850331025104,0.0112335809962918,0.));
#11865=CARTESIAN_POINT('',(0.0228334492961966,0.0112335809962918,0.));
#11866=CARTESIAN_POINT('',(0.0228848559783378,0.0110569529089348,0.));
#11867=CARTESIAN_POINT('',(0.0228848559783378,0.0110569529089348,0.));
#11868=CARTESIAN_POINT('',(0.0235511656660913,0.00852154898332866,0.));
#11869=CARTESIAN_POINT('',(0.0242174753538448,0.0059861450577225,0.));
#11870=CARTESIAN_POINT('',(0.0242174753538448,0.0059861450577225,0.));
#11871=CARTESIAN_POINT('',(0.0242767907563155,0.00580951697036548,0.));
#11872=CARTESIAN_POINT('',(0.0244705544043862,0.00580951697036548,0.));
#11873=CARTESIAN_POINT('',(0.0244705544043862,0.00580951697036548,0.));
#11874=CARTESIAN_POINT('',(0.0250314144877475,0.00580951697036548,0.));
#11875=CARTESIAN_POINT('',(0.0255922745711088,0.00580951697036548,0.));
#11876=CARTESIAN_POINT('',(0.0255922745711088,0.00580951697036548,0.));
#11877=CARTESIAN_POINT('',(0.0258031737798933,0.00580951697036548,0.));
#11878=CARTESIAN_POINT('',(0.0258453536216502,0.0059861450577225,0.));
#11879=CARTESIAN_POINT('',(0.0258453536216502,0.0059861450577225,0.));
#11880=CARTESIAN_POINT('',(0.0265116633094037,0.00852154898332867,0.));
#11881=CARTESIAN_POINT('',(0.0271779729971573,0.0110569529089348,0.));
#11882=CARTESIAN_POINT('',(0.0271779729971573,0.0110569529089348,0.));
#11883=CARTESIAN_POINT('',(0.0272293796792985,0.0112335809962918,0.));
#11884=CARTESIAN_POINT('',(0.0270764777529298,0.0112335809962918,0.));
#11885=CARTESIAN_POINT('',(0.0270764777529298,0.0112335809962918,0.));
#11886=CARTESIAN_POINT('',(0.0266718148960744,0.0112335809962918,0.));
#11887=CARTESIAN_POINT('',(0.0262671520392192,0.0112335809962918,0.));
#11888=CARTESIAN_POINT('',(0.0262671520392192,0.0112335809962918,0.));
#11889=CARTESIAN_POINT('',(0.026174883635376,0.0112335809962918,0.));
#11890=CARTESIAN_POINT('',(0.0261406125139485,0.0111953555146997,0.));
#11891=CARTESIAN_POINT('',(0.0261406125139485,0.0111953555146997,0.));
#11892=CARTESIAN_POINT('',(0.0261406125139485,0.0111953555146997,0.));
#11893=CARTESIAN_POINT('',(0.026106341392521,0.0111571300331075,0.));
#11894=CARTESIAN_POINT('',(0.0260905239518622,0.0110569529089348,0.));
#11895=CARTESIAN_POINT('',(0.0260905239518622,0.0110569529089348,0.));
#11896=CARTESIAN_POINT('',(0.0259718931469209,0.0105929746496089,0.));
#11897=CARTESIAN_POINT('',(0.0258532623419796,0.010128996390283,0.));
#11898=CARTESIAN_POINT('',(0.0250307554277201,0.010128996390283,0.));
#11899=CARTESIAN_POINT('',(0.0242082485134605,0.010128996390283,0.));
#11900=CARTESIAN_POINT('',(0.0240902767685467,0.0105929746496089,0.));
#11901=CARTESIAN_POINT('',(0.0239723050236328,0.0110569529089348,0.));
#11902=CARTESIAN_POINT('',(0.0239723050236328,0.0110569529089348,0.));
#11903=CARTESIAN_POINT('',(0.0239551694629191,0.0111571300331075,0.));
#11904=CARTESIAN_POINT('',(0.0239176030413544,0.0111953555146997,0.));
#11905=CARTESIAN_POINT('',(-0.0114653526524378,-0.00200298059504537,0.));
#11906=CARTESIAN_POINT('',(-0.0114653526524378,-0.00182503438763345,0.));
#11907=CARTESIAN_POINT('',(-0.0116432988598497,-0.00182503438763345,0.));
#11908=CARTESIAN_POINT('',(-0.0114653526524378,-0.00200298059504537,0.));
#11909=CARTESIAN_POINT('',(-0.0116432988598497,-0.00182503438763345,0.));
#11910=CARTESIAN_POINT('',(-0.0124447158532308,-0.00182503438763345,0.));
#11911=CARTESIAN_POINT('',(-0.0132461328466119,-0.00182503438763345,0.));
#11912=CARTESIAN_POINT('',(-0.0132461328466119,-0.00182503438763345,0.));
#11913=CARTESIAN_POINT('',(-0.0134227609339689,-0.00182503438763345,0.));
#11914=CARTESIAN_POINT('',(-0.0134227609339689,-0.00200298059504537,0.));
#11915=CARTESIAN_POINT('',(-0.0134227609339689,-0.00200298059504537,0.));
#11916=CARTESIAN_POINT('',(-0.0134227609339689,-0.00225144622539461,0.));
#11917=CARTESIAN_POINT('',(-0.0134227609339689,-0.00249991185574385,0.));
#11918=CARTESIAN_POINT('',(-0.0134227609339689,-0.00249991185574385,0.));
#11919=CARTESIAN_POINT('',(-0.0134227609339689,-0.00268576678348519,0.));
#11920=CARTESIAN_POINT('',(-0.0132461328466119,-0.00268576678348519,0.));
#11921=CARTESIAN_POINT('',(-0.0132461328466119,-0.00268576678348519,0.));
#11922=CARTESIAN_POINT('',(-0.0124447158532308,-0.00268576678348519,0.));
#11923=CARTESIAN_POINT('',(-0.0116432988598497,-0.00268576678348519,0.));
#11924=CARTESIAN_POINT('',(-0.0116432988598497,-0.00268576678348519,0.));
#11925=CARTESIAN_POINT('',(-0.0114653526524378,-0.00268576678348519,0.));
#11926=CARTESIAN_POINT('',(-0.0114653526524378,-0.00249991185574385,0.));
#11927=CARTESIAN_POINT('',(-0.0114653526524378,-0.00249991185574385,0.));
#11928=CARTESIAN_POINT('',(-0.0114653526524378,-0.00225144622539461,0.));
#11929=CARTESIAN_POINT('',(-0.00312297082495586,-0.00481189443204394,0.));
#11930=CARTESIAN_POINT('',(-0.00312297082495586,-0.00498852251940096,0.));
#11931=CARTESIAN_POINT('',(-0.00294502461754394,-0.00498852251940096,0.));
#11932=CARTESIAN_POINT('',(-0.00312297082495586,-0.00481189443204394,0.));
#11933=CARTESIAN_POINT('',(-0.00294502461754394,-0.00498852251940096,0.));
#11934=CARTESIAN_POINT('',(-0.00259110938280245,-0.00498852251940096,0.));
#11935=CARTESIAN_POINT('',(-0.00223719414806096,-0.00498852251940096,0.));
#11936=CARTESIAN_POINT('',(-0.00223719414806096,-0.00498852251940096,0.));
#11937=CARTESIAN_POINT('',(-0.00205133922031962,-0.00498852251940096,0.));
#11938=CARTESIAN_POINT('',(-0.00205133922031962,-0.00481980315237336,0.));
#11939=CARTESIAN_POINT('',(-0.00205133922031962,-0.00481980315237336,0.));
#11940=CARTESIAN_POINT('',(-0.00205133922031962,-0.00287953043155595,0.));
#11941=CARTESIAN_POINT('',(-0.00205133922031962,-0.000939257710738546,0.));
#11942=CARTESIAN_POINT('',(-0.00205133922031962,-0.000939257710738546,0.));
#11943=CARTESIAN_POINT('',(-0.00205133922031962,-0.000281515803341884,0.));
#11944=CARTESIAN_POINT('',(-0.00241843565561014,7.70128515917671E-5,0.));
#11945=CARTESIAN_POINT('',(-0.00241843565561014,7.70128515917671E-5,0.));
#11946=CARTESIAN_POINT('',(-0.00241843565561014,7.70128515917671E-5,0.));
#11947=CARTESIAN_POINT('',(-0.00278553209090066,0.000435541506525418,0.));
#11948=CARTESIAN_POINT('',(-0.00344327399829733,0.000435541506525418,0.));
#11949=CARTESIAN_POINT('',(-0.00344327399829733,0.000435541506525418,0.));
#11950=CARTESIAN_POINT('',(-0.00390725225762322,0.000435541506525418,0.));
#11951=CARTESIAN_POINT('',(-0.00437123051694913,0.000435541506525418,0.));
#11952=CARTESIAN_POINT('',(-0.00437123051694913,0.000435541506525418,0.));
#11953=CARTESIAN_POINT('',(-0.00503819926473011,0.000435541506525418,0.));
#11954=CARTESIAN_POINT('',(-0.00540068227982847,8.09672117564764E-5,0.));
#11955=CARTESIAN_POINT('',(-0.00540068227982847,8.09672117564764E-5,0.));
#11956=CARTESIAN_POINT('',(-0.00540068227982847,8.09672117564764E-5,0.));
#11957=CARTESIAN_POINT('',(-0.00576316529492683,-0.000273607083012465,0.));
#11958=CARTESIAN_POINT('',(-0.00576316529492683,-0.000939257710738546,0.));
#11959=CARTESIAN_POINT('',(-0.00576316529492683,-0.000939257710738546,0.));
#11960=CARTESIAN_POINT('',(-0.00576316529492683,-0.00287557607139125,0.));
#11961=CARTESIAN_POINT('',(-0.00576316529492683,-0.00481189443204394,0.));
#11962=CARTESIAN_POINT('',(-0.00576316529492683,-0.00481189443204394,0.));
#11963=CARTESIAN_POINT('',(-0.00576316529492683,-0.00498852251940096,0.));
#11964=CARTESIAN_POINT('',(-0.00558653720756981,-0.00498852251940096,0.));
#11965=CARTESIAN_POINT('',(-0.00558653720756981,-0.00498852251940096,0.));
#11966=CARTESIAN_POINT('',(-0.00522800855263616,-0.00498852251940096,0.));
#11967=CARTESIAN_POINT('',(-0.00486947989770251,-0.00498852251940096,0.));
#11968=CARTESIAN_POINT('',(-0.00486947989770251,-0.00498852251940096,0.));
#11969=CARTESIAN_POINT('',(-0.00469153369029059,-0.00498852251940096,0.));
#11970=CARTESIAN_POINT('',(-0.00469153369029059,-0.00481189443204394,0.));
#11971=CARTESIAN_POINT('',(-0.00469153369029059,-0.00481189443204394,0.));
#11972=CARTESIAN_POINT('',(-0.00469153369029059,-0.00290127941246186,0.));
#11973=CARTESIAN_POINT('',(-0.00469153369029059,-0.000990664392879768,0.));
#11974=CARTESIAN_POINT('',(-0.00469153369029059,-0.000990664392879768,0.));
#11975=CARTESIAN_POINT('',(-0.00469153369029059,-0.000720449781624626,0.));
#11976=CARTESIAN_POINT('',(-0.00457751630554147,-0.000606432396875505,0.));
#11977=CARTESIAN_POINT('',(-0.00457751630554147,-0.000606432396875505,0.));
#11978=CARTESIAN_POINT('',(-0.00457751630554147,-0.000606432396875505,0.));
#11979=CARTESIAN_POINT('',(-0.00446349892079235,-0.000492415012126385,0.));
#11980=CARTESIAN_POINT('',(-0.00420251114992153,-0.000492415012126385,0.));
#11981=CARTESIAN_POINT('',(-0.00420251114992153,-0.000492415012126385,0.));
#11982=CARTESIAN_POINT('',(-0.00391120661778793,-0.000492415012126385,0.));
#11983=CARTESIAN_POINT('',(-0.00361990208565435,-0.000492415012126385,0.));
#11984=CARTESIAN_POINT('',(-0.00361990208565435,-0.000492415012126385,0.));
#11985=CARTESIAN_POINT('',(-0.00335100559445411,-0.000492415012126385,0.));
#11986=CARTESIAN_POINT('',(-0.00323698820970498,-0.000606432396875505,0.));
#11987=CARTESIAN_POINT('',(-0.00323698820970498,-0.000606432396875505,0.));
#11988=CARTESIAN_POINT('',(-0.00323698820970498,-0.000606432396875505,0.));
#11989=CARTESIAN_POINT('',(-0.00312297082495586,-0.000720449781624626,0.));
#11990=CARTESIAN_POINT('',(-0.00312297082495586,-0.000990664392879768,0.));
#11991=CARTESIAN_POINT('',(-0.00312297082495586,-0.000990664392879768,0.));
#11992=CARTESIAN_POINT('',(-0.00312297082495586,-0.00290127941246186,0.));
#11993=CARTESIAN_POINT('',(0.00311107797470849,0.0122966448205712,0.));
#11994=CARTESIAN_POINT('',(0.00272289161853952,0.012659786895697,0.));
#11995=CARTESIAN_POINT('',(0.00205592287075854,0.012659786895697,0.));
#11996=CARTESIAN_POINT('',(0.00311107797470849,0.0122966448205712,0.));
#11997=CARTESIAN_POINT('',(0.00205592287075854,0.012659786895697,0.));
#11998=CARTESIAN_POINT('',(0.00178636731953085,0.012659786895697,0.));
#11999=CARTESIAN_POINT('',(0.00151681176830316,0.012659786895697,0.));
#12000=CARTESIAN_POINT('',(0.00151681176830316,0.012659786895697,0.));
#12001=CARTESIAN_POINT('',(0.00134809240127555,0.012659786895697,0.));
#12002=CARTESIAN_POINT('',(0.00134809240127555,0.0124739319679557,0.));
#12003=CARTESIAN_POINT('',(0.00134809240127555,0.0124739319679557,0.));
#12004=CARTESIAN_POINT('',(0.00134809240127555,0.012191195216179,0.));
#12005=CARTESIAN_POINT('',(0.00134809240127555,0.0119084584644023,0.));
#12006=CARTESIAN_POINT('',(0.00134809240127555,0.0119084584644023,0.));
#12007=CARTESIAN_POINT('',(0.00134809240127555,0.0117226035366609,0.));
#12008=CARTESIAN_POINT('',(0.00151681176830316,0.0117226035366609,0.));
#12009=CARTESIAN_POINT('',(0.00151681176830316,0.0117226035366609,0.));
#12010=CARTESIAN_POINT('',(0.00160512581198167,0.0117226035366609,0.));
#12011=CARTESIAN_POINT('',(0.00169343985566018,0.0117226035366609,0.));
#12012=CARTESIAN_POINT('',(0.00169343985566018,0.0117226035366609,0.));
#12013=CARTESIAN_POINT('',(0.00222464223778614,0.0117226035366609,0.));
#12014=CARTESIAN_POINT('',(0.00241445152569218,0.0115749740905118,0.));
#12015=CARTESIAN_POINT('',(0.00241445152569218,0.0115749740905118,0.));
#12016=CARTESIAN_POINT('',(0.00241445152569218,0.0115749740905118,0.));
#12017=CARTESIAN_POINT('',(0.00260426081359823,0.0114273446443626,0.));
#12018=CARTESIAN_POINT('',(0.00270575605782578,0.0110055462267936,0.));
#12019=CARTESIAN_POINT('',(0.00270575605782578,0.0110055462267936,0.));
#12020=CARTESIAN_POINT('',(0.00248233470851969,0.0110055462267936,0.));
#12021=CARTESIAN_POINT('',(0.00225891335921361,0.0110055462267936,0.));
#12022=CARTESIAN_POINT('',(0.00225891335921361,0.0110055462267936,0.));
#12023=CARTESIAN_POINT('',(0.00209810271251543,0.0110055462267936,0.));
#12024=CARTESIAN_POINT('',(0.00204801415042912,0.0108289181394366,0.));
#12025=CARTESIAN_POINT('',(0.00204801415042912,0.0108289181394366,0.));
#12026=CARTESIAN_POINT('',(0.00155437818986789,0.00896839168194083,0.));
#12027=CARTESIAN_POINT('',(0.00106074222930667,0.00710786522444506,0.));
#12028=CARTESIAN_POINT('',(0.00106074222930667,0.00710786522444506,0.));
#12029=CARTESIAN_POINT('',(0.00101065366722035,0.00693123713708804,0.));
#12030=CARTESIAN_POINT('',(0.00118728175457737,0.00693123713708804,0.));
#12031=CARTESIAN_POINT('',(0.00118728175457737,0.00693123713708804,0.));
#12032=CARTESIAN_POINT('',(0.00156294597022477,0.00693123713708804,0.));
#12033=CARTESIAN_POINT('',(0.00193861018587216,0.00693123713708804,0.));
#12034=CARTESIAN_POINT('',(0.00193861018587216,0.00693123713708804,0.));
#12035=CARTESIAN_POINT('',(0.00210732955289976,0.00693123713708804,0.));
#12036=CARTESIAN_POINT('',(0.00214950939465665,0.00710786522444506,0.));
#12037=CARTESIAN_POINT('',(0.00214950939465665,0.00710786522444506,0.));
#12038=CARTESIAN_POINT('',(0.00251199240975501,0.00866456500928566,0.));
#12039=CARTESIAN_POINT('',(0.00287447542485338,0.0102212647941262,0.));
#12040=CARTESIAN_POINT('',(0.00289161098556712,0.0102212647941262,0.));
#12041=CARTESIAN_POINT('',(0.00290874654628086,0.0102212647941262,0.));
#12042=CARTESIAN_POINT('',(0.00326727520121451,0.00866456500928566,0.));
#12043=CARTESIAN_POINT('',(0.00362580385614816,0.00710786522444506,0.));
#12044=CARTESIAN_POINT('',(0.00362580385614816,0.00710786522444506,0.));
#12045=CARTESIAN_POINT('',(0.00365875685752074,0.00693123713708804,0.));
#12046=CARTESIAN_POINT('',(0.00383670306493266,0.00693123713708804,0.));
#12047=CARTESIAN_POINT('',(0.00383670306493266,0.00693123713708804,0.));
#12048=CARTESIAN_POINT('',(0.00419061829967415,0.00693123713708804,0.));
#12049=CARTESIAN_POINT('',(0.00454453353441564,0.00693123713708804,0.));
#12050=CARTESIAN_POINT('',(0.00454453353441564,0.00693123713708804,0.));
#12051=CARTESIAN_POINT('',(0.00475543274320014,0.00693123713708804,0.));
#12052=CARTESIAN_POINT('',(0.00471325290144324,0.00711709206482938,0.));
#12053=CARTESIAN_POINT('',(0.00471325290144324,0.00711709206482938,0.));
#12054=CARTESIAN_POINT('',(0.00419852702000357,0.00917533653056062,0.));
#12055=CARTESIAN_POINT('',(0.00368380113856389,0.0112335809962918,0.));
#12056=CARTESIAN_POINT('',(0.00368380113856389,0.0112335809962918,0.));
#12057=CARTESIAN_POINT('',(0.00349926433087746,0.0119335027454454,0.));
#12058=CARTESIAN_POINT('',(0.00311107797470849,0.0122966448205712,0.));
#12059=CARTESIAN_POINT('',(0.0172986631856583,0.00580951697036548,0.));
#12060=CARTESIAN_POINT('',(0.0174766093930703,0.00580951697036548,0.));
#12061=CARTESIAN_POINT('',(0.0174766093930703,0.0059861450577225,0.));
#12062=CARTESIAN_POINT('',(0.0172986631856583,0.00580951697036548,0.));
#12063=CARTESIAN_POINT('',(0.0174766093930703,0.0059861450577225,0.));
#12064=CARTESIAN_POINT('',(0.0174766093930703,0.00852154898332867,0.));
#12065=CARTESIAN_POINT('',(0.0174766093930703,0.0110569529089348,0.));
#12066=CARTESIAN_POINT('',(0.0174766093930703,0.0110569529089348,0.));
#12067=CARTESIAN_POINT('',(0.0174766093930703,0.0112335809962918,0.));
#12068=CARTESIAN_POINT('',(0.0172986631856583,0.0112335809962918,0.));
#12069=CARTESIAN_POINT('',(0.0172986631856583,0.0112335809962918,0.));
#12070=CARTESIAN_POINT('',(0.0169401345307247,0.0112335809962918,0.));
#12071=CARTESIAN_POINT('',(0.016581605875791,0.0112335809962918,0.));
#12072=CARTESIAN_POINT('',(0.016581605875791,0.0112335809962918,0.));
#12073=CARTESIAN_POINT('',(0.016404977788434,0.0112335809962918,0.));
#12074=CARTESIAN_POINT('',(0.016404977788434,0.0110569529089348,0.));
#12075=CARTESIAN_POINT('',(0.016404977788434,0.0110569529089348,0.));
#12076=CARTESIAN_POINT('',(0.016404977788434,0.00852154898332867,0.));
#12077=CARTESIAN_POINT('',(0.016404977788434,0.0059861450577225,0.));
#12078=CARTESIAN_POINT('',(0.016404977788434,0.0059861450577225,0.));
#12079=CARTESIAN_POINT('',(0.016404977788434,0.00580951697036548,0.));
#12080=CARTESIAN_POINT('',(0.016581605875791,0.00580951697036548,0.));
#12081=CARTESIAN_POINT('',(0.016581605875791,0.00580951697036548,0.));
#12082=CARTESIAN_POINT('',(0.0169401345307247,0.00580951697036548,0.));
#12083=CARTESIAN_POINT('',(0.00795648729653239,0.0111953555146997,0.));
#12084=CARTESIAN_POINT('',(0.00791892087496765,0.0112335809962918,0.));
#12085=CARTESIAN_POINT('',(0.00783456119145385,0.0112335809962918,0.));
#12086=CARTESIAN_POINT('',(0.00795648729653239,0.0111953555146997,0.));
#12087=CARTESIAN_POINT('',(0.00783456119145385,0.0112335809962918,0.));
#12088=CARTESIAN_POINT('',(0.00742923927457114,0.0112335809962918,0.));
#12089=CARTESIAN_POINT('',(0.00702391735768843,0.0112335809962918,0.));
#12090=CARTESIAN_POINT('',(0.00702391735768843,0.0112335809962918,0.));
#12091=CARTESIAN_POINT('',(0.00687233355137457,0.0112335809962918,0.));
#12092=CARTESIAN_POINT('',(0.00692374023351579,0.0110569529089348,0.));
#12093=CARTESIAN_POINT('',(0.00692374023351579,0.0110569529089348,0.));
#12094=CARTESIAN_POINT('',(0.00759004992126932,0.00852154898332866,0.));
#12095=CARTESIAN_POINT('',(0.00825635960902285,0.0059861450577225,0.));
#12096=CARTESIAN_POINT('',(0.00825635960902285,0.0059861450577225,0.));
#12097=CARTESIAN_POINT('',(0.0083156750114935,0.00580951697036548,0.));
#12098=CARTESIAN_POINT('',(0.00850943865956425,0.00580951697036548,0.));
#12099=CARTESIAN_POINT('',(0.00850943865956425,0.00580951697036548,0.));
#12100=CARTESIAN_POINT('',(0.00907029874292553,0.00580951697036548,0.));
#12101=CARTESIAN_POINT('',(0.00963115882628682,0.00580951697036548,0.));
#12102=CARTESIAN_POINT('',(0.00963115882628682,0.00580951697036548,0.));
#12103=CARTESIAN_POINT('',(0.00984205803507131,0.00580951697036548,0.));
#12104=CARTESIAN_POINT('',(0.00988423787682822,0.0059861450577225,0.));
#12105=CARTESIAN_POINT('',(0.00988423787682822,0.00598614505772249,0.));
#12106=CARTESIAN_POINT('',(0.0105505475645817,0.00852154898332866,0.));
#12107=CARTESIAN_POINT('',(0.0112168572523353,0.0110569529089348,0.));
#12108=CARTESIAN_POINT('',(0.0112168572523353,0.0110569529089348,0.));
#12109=CARTESIAN_POINT('',(0.0112682639344765,0.0112335809962918,0.));
#12110=CARTESIAN_POINT('',(0.0111153620081077,0.0112335809962918,0.));
#12111=CARTESIAN_POINT('',(0.0111153620081077,0.0112335809962918,0.));
#12112=CARTESIAN_POINT('',(0.0107106991512525,0.0112335809962918,0.));
#12113=CARTESIAN_POINT('',(0.0103060362943972,0.0112335809962918,0.));
#12114=CARTESIAN_POINT('',(0.0103060362943972,0.0112335809962918,0.));
#12115=CARTESIAN_POINT('',(0.010213767890554,0.0112335809962918,0.));
#12116=CARTESIAN_POINT('',(0.0101794967691265,0.0111953555146997,0.));
#12117=CARTESIAN_POINT('',(0.0101794967691265,0.0111953555146997,0.));
#12118=CARTESIAN_POINT('',(0.0101794967691265,0.0111953555146997,0.));
#12119=CARTESIAN_POINT('',(0.010145225647699,0.0111571300331075,0.));
#12120=CARTESIAN_POINT('',(0.0101294082070402,0.0110569529089348,0.));
#12121=CARTESIAN_POINT('',(0.0101294082070402,0.0110569529089348,0.));
#12122=CARTESIAN_POINT('',(0.0100107774020989,0.0105929746496089,0.));
#12123=CARTESIAN_POINT('',(0.00989214659715763,0.010128996390283,0.));
#12124=CARTESIAN_POINT('',(0.00906963968289808,0.010128996390283,0.));
#12125=CARTESIAN_POINT('',(0.00824713276863854,0.010128996390283,0.));
#12126=CARTESIAN_POINT('',(0.00812916102372471,0.0105929746496089,0.));
#12127=CARTESIAN_POINT('',(0.00801118927881087,0.0110569529089348,0.));
#12128=CARTESIAN_POINT('',(0.00801118927881087,0.0110569529089348,0.));
#12129=CARTESIAN_POINT('',(0.00799405371809713,0.0111571300331075,0.));
#12130=CARTESIAN_POINT('',(0.00795648729653239,0.0111953555146997,0.));
#12131=CARTESIAN_POINT('',(-0.0057934820561896,0.0111953555146997,0.));
#12132=CARTESIAN_POINT('',(-0.00583170753778179,0.0112335809962918,0.));
#12133=CARTESIAN_POINT('',(-0.00593320278200933,0.0112335809962918,0.));
#12134=CARTESIAN_POINT('',(-0.0057934820561896,0.0111953555146997,0.));
#12135=CARTESIAN_POINT('',(-0.00593320278200933,0.0112335809962918,0.));
#12136=CARTESIAN_POINT('',(-0.00686511366082585,0.0112335809962918,0.));
#12137=CARTESIAN_POINT('',(-0.00779702453964236,0.0112335809962918,0.));
#12138=CARTESIAN_POINT('',(-0.00779702453964236,0.0112335809962918,0.));
#12139=CARTESIAN_POINT('',(-0.00846399328742334,0.0112335809962918,0.));
#12140=CARTESIAN_POINT('',(-0.0088264763025217,0.0108790067015229,0.));
#12141=CARTESIAN_POINT('',(-0.0088264763025217,0.0108790067015229,0.));
#12142=CARTESIAN_POINT('',(-0.0088264763025217,0.0108790067015229,0.));
#12143=CARTESIAN_POINT('',(-0.00918895931762006,0.010524432406754,0.));
#12144=CARTESIAN_POINT('',(-0.00918895931762006,0.00985878177902789,0.));
#12145=CARTESIAN_POINT('',(-0.00918895931762006,0.00985878177902789,0.));
#12146=CARTESIAN_POINT('',(-0.00918895931762006,0.00908240906668995,0.));
#12147=CARTESIAN_POINT('',(-0.00918895931762006,0.008306036354352,0.));
#12148=CARTESIAN_POINT('',(-0.00918895931762006,0.008306036354352,0.));
#12149=CARTESIAN_POINT('',(-0.00918895931762006,0.00764038572662592,0.));
#12150=CARTESIAN_POINT('',(-0.0088264763025217,0.00728581143185698,0.));
#12151=CARTESIAN_POINT('',(-0.0088264763025217,0.00728581143185698,0.));
#12152=CARTESIAN_POINT('',(-0.0088264763025217,0.00728581143185698,0.));
#12153=CARTESIAN_POINT('',(-0.00846399328742334,0.00693123713708804,0.));
#12154=CARTESIAN_POINT('',(-0.00779702453964236,0.00693123713708804,0.));
#12155=CARTESIAN_POINT('',(-0.00779702453964236,0.00693123713708804,0.));
#12156=CARTESIAN_POINT('',(-0.00746354016575187,0.00693123713708804,0.));
#12157=CARTESIAN_POINT('',(-0.00713005579186138,0.00693123713708804,0.));
#12158=CARTESIAN_POINT('',(-0.00713005579186138,0.00693123713708804,0.));
#12159=CARTESIAN_POINT('',(-0.0064644051641353,0.00693123713708804,0.));
#12160=CARTESIAN_POINT('',(-0.00610126308900948,0.00728581143185698,0.));
#12161=CARTESIAN_POINT('',(-0.00610126308900948,0.00728581143185698,0.));
#12162=CARTESIAN_POINT('',(-0.00610126308900948,0.00728581143185698,0.));
#12163=CARTESIAN_POINT('',(-0.00573812101388367,0.00764038572662592,0.));
#12164=CARTESIAN_POINT('',(-0.00573812101388367,0.008306036354352,0.));
#12165=CARTESIAN_POINT('',(-0.00573812101388367,0.008306036354352,0.));
#12166=CARTESIAN_POINT('',(-0.00573812101388367,0.00884185215667013,0.));
#12167=CARTESIAN_POINT('',(-0.00573812101388367,0.00937766795898825,0.));
#12168=CARTESIAN_POINT('',(-0.00573812101388367,0.00937766795898825,0.));
#12169=CARTESIAN_POINT('',(-0.00573812101388367,0.00955429604634527,0.));
#12170=CARTESIAN_POINT('',(-0.00591606722129559,0.00955429604634527,0.));
#12171=CARTESIAN_POINT('',(-0.00591606722129559,0.00955429604634527,0.));
#12172=CARTESIAN_POINT('',(-0.00697451762538281,0.00955429604634527,0.));
#12173=CARTESIAN_POINT('',(-0.00803296802947002,0.00955429604634527,0.));
#12174=CARTESIAN_POINT('',(-0.00803296802947002,0.00955429604634527,0.));
#12175=CARTESIAN_POINT('',(-0.00813446327369756,0.00955429604634527,0.));
#12176=CARTESIAN_POINT('',(-0.00813446327369756,0.00964788257024339,0.));
#12177=CARTESIAN_POINT('',(-0.00813446327369756,0.00964788257024339,0.));
#12178=CARTESIAN_POINT('',(-0.00813446327369756,0.00974081003411406,0.));
#12179=CARTESIAN_POINT('',(-0.00813446327369756,0.00983373749798473,0.));
#12180=CARTESIAN_POINT('',(-0.00813446327369756,0.00983373749798473,0.));
#12181=CARTESIAN_POINT('',(-0.00813446327369756,0.0100947252688555,0.));
#12182=CARTESIAN_POINT('',(-0.00802044588894844,0.0102087426536047,0.));
#12183=CARTESIAN_POINT('',(-0.00802044588894844,0.0102087426536047,0.));
#12184=CARTESIAN_POINT('',(-0.00802044588894844,0.0102087426536047,0.));
#12185=CARTESIAN_POINT('',(-0.00790642850419932,0.0103227600383538,0.));
#12186=CARTESIAN_POINT('',(-0.00763621389294418,0.0103227600383538,0.));
#12187=CARTESIAN_POINT('',(-0.00763621389294418,0.0103227600383538,0.));
#12188=CARTESIAN_POINT('',(-0.00678470833747676,0.0103227600383538,0.));
#12189=CARTESIAN_POINT('',(-0.00593320278200933,0.0103227600383538,0.));
#12190=CARTESIAN_POINT('',(-0.00593320278200933,0.0103227600383538,0.));
#12191=CARTESIAN_POINT('',(-0.00575525657459741,0.0103227600383538,0.));
#12192=CARTESIAN_POINT('',(-0.00575525657459741,0.0105086149660951,0.));
#12193=CARTESIAN_POINT('',(-0.00575525657459741,0.0105086149660951,0.));
#12194=CARTESIAN_POINT('',(-0.00575525657459741,0.0107867382976797,0.));
#12195=CARTESIAN_POINT('',(-0.00575525657459741,0.0110648616292642,0.));
#12196=CARTESIAN_POINT('',(-0.00575525657459741,0.0110648616292642,0.));
#12197=CARTESIAN_POINT('',(-0.00575525657459741,0.0111571300331075,0.));
#12198=CARTESIAN_POINT('',(-0.0057934820561896,0.0111953555146997,0.));
#12199=CARTESIAN_POINT('',(-0.0238708395491585,0.000397316024933228,0.));
#12200=CARTESIAN_POINT('',(-0.0239084059707233,0.000435541506525418,0.));
#12201=CARTESIAN_POINT('',(-0.0239927656542371,0.000435541506525418,0.));
#12202=CARTESIAN_POINT('',(-0.0238708395491585,0.000397316024933228,0.));
#12203=CARTESIAN_POINT('',(-0.0239927656542371,0.000435541506525418,0.));
#12204=CARTESIAN_POINT('',(-0.0243980875711198,0.000435541506525418,0.));
#12205=CARTESIAN_POINT('',(-0.0248034094880026,0.000435541506525418,0.));
#12206=CARTESIAN_POINT('',(-0.0248034094880026,0.000435541506525418,0.));
#12207=CARTESIAN_POINT('',(-0.0249549932943164,0.000435541506525418,0.));
#12208=CARTESIAN_POINT('',(-0.0249035866121751,0.000258913419168399,0.));
#12209=CARTESIAN_POINT('',(-0.0249035866121751,0.000258913419168398,0.));
#12210=CARTESIAN_POINT('',(-0.0242372769244216,-0.00227649050643777,0.));
#12211=CARTESIAN_POINT('',(-0.0235709672366681,-0.00481189443204394,0.));
#12212=CARTESIAN_POINT('',(-0.0235709672366681,-0.00481189443204394,0.));
#12213=CARTESIAN_POINT('',(-0.0235116518341974,-0.00498852251940096,0.));
#12214=CARTESIAN_POINT('',(-0.0233178881861267,-0.00498852251940096,0.));
#12215=CARTESIAN_POINT('',(-0.0233178881861267,-0.00498852251940096,0.));
#12216=CARTESIAN_POINT('',(-0.0227570281027655,-0.00498852251940096,0.));
#12217=CARTESIAN_POINT('',(-0.0221961680194041,-0.00498852251940096,0.));
#12218=CARTESIAN_POINT('',(-0.0221961680194041,-0.00498852251940096,0.));
#12219=CARTESIAN_POINT('',(-0.0219852688106197,-0.00498852251940096,0.));
#12220=CARTESIAN_POINT('',(-0.0219430889688627,-0.00481189443204394,0.));
#12221=CARTESIAN_POINT('',(-0.0219430889688627,-0.00481189443204394,0.));
#12222=CARTESIAN_POINT('',(-0.0212767792811092,-0.00227649050643777,0.));
#12223=CARTESIAN_POINT('',(-0.0206104695933557,0.000258913419168399,0.));
#12224=CARTESIAN_POINT('',(-0.0206104695933557,0.000258913419168399,0.));
#12225=CARTESIAN_POINT('',(-0.0205590629112144,0.000435541506525418,0.));
#12226=CARTESIAN_POINT('',(-0.0207119648375832,0.000435541506525418,0.));
#12227=CARTESIAN_POINT('',(-0.0207119648375832,0.000435541506525418,0.));
#12228=CARTESIAN_POINT('',(-0.0211166276944385,0.000435541506525418,0.));
#12229=CARTESIAN_POINT('',(-0.0215212905512938,0.000435541506525418,0.));
#12230=CARTESIAN_POINT('',(-0.0215212905512938,0.000435541506525418,0.));
#12231=CARTESIAN_POINT('',(-0.021613558955137,0.000435541506525418,0.));
#12232=CARTESIAN_POINT('',(-0.0216478300765644,0.000397316024933228,0.));
#12233=CARTESIAN_POINT('',(-0.0216478300765644,0.000397316024933228,0.));
#12234=CARTESIAN_POINT('',(-0.0216478300765644,0.000397316024933228,0.));
#12235=CARTESIAN_POINT('',(-0.0216821011979919,0.000359090543341037,0.));
#12236=CARTESIAN_POINT('',(-0.0216979186386508,0.000258913419168399,0.));
#12237=CARTESIAN_POINT('',(-0.0216979186386508,0.000258913419168399,0.));
#12238=CARTESIAN_POINT('',(-0.021816549443592,-0.000205064840157503,0.));
#12239=CARTESIAN_POINT('',(-0.0219351802485333,-0.000669043099483404,0.));
#12240=CARTESIAN_POINT('',(-0.0227576871627929,-0.000669043099483404,0.));
#12241=CARTESIAN_POINT('',(-0.0235801940770524,-0.000669043099483404,0.));
#12242=CARTESIAN_POINT('',(-0.0236981658219663,-0.000205064840157503,0.));
#12243=CARTESIAN_POINT('',(-0.0238161375668801,0.000258913419168399,0.));
#12244=CARTESIAN_POINT('',(-0.0238161375668801,0.000258913419168399,0.));
#12245=CARTESIAN_POINT('',(-0.0238332731275939,0.000359090543341037,0.));
#12246=CARTESIAN_POINT('',(-0.0238708395491585,0.000397316024933228,0.));
#12247=CARTESIAN_POINT('',(-0.0119611235187193,0.0101022505404262,0.));
#12248=CARTESIAN_POINT('',(-0.0114661814971645,0.0111191893673433,0.));
#12249=CARTESIAN_POINT('',(-0.0119636020019299,0.0112335667269612,0.));
#12250=CARTESIAN_POINT('',(-0.0121369348204109,0.0112335809962918,0.));
#12251=CARTESIAN_POINT('',(-0.0123102676076307,0.0112335809962918,0.));
#12252=CARTESIAN_POINT('',(-0.0123102676076307,0.0112335809962918,0.));
#12253=CARTESIAN_POINT('',(-0.012958782674643,0.0112335809962918,0.));
#12254=CARTESIAN_POINT('',(-0.0132922670485335,0.0108790067015229,0.));
#12255=CARTESIAN_POINT('',(-0.0132922670485335,0.0108790067015229,0.));
#12256=CARTESIAN_POINT('',(-0.0132922670485335,0.0108790067015229,0.));
#12257=CARTESIAN_POINT('',(-0.013625751422424,0.010524432406754,0.));
#12258=CARTESIAN_POINT('',(-0.013625751422424,0.00985878177902789,0.));
#12259=CARTESIAN_POINT('',(-0.013625751422424,0.00985878177902789,0.));
#12260=CARTESIAN_POINT('',(-0.013625751422424,0.00908240906668995,0.));
#12261=CARTESIAN_POINT('',(-0.013625751422424,0.008306036354352,0.));
#12262=CARTESIAN_POINT('',(-0.013625751422424,0.008306036354352,0.));
#12263=CARTESIAN_POINT('',(-0.013625751422424,0.00764038572662592,0.));
#12264=CARTESIAN_POINT('',(-0.0132922670485335,0.00728581143185698,0.));
#12265=CARTESIAN_POINT('',(-0.0132922670485335,0.00728581143185698,0.));
#12266=CARTESIAN_POINT('',(-0.0132922670485335,0.00728581143185698,0.));
#12267=CARTESIAN_POINT('',(-0.012958782674643,0.00693123713708804,0.));
#12268=CARTESIAN_POINT('',(-0.0123102676076307,0.00693123713708804,0.));
#12269=CARTESIAN_POINT('',(-0.0123102676076307,0.00693123713708804,0.));
#12270=CARTESIAN_POINT('',(-0.0121369348204109,0.00693123713708804,0.));
#12271=CARTESIAN_POINT('',(-0.0119636020019299,0.00693125140641867,0.));
#12272=CARTESIAN_POINT('',(-0.0119611235187193,0.0080625675929535,0.));
#12273=CARTESIAN_POINT('',(-0.0114661814971645,0.00704562876603653,0.));
#12274=CARTESIAN_POINT('',(-0.01172647103108,0.00762690155777566,0.));
#12275=CARTESIAN_POINT('',(-0.011136810363986,0.00738730667608452,0.));
#12276=CARTESIAN_POINT('',(-0.0111200051980531,0.00738730667608452,0.));
#12277=CARTESIAN_POINT('',(-0.0111028696373394,0.00738730667608452,0.));
#12278=CARTESIAN_POINT('',(-0.0111028696373394,0.00643364681636211,0.));
#12279=CARTESIAN_POINT('',(-0.0111028696373394,0.00547998695663969,0.));
#12280=CARTESIAN_POINT('',(-0.0111028696373394,0.00547998695663969,0.));
#12281=CARTESIAN_POINT('',(-0.0111028696373394,0.00530335886928268,0.));
#12282=CARTESIAN_POINT('',(-0.0109262415499824,0.00530335886928268,0.));
#12283=CARTESIAN_POINT('',(-0.0109262415499824,0.00530335886928268,0.));
#12284=CARTESIAN_POINT('',(-0.0105677128950487,0.00530335886928268,0.));
#12285=CARTESIAN_POINT('',(-0.0102091842401151,0.00530335886928268,0.));
#12286=CARTESIAN_POINT('',(-0.0102091842401151,0.00530335886928268,0.));
#12287=CARTESIAN_POINT('',(-0.0100325561527581,0.00530335886928268,0.));
#12288=CARTESIAN_POINT('',(-0.0100325561527581,0.00547998695663969,0.));
#12289=CARTESIAN_POINT('',(-0.0100325561527581,0.00547998695663969,0.));
#12290=CARTESIAN_POINT('',(-0.0100325561527581,0.00826846993278727,0.));
#12291=CARTESIAN_POINT('',(-0.0100325561527581,0.0110569529089348,0.));
#12292=CARTESIAN_POINT('',(-0.0100325561527581,0.0110569529089348,0.));
#12293=CARTESIAN_POINT('',(-0.0100325561527581,0.0112335809962918,0.));
#12294=CARTESIAN_POINT('',(-0.0102091842401151,0.0112335809962918,0.));
#12295=CARTESIAN_POINT('',(-0.0102091842401151,0.0112335809962918,0.));
#12296=CARTESIAN_POINT('',(-0.0105677128950487,0.0112335809962918,0.));
#12297=CARTESIAN_POINT('',(-0.0109262415499824,0.0112335809962918,0.));
#12298=CARTESIAN_POINT('',(-0.0109262415499824,0.0112335809962918,0.));
#12299=CARTESIAN_POINT('',(-0.0111028696373394,0.0112335809962918,0.));
#12300=CARTESIAN_POINT('',(-0.0111028696373394,0.0110569529089348,0.));
#12301=CARTESIAN_POINT('',(-0.0111028696373394,0.0110569529089348,0.));
#12302=CARTESIAN_POINT('',(-0.0111028696373394,0.0109172321831151,0.));
#12303=CARTESIAN_POINT('',(-0.0111028696373394,0.0107775114572954,0.));
#12304=CARTESIAN_POINT('',(-0.0111200051980531,0.0107775114572954,0.));
#12305=CARTESIAN_POINT('',(-0.011136810363986,0.0107775114572954,0.));
#12306=CARTESIAN_POINT('',(-0.01172647103108,0.0105379165756042,0.));
#12307=CARTESIAN_POINT('',(-0.0252158427189524,-0.00963737460048436,0.003));
#12308=CARTESIAN_POINT('',(-0.0237158427189524,-0.00963737460048436,0.003));
#12309=CARTESIAN_POINT('',(-0.0237158427189524,-0.00963737460048436,0.003));
#12310=CARTESIAN_POINT('',(-0.0252158427189524,-0.00963737460048436,0.003));
#12311=CARTESIAN_POINT('',(-0.0267158427189524,-0.00963737460048436,0.003));
#12312=CARTESIAN_POINT('',(-0.0267158427189524,-0.00963737460048436,0.003));
#12313=CARTESIAN_POINT('',(-0.0237158427189524,-0.0149703452174255,0.003));
#12314=CARTESIAN_POINT('',(-0.0237158427189524,-0.0203033158343666,0.003));
#12315=CARTESIAN_POINT('',(-0.0237158427189524,-0.0203033158343666,0.003));
#12316=CARTESIAN_POINT('',(-0.0237158427189524,-0.0149703452174255,0.003));
#12317=CARTESIAN_POINT('',(-0.0162158427189524,-0.0203033158343666,0.003));
#12318=CARTESIAN_POINT('',(-0.0087158427189524,-0.0203033158343666,0.003));
#12319=CARTESIAN_POINT('',(-0.0087158427189524,-0.0203033158343666,0.003));
#12320=CARTESIAN_POINT('',(-0.0162158427189524,-0.0203033158343666,0.003));
#12321=CARTESIAN_POINT('',(-0.0087158427189524,-0.0149703452174255,0.003));
#12322=CARTESIAN_POINT('',(-0.0087158427189524,-0.00963737460048436,0.003));
#12323=CARTESIAN_POINT('',(-0.0087158427189524,-0.00963737460048436,0.003));
#12324=CARTESIAN_POINT('',(-0.0087158427189524,-0.0149703452174255,0.003));
#12325=CARTESIAN_POINT('',(-0.0054658427189524,-0.00963737460048436,0.003));
#12326=CARTESIAN_POINT('',(-0.0022158427189524,-0.00963737460048436,0.003));
#12327=CARTESIAN_POINT('',(-0.0022158427189524,-0.00963737460048436,0.003));
#12328=CARTESIAN_POINT('',(-0.0054658427189524,-0.00963737460048436,0.003));
#12329=CARTESIAN_POINT('',(-0.0022158427189524,-0.0149703452174255,0.003));
#12330=CARTESIAN_POINT('',(-0.0022158427189524,-0.0203033158343666,0.003));
#12331=CARTESIAN_POINT('',(-0.0022158427189524,-0.0203033158343666,0.003));
#12332=CARTESIAN_POINT('',(-0.0022158427189524,-0.0149703452174255,0.003));
#12333=CARTESIAN_POINT('',(0.0052841572810476,-0.0203033158343666,0.003));
#12334=CARTESIAN_POINT('',(0.0127841572810476,-0.0203033158343666,0.003));
#12335=CARTESIAN_POINT('',(0.0127841572810476,-0.0203033158343666,0.003));
#12336=CARTESIAN_POINT('',(0.0052841572810476,-0.0203033158343666,0.003));
#12337=CARTESIAN_POINT('',(0.0127841572810476,-0.0149703452174255,0.003));
#12338=CARTESIAN_POINT('',(0.0127841572810476,-0.00963737460048436,0.003));
#12339=CARTESIAN_POINT('',(0.0127841572810476,-0.00963737460048436,0.003));
#12340=CARTESIAN_POINT('',(0.0127841572810476,-0.0149703452174255,0.003));
#12341=CARTESIAN_POINT('',(0.0192841572810476,-0.00963737460048436,0.003));
#12342=CARTESIAN_POINT('',(0.0257841572810476,-0.00963737460048437,0.003));
#12343=CARTESIAN_POINT('',(0.0257841572810476,-0.00963737460048437,0.003));
#12344=CARTESIAN_POINT('',(0.0192841572810476,-0.00963737460048436,0.003));
#12345=CARTESIAN_POINT('',(0.0316841572810476,-0.00313737460048436,0.003));
#12346=CARTESIAN_POINT('',(0.0375841572810476,0.00336262539951565,0.003));
#12347=CARTESIAN_POINT('',(0.0375841572810476,0.00336262539951565,0.003));
#12348=CARTESIAN_POINT('',(0.0316841572810476,-0.00313737460048436,0.003));
#12349=CARTESIAN_POINT('',(0.0375841572810476,0.00661262539951565,0.003));
#12350=CARTESIAN_POINT('',(0.0375841572810476,0.00986262539951565,0.003));
#12351=CARTESIAN_POINT('',(0.0375841572810476,0.00986262539951565,0.003));
#12352=CARTESIAN_POINT('',(0.0375841572810476,0.00661262539951565,0.003));
#12353=CARTESIAN_POINT('',(0.0425847464927451,0.00986262539951565,0.003));
#12354=CARTESIAN_POINT('',(0.0475841572810476,0.00986262539951565,0.003));
#12355=CARTESIAN_POINT('',(0.0475841572810476,0.00986262539951565,0.003));
#12356=CARTESIAN_POINT('',(0.0425847464927451,0.00986262539951565,0.003));
#12357=CARTESIAN_POINT('',(0.0475841572810476,0.0163626253995156,0.003));
#12358=CARTESIAN_POINT('',(0.0475841572810476,0.0228626253995157,0.003));
#12359=CARTESIAN_POINT('',(0.0475841572810476,0.0228626253995157,0.003));
#12360=CARTESIAN_POINT('',(0.0475841572810476,0.0163626253995156,0.003));
#12361=CARTESIAN_POINT('',(0.0425847464927451,0.0228626253995157,0.003));
#12362=CARTESIAN_POINT('',(0.0375841572810476,0.0228626253995157,0.003));
#12363=CARTESIAN_POINT('',(0.0375841572810476,0.0228626253995157,0.003));
#12364=CARTESIAN_POINT('',(0.0425847464927451,0.0228626253995157,0.003));
#12365=CARTESIAN_POINT('',(0.0375841572810476,0.0263626253995157,0.003));
#12366=CARTESIAN_POINT('',(0.0375841572810476,0.0298626253995157,0.003));
#12367=CARTESIAN_POINT('',(0.0375841572810476,0.0298626253995157,0.003));
#12368=CARTESIAN_POINT('',(0.0375841572810476,0.0263626253995157,0.003));
#12369=CARTESIAN_POINT('',(0.0054341572810476,0.0298626253995157,0.003));
#12370=CARTESIAN_POINT('',(-0.0267158427189524,0.0298626253995157,0.003));
#12371=CARTESIAN_POINT('',(-0.0267158427189524,0.0298626253995157,0.003));
#12372=CARTESIAN_POINT('',(0.0054341572810476,0.0298626253995157,0.003));
#12373=CARTESIAN_POINT('',(-0.0267158427189524,0.0101126253995156,0.003));
#12374=CARTESIAN_POINT('',(-0.0267158427189524,0.0101126253995156,0.003));
#12375=CARTESIAN_POINT('',(0.0054341572810476,0.00944668416563343,0.003));
#12376=CARTESIAN_POINT('',(-0.0174469814615881,0.000258913419168399,0.001));
#12377=CARTESIAN_POINT('',(-0.0174469814615881,0.000258913419168399,0.));
#12378=CARTESIAN_POINT('',(-0.0174751013560927,0.000376665477406412,0.001));
#12379=CARTESIAN_POINT('',(-0.0174751013560927,0.000376665477406412,0.));
#12380=CARTESIAN_POINT('',(-0.0175423254788928,0.000435541506525418,0.001));
#12381=CARTESIAN_POINT('',(-0.0175423254788928,0.000435541506525418,0.));
#12382=CARTESIAN_POINT('',(-0.0176486538299883,0.000435541506525418,0.001));
#12383=CARTESIAN_POINT('',(-0.0176486538299883,0.000435541506525418,0.));
#12384=CARTESIAN_POINT('',(-0.0174469814615881,0.000258913419168399,0.001));
#12385=CARTESIAN_POINT('',(-0.0174469814615881,0.000258913419168399,0.001));
#12386=CARTESIAN_POINT('',(-0.0174469814615881,0.000258913419168399,0.001));
#12387=CARTESIAN_POINT('',(-0.0174891613033451,0.000435541506525418,0.001));
#12388=CARTESIAN_POINT('',(-0.0176486538299883,0.000435541506525418,0.001));
#12389=CARTESIAN_POINT('',(-0.0176486538299883,0.000435541506525418,0.001));
#12390=CARTESIAN_POINT('',(-0.0176486538299883,0.000435541506525418,0.001));
#12391=CARTESIAN_POINT('',(-0.0182016051930202,0.000435541506525418,0.001));
#12392=CARTESIAN_POINT('',(-0.0182016051930202,0.000435541506525418,0.001));
#12393=CARTESIAN_POINT('',(-0.0187545565560521,0.000435541506525418,0.001));
#12394=CARTESIAN_POINT('',(-0.0187545565560521,0.000435541506525418,0.001));
#12395=CARTESIAN_POINT('',(-0.0187545565560521,0.000435541506525418,0.001));
#12396=CARTESIAN_POINT('',(-0.0187545565560521,0.000435541506525418,0.));
#12397=CARTESIAN_POINT('',(-0.0188723086142901,0.000435541506525418,0.001));
#12398=CARTESIAN_POINT('',(-0.0188723086142901,0.000435541506525418,0.));
#12399=CARTESIAN_POINT('',(-0.0189426083505516,0.000376665477406412,0.001));
#12400=CARTESIAN_POINT('',(-0.0189426083505516,0.000376665477406412,0.));
#12401=CARTESIAN_POINT('',(-0.0189654557648366,0.000258913419168399,0.001));
#12402=CARTESIAN_POINT('',(-0.0189654557648366,0.000258913419168399,0.));
#12403=CARTESIAN_POINT('',(-0.0187545565560521,0.000435541506525418,0.001));
#12404=CARTESIAN_POINT('',(-0.0189311846434091,0.000435541506525418,0.001));
#12405=CARTESIAN_POINT('',(-0.0189654557648366,0.000258913419168399,0.001));
#12406=CARTESIAN_POINT('',(-0.0189654557648366,0.000258913419168402,0.001));
#12407=CARTESIAN_POINT('',(-0.0189654557648366,0.000258913419168402,0.001));
#12408=CARTESIAN_POINT('',(-0.0196192433120685,-0.0022679227260809,0.001));
#12409=CARTESIAN_POINT('',(-0.0196192433120685,-0.0022679227260809,0.001));
#12410=CARTESIAN_POINT('',(-0.0202730308593005,-0.0047947588713302,0.001));
#12411=CARTESIAN_POINT('',(-0.0202730308593005,-0.0047947588713302,0.001));
#12412=CARTESIAN_POINT('',(-0.0202730308593005,-0.0047947588713302,0.001));
#12413=CARTESIAN_POINT('',(-0.0202730308593005,-0.0047947588713302,0.));
#12414=CARTESIAN_POINT('',(-0.0203116957142443,-0.00492393463671071,0.001));
#12415=CARTESIAN_POINT('',(-0.0203116957142443,-0.00492393463671071,0.));
#12416=CARTESIAN_POINT('',(-0.0202554559252351,-0.00498852251940096,0.001));
#12417=CARTESIAN_POINT('',(-0.0202554559252351,-0.00498852251940096,0.));
#12418=CARTESIAN_POINT('',(-0.0201043114922729,-0.00498852251940096,0.001));
#12419=CARTESIAN_POINT('',(-0.0201043114922729,-0.00498852251940096,0.));
#12420=CARTESIAN_POINT('',(-0.0202730308593005,-0.0047947588713302,0.001));
#12421=CARTESIAN_POINT('',(-0.0203310281417162,-0.00498852251940096,0.001));
#12422=CARTESIAN_POINT('',(-0.0201043114922729,-0.00498852251940096,0.001));
#12423=CARTESIAN_POINT('',(-0.0201043114922729,-0.00498852251940096,0.001));
#12424=CARTESIAN_POINT('',(-0.0201043114922729,-0.00498852251940096,0.001));
#12425=CARTESIAN_POINT('',(-0.019707557355747,-0.00498852251940096,0.001));
#12426=CARTESIAN_POINT('',(-0.019707557355747,-0.00498852251940096,0.001));
#12427=CARTESIAN_POINT('',(-0.0193108032192212,-0.00498852251940096,0.001));
#12428=CARTESIAN_POINT('',(-0.0193108032192212,-0.00498852251940096,0.001));
#12429=CARTESIAN_POINT('',(-0.0193108032192212,-0.00498852251940096,0.001));
#12430=CARTESIAN_POINT('',(-0.0193108032192212,-0.00498852251940096,0.));
#12431=CARTESIAN_POINT('',(-0.0191983236412028,-0.00498852251940096,0.001));
#12432=CARTESIAN_POINT('',(-0.0191983236412028,-0.00498852251940096,0.));
#12433=CARTESIAN_POINT('',(-0.0191306601450511,-0.00492964649028195,0.001));
#12434=CARTESIAN_POINT('',(-0.0191306601450511,-0.00492964649028195,0.));
#12435=CARTESIAN_POINT('',(-0.0191078127307661,-0.00481189443204394,0.001));
#12436=CARTESIAN_POINT('',(-0.0191078127307661,-0.00481189443204394,0.));
#12437=CARTESIAN_POINT('',(-0.0193108032192212,-0.00498852251940096,0.001));
#12438=CARTESIAN_POINT('',(-0.0191420838521936,-0.00498852251940096,0.001));
#12439=CARTESIAN_POINT('',(-0.0191078127307661,-0.00481189443204394,0.001));
#12440=CARTESIAN_POINT('',(-0.0191078127307661,-0.00481189443204394,0.001));
#12441=CARTESIAN_POINT('',(-0.0191078127307661,-0.00481189443204394,0.001));
#12442=CARTESIAN_POINT('',(-0.0186649243923186,-0.00273651440559896,0.001));
#12443=CARTESIAN_POINT('',(-0.0186649243923186,-0.00273651440559896,0.001));
#12444=CARTESIAN_POINT('',(-0.0182220360538712,-0.000661134379153985,0.001));
#12445=CARTESIAN_POINT('',(-0.0182220360538712,-0.000661134379153985,0.001));
#12446=CARTESIAN_POINT('',(-0.0182055595531849,-0.000661134379153985,0.001));
#12447=CARTESIAN_POINT('',(-0.0182055595531849,-0.000661134379153985,0.001));
#12448=CARTESIAN_POINT('',(-0.0181890830524986,-0.000661134379153987,0.001));
#12449=CARTESIAN_POINT('',(-0.0181890830524986,-0.000661134379153987,0.001));
#12450=CARTESIAN_POINT('',(-0.0177461947140512,-0.00273651440559896,0.001));
#12451=CARTESIAN_POINT('',(-0.0177461947140512,-0.00273651440559896,0.001));
#12452=CARTESIAN_POINT('',(-0.0173033063756038,-0.00481189443204394,0.001));
#12453=CARTESIAN_POINT('',(-0.0173033063756038,-0.00481189443204394,0.001));
#12454=CARTESIAN_POINT('',(-0.0173033063756038,-0.00481189443204394,0.001));
#12455=CARTESIAN_POINT('',(-0.0173033063756038,-0.00481189443204394,0.));
#12456=CARTESIAN_POINT('',(-0.0172804589613187,-0.00492964649028195,0.001));
#12457=CARTESIAN_POINT('',(-0.0172804589613187,-0.00492964649028195,0.));
#12458=CARTESIAN_POINT('',(-0.0172127954651671,-0.00498852251940096,0.001));
#12459=CARTESIAN_POINT('',(-0.0172127954651671,-0.00498852251940096,0.));
#12460=CARTESIAN_POINT('',(-0.0171003158871487,-0.00498852251940096,0.001));
#12461=CARTESIAN_POINT('',(-0.0171003158871487,-0.00498852251940096,0.));
#12462=CARTESIAN_POINT('',(-0.0173033063756038,-0.00481189443204394,0.001));
#12463=CARTESIAN_POINT('',(-0.0172690352541762,-0.00498852251940096,0.001));
#12464=CARTESIAN_POINT('',(-0.0171003158871487,-0.00498852251940096,0.001));
#12465=CARTESIAN_POINT('',(-0.0171003158871487,-0.00498852251940096,0.001));
#12466=CARTESIAN_POINT('',(-0.0171003158871487,-0.00498852251940096,0.001));
#12467=CARTESIAN_POINT('',(-0.0167042208106503,-0.00498852251940096,0.001));
#12468=CARTESIAN_POINT('',(-0.0167042208106503,-0.00498852251940096,0.001));
#12469=CARTESIAN_POINT('',(-0.0163081257341519,-0.00498852251940096,0.001));
#12470=CARTESIAN_POINT('',(-0.0163081257341519,-0.00498852251940096,0.001));
#12471=CARTESIAN_POINT('',(-0.0163081257341519,-0.00498852251940096,0.001));
#12472=CARTESIAN_POINT('',(-0.0163081257341519,-0.00498852251940096,0.));
#12473=CARTESIAN_POINT('',(-0.0161675262616288,-0.00498852251940096,0.001));
#12474=CARTESIAN_POINT('',(-0.0161675262616288,-0.00498852251940096,0.));
#12475=CARTESIAN_POINT('',(-0.0161112864726197,-0.00492393463671071,0.001));
#12476=CARTESIAN_POINT('',(-0.0161112864726197,-0.00492393463671071,0.));
#12477=CARTESIAN_POINT('',(-0.0161394063671242,-0.0047947588713302,0.001));
#12478=CARTESIAN_POINT('',(-0.0161394063671242,-0.0047947588713302,0.));
#12479=CARTESIAN_POINT('',(-0.0163081257341519,-0.00498852251940096,0.001));
#12480=CARTESIAN_POINT('',(-0.0160972265253673,-0.00498852251940096,0.001));
#12481=CARTESIAN_POINT('',(-0.0161394063671242,-0.0047947588713302,0.001));
#12482=CARTESIAN_POINT('',(-0.0161394063671242,-0.0047947588713302,0.001));
#12483=CARTESIAN_POINT('',(-0.0161394063671242,-0.0047947588713302,0.001));
#12484=CARTESIAN_POINT('',(-0.0167931939143562,-0.0022679227260809,0.001));
#12485=CARTESIAN_POINT('',(-0.0167931939143562,-0.0022679227260809,0.001));
#12486=CARTESIAN_POINT('',(0.00543415728104759,0.0101126253995156,0.001));
#12487=CARTESIAN_POINT('',(7.47884282391274E-5,-0.000551730414597026,0.001));
#12488=CARTESIAN_POINT('',(7.47884282391274E-5,-0.000551730414597026,0.));
#12489=CARTESIAN_POINT('',(7.47884282391274E-5,-0.000489339398664945,0.001));
#12490=CARTESIAN_POINT('',(7.47884282391274E-5,-0.000489339398664945,0.));
#12491=CARTESIAN_POINT('',(0.000105544562853534,-0.000458143890698904,0.001));
#12492=CARTESIAN_POINT('',(0.000105544562853534,-0.000458143890698904,0.));
#12493=CARTESIAN_POINT('',(0.000167056832082346,-0.000458143890698904,0.001));
#12494=CARTESIAN_POINT('',(0.000167056832082346,-0.000458143890698904,0.));
#12495=CARTESIAN_POINT('',(7.47884282391274E-5,-0.000551730414597026,0.));
#12496=CARTESIAN_POINT('',(7.47884282391274E-5,-0.000458143890698904,0.));
#12497=CARTESIAN_POINT('',(0.000167056832082346,-0.000458143890698904,0.));
#12498=CARTESIAN_POINT('',(7.47884282391274E-5,-0.000551730414597025,0.));
#12499=CARTESIAN_POINT('',(0.000167056832082346,-0.000458143890698904,0.));
#12500=CARTESIAN_POINT('',(7.47884282391274E-5,-0.000551730414597026,0.001));
#12501=CARTESIAN_POINT('',(7.47884282391274E-5,-0.000551730414597026,0.001));
#12502=CARTESIAN_POINT('',(7.47884282391274E-5,-0.000551730414597026,0.001));
#12503=CARTESIAN_POINT('',(7.47884282391274E-5,-0.000458143890698904,0.001));
#12504=CARTESIAN_POINT('',(0.000167056832082346,-0.000458143890698904,0.001));
#12505=CARTESIAN_POINT('',(0.000167056832082346,-0.000458143890698904,0.001));
#12506=CARTESIAN_POINT('',(0.000167056832082346,-0.000458143890698904,0.001));
#12507=CARTESIAN_POINT('',(0.000639602871765118,-0.000458143890698904,0.001));
#12508=CARTESIAN_POINT('',(0.000639602871765118,-0.000458143890698904,0.));
#12509=CARTESIAN_POINT('',(0.00111214891144789,-0.000458143890698904,0.));
#12510=CARTESIAN_POINT('',(0.000639602871765118,-0.000458143890698904,0.001));
#12511=CARTESIAN_POINT('',(0.00111214891144789,-0.000458143890698904,0.001));
#12512=CARTESIAN_POINT('',(0.00111214891144789,-0.000458143890698904,0.001));
#12513=CARTESIAN_POINT('',(0.00111214891144789,-0.000458143890698904,0.001));
#12514=CARTESIAN_POINT('',(0.00111214891144789,-0.000458143890698904,0.));
#12515=CARTESIAN_POINT('',(0.0012975644658376,-0.000458143890698904,0.001));
#12516=CARTESIAN_POINT('',(0.0012975644658376,-0.000458143890698904,0.));
#12517=CARTESIAN_POINT('',(0.00143113396473445,-0.000496149685615277,0.001));
#12518=CARTESIAN_POINT('',(0.00143113396473445,-0.000496149685615277,0.));
#12519=CARTESIAN_POINT('',(0.00151285740813844,-0.000572161275448024,0.001));
#12520=CARTESIAN_POINT('',(0.00151285740813844,-0.000572161275448024,0.));
#12521=CARTESIAN_POINT('',(0.00111214891144789,-0.000458143890698904,0.));
#12522=CARTESIAN_POINT('',(0.00139027224303245,-0.000458143890698904,0.));
#12523=CARTESIAN_POINT('',(0.00151285740813844,-0.000572161275448024,0.));
#12524=CARTESIAN_POINT('',(0.00151285740813844,-0.000572161275448024,0.));
#12525=CARTESIAN_POINT('',(0.00111214891144789,-0.000458143890698904,0.001));
#12526=CARTESIAN_POINT('',(0.00139027224303245,-0.000458143890698904,0.001));
#12527=CARTESIAN_POINT('',(0.00151285740813844,-0.000572161275448024,0.001));
#12528=CARTESIAN_POINT('',(0.00151285740813844,-0.000572161275448024,0.001));
#12529=CARTESIAN_POINT('',(0.00151285740813844,-0.000572161275448024,0.001));
#12530=CARTESIAN_POINT('',(0.00151285740813844,-0.000572161275448024,0.001));
#12531=CARTESIAN_POINT('',(0.00151285740813844,-0.000572161275448024,0.));
#12532=CARTESIAN_POINT('',(0.00159458085154243,-0.000648172865280771,0.001));
#12533=CARTESIAN_POINT('',(0.00159458085154243,-0.000648172865280771,0.));
#12534=CARTESIAN_POINT('',(0.00163544257324443,-0.000773613957172386,0.001));
#12535=CARTESIAN_POINT('',(0.00163544257324443,-0.000773613957172386,0.));
#12536=CARTESIAN_POINT('',(0.00163544257324443,-0.000948484551122867,0.001));
#12537=CARTESIAN_POINT('',(0.00163544257324443,-0.000948484551122867,0.));
#12538=CARTESIAN_POINT('',(0.00151285740813844,-0.000572161275448024,0.));
#12539=CARTESIAN_POINT('',(0.00163544257324443,-0.000686178660197145,0.));
#12540=CARTESIAN_POINT('',(0.00163544257324443,-0.000948484551122867,0.));
#12541=CARTESIAN_POINT('',(0.00163544257324443,-0.000948484551122867,0.));
#12542=CARTESIAN_POINT('',(0.00151285740813844,-0.000572161275448024,0.001));
#12543=CARTESIAN_POINT('',(0.00163544257324443,-0.000686178660197145,0.001));
#12544=CARTESIAN_POINT('',(0.00163544257324443,-0.000948484551122867,0.001));
#12545=CARTESIAN_POINT('',(0.00163544257324443,-0.000948484551122867,0.001));
#12546=CARTESIAN_POINT('',(0.00163544257324443,-0.000948484551122867,0.001));
#12547=CARTESIAN_POINT('',(0.00163544257324443,-0.0011929958213074,0.001));
#12548=CARTESIAN_POINT('',(0.00163544257324443,-0.0011929958213074,0.));
#12549=CARTESIAN_POINT('',(0.00163544257324443,-0.00143750709149193,0.));
#12550=CARTESIAN_POINT('',(0.00163544257324443,-0.0011929958213074,0.001));
#12551=CARTESIAN_POINT('',(0.00163544257324443,-0.00143750709149193,0.001));
#12552=CARTESIAN_POINT('',(0.00163544257324443,-0.00143750709149193,0.001));
#12553=CARTESIAN_POINT('',(0.00163544257324443,-0.00143750709149193,0.001));
#12554=CARTESIAN_POINT('',(0.00163544257324443,-0.00143750709149193,0.));
#12555=CARTESIAN_POINT('',(0.00163544257324443,-0.00161149893873914,0.001));
#12556=CARTESIAN_POINT('',(0.00163544257324443,-0.00161149893873914,0.));
#12557=CARTESIAN_POINT('',(0.00159326273148753,-0.00173518253722422,0.001));
#12558=CARTESIAN_POINT('',(0.00159326273148753,-0.00173518253722422,0.));
#12559=CARTESIAN_POINT('',(0.00150890304797373,-0.00180855788694716,0.001));
#12560=CARTESIAN_POINT('',(0.00150890304797373,-0.00180855788694716,0.));
#12561=CARTESIAN_POINT('',(0.00163544257324443,-0.00143750709149193,0.));
#12562=CARTESIAN_POINT('',(0.00163544257324443,-0.00169849486236275,0.));
#12563=CARTESIAN_POINT('',(0.00150890304797373,-0.00180855788694716,0.));
#12564=CARTESIAN_POINT('',(0.00150890304797373,-0.00180855788694716,0.));
#12565=CARTESIAN_POINT('',(0.00163544257324443,-0.00143750709149193,0.001));
#12566=CARTESIAN_POINT('',(0.00163544257324443,-0.00169849486236275,0.001));
#12567=CARTESIAN_POINT('',(0.00150890304797373,-0.00180855788694716,0.001));
#12568=CARTESIAN_POINT('',(0.00150890304797373,-0.00180855788694716,0.001));
#12569=CARTESIAN_POINT('',(0.00150890304797373,-0.00180855788694716,0.001));
#12570=CARTESIAN_POINT('',(0.00150890304797373,-0.00180855788694716,0.001));
#12571=CARTESIAN_POINT('',(0.00150890304797373,-0.00180855788694716,0.));
#12572=CARTESIAN_POINT('',(0.00142454336445993,-0.0018819332366701,0.001));
#12573=CARTESIAN_POINT('',(0.00142454336445993,-0.0018819332366701,0.));
#12574=CARTESIAN_POINT('',(0.00128658013204674,-0.00191862091153157,0.001));
#12575=CARTESIAN_POINT('',(0.00128658013204674,-0.00191862091153157,0.));
#12576=CARTESIAN_POINT('',(0.00109501335073415,-0.00191862091153157,0.001));
#12577=CARTESIAN_POINT('',(0.00109501335073415,-0.00191862091153157,0.));
#12578=CARTESIAN_POINT('',(0.00150890304797373,-0.00180855788694716,0.));
#12579=CARTESIAN_POINT('',(0.00138236352270303,-0.00191862091153157,0.));
#12580=CARTESIAN_POINT('',(0.00109501335073415,-0.00191862091153157,0.));
#12581=CARTESIAN_POINT('',(0.00109501335073415,-0.00191862091153157,0.));
#12582=CARTESIAN_POINT('',(0.00150890304797373,-0.00180855788694716,0.001));
#12583=CARTESIAN_POINT('',(0.00138236352270303,-0.00191862091153157,0.001));
#12584=CARTESIAN_POINT('',(0.00109501335073415,-0.00191862091153157,0.001));
#12585=CARTESIAN_POINT('',(0.00109501335073415,-0.00191862091153157,0.001));
#12586=CARTESIAN_POINT('',(0.00109501335073415,-0.00191862091153157,0.001));
#12587=CARTESIAN_POINT('',(0.000631035091408248,-0.00191862091153157,0.001));
#12588=CARTESIAN_POINT('',(0.000631035091408248,-0.00191862091153157,0.));
#12589=CARTESIAN_POINT('',(0.000167056832082346,-0.00191862091153157,0.));
#12590=CARTESIAN_POINT('',(0.000631035091408248,-0.00191862091153157,0.001));
#12591=CARTESIAN_POINT('',(0.000167056832082346,-0.00191862091153157,0.001));
#12592=CARTESIAN_POINT('',(0.000167056832082346,-0.00191862091153157,0.001));
#12593=CARTESIAN_POINT('',(0.000167056832082346,-0.00191862091153157,0.001));
#12594=CARTESIAN_POINT('',(0.000167056832082346,-0.00191862091153157,0.));
#12595=CARTESIAN_POINT('',(0.000105544562853534,-0.00191862091153157,0.001));
#12596=CARTESIAN_POINT('',(0.000105544562853534,-0.00191862091153157,0.));
#12597=CARTESIAN_POINT('',(7.47884282391274E-5,-0.00188742540356553,0.001));
#12598=CARTESIAN_POINT('',(7.47884282391274E-5,-0.00188742540356553,0.));
#12599=CARTESIAN_POINT('',(7.47884282391274E-5,-0.00182503438763345,0.001));
#12600=CARTESIAN_POINT('',(7.47884282391274E-5,-0.00182503438763345,0.));
#12601=CARTESIAN_POINT('',(0.000167056832082346,-0.00191862091153157,0.));
#12602=CARTESIAN_POINT('',(7.47884282391274E-5,-0.00191862091153157,0.));
#12603=CARTESIAN_POINT('',(7.47884282391274E-5,-0.00182503438763345,0.));
#12604=CARTESIAN_POINT('',(7.47884282391274E-5,-0.00182503438763345,0.));
#12605=CARTESIAN_POINT('',(0.000167056832082346,-0.00191862091153157,0.001));
#12606=CARTESIAN_POINT('',(7.47884282391274E-5,-0.00191862091153157,0.001));
#12607=CARTESIAN_POINT('',(7.47884282391274E-5,-0.00182503438763345,0.001));
#12608=CARTESIAN_POINT('',(7.47884282391274E-5,-0.00182503438763345,0.001));
#12609=CARTESIAN_POINT('',(7.47884282391274E-5,-0.00182503438763345,0.001));
#12610=CARTESIAN_POINT('',(7.47884282391274E-5,-0.00287953043155595,0.001));
#12611=CARTESIAN_POINT('',(7.47884282391274E-5,-0.00287953043155595,0.));
#12612=CARTESIAN_POINT('',(7.47884282391274E-5,-0.00281801816232714,0.001));
#12613=CARTESIAN_POINT('',(7.47884282391274E-5,-0.00281801816232714,0.));
#12614=CARTESIAN_POINT('',(0.000105544562853534,-0.00278726202771273,0.001));
#12615=CARTESIAN_POINT('',(0.000105544562853534,-0.00278726202771273,0.));
#12616=CARTESIAN_POINT('',(0.000167056832082346,-0.00278726202771273,0.001));
#12617=CARTESIAN_POINT('',(0.000167056832082346,-0.00278726202771273,0.));
#12618=CARTESIAN_POINT('',(7.47884282391274E-5,-0.00287953043155595,0.));
#12619=CARTESIAN_POINT('',(7.47884282391274E-5,-0.00278726202771273,0.));
#12620=CARTESIAN_POINT('',(0.000167056832082346,-0.00278726202771273,0.));
#12621=CARTESIAN_POINT('',(7.47884282391274E-5,-0.00287953043155595,0.));
#12622=CARTESIAN_POINT('',(0.000167056832082346,-0.00278726202771273,0.));
#12623=CARTESIAN_POINT('',(7.47884282391274E-5,-0.00287953043155595,0.001));
#12624=CARTESIAN_POINT('',(7.47884282391274E-5,-0.00287953043155595,0.001));
#12625=CARTESIAN_POINT('',(7.47884282391274E-5,-0.00287953043155595,0.001));
#12626=CARTESIAN_POINT('',(7.47884282391274E-5,-0.00278726202771273,0.001));
#12627=CARTESIAN_POINT('',(0.000167056832082346,-0.00278726202771273,0.001));
#12628=CARTESIAN_POINT('',(0.000167056832082346,-0.00278726202771273,0.001));
#12629=CARTESIAN_POINT('',(0.000167056832082346,-0.00278726202771273,0.001));
#12630=CARTESIAN_POINT('',(0.000597423030008218,-0.00278726202771273,0.001));
#12631=CARTESIAN_POINT('',(0.000597423030008218,-0.00278726202771273,0.));
#12632=CARTESIAN_POINT('',(0.00102778922793409,-0.00278726202771273,0.));
#12633=CARTESIAN_POINT('',(0.000597423030008218,-0.00278726202771273,0.001));
#12634=CARTESIAN_POINT('',(0.00102778922793409,-0.00278726202771273,0.001));
#12635=CARTESIAN_POINT('',(0.00102778922793409,-0.00278726202771273,0.001));
#12636=CARTESIAN_POINT('',(0.00102778922793409,-0.00278726202771273,0.001));
#12637=CARTESIAN_POINT('',(0.00102778922793409,-0.00278726202771273,0.));
#12638=CARTESIAN_POINT('',(0.00120793230210418,-0.00278726202771273,0.001));
#12639=CARTESIAN_POINT('',(0.00120793230210418,-0.00278726202771273,0.));
#12640=CARTESIAN_POINT('',(0.00134018368094613,-0.00282526782262911,0.001));
#12641=CARTESIAN_POINT('',(0.00134018368094613,-0.00282526782262911,0.));
#12642=CARTESIAN_POINT('',(0.00142454336445993,-0.00290127941246186,0.001));
#12643=CARTESIAN_POINT('',(0.00142454336445993,-0.00290127941246186,0.));
#12644=CARTESIAN_POINT('',(0.00102778922793409,-0.00278726202771273,0.));
#12645=CARTESIAN_POINT('',(0.00129800383918923,-0.00278726202771273,0.));
#12646=CARTESIAN_POINT('',(0.00142454336445993,-0.00290127941246186,0.));
#12647=CARTESIAN_POINT('',(0.00142454336445993,-0.00290127941246186,0.));
#12648=CARTESIAN_POINT('',(0.00102778922793409,-0.00278726202771273,0.001));
#12649=CARTESIAN_POINT('',(0.00129800383918923,-0.00278726202771273,0.001));
#12650=CARTESIAN_POINT('',(0.00142454336445993,-0.00290127941246186,0.001));
#12651=CARTESIAN_POINT('',(0.00142454336445993,-0.00290127941246186,0.001));
#12652=CARTESIAN_POINT('',(0.00142454336445993,-0.00290127941246186,0.001));
#12653=CARTESIAN_POINT('',(0.00142454336445993,-0.00290127941246186,0.001));
#12654=CARTESIAN_POINT('',(0.00142454336445993,-0.00290127941246186,0.));
#12655=CARTESIAN_POINT('',(0.00150890304797373,-0.0029772910022946,0.001));
#12656=CARTESIAN_POINT('',(0.00150890304797373,-0.0029772910022946,0.));
#12657=CARTESIAN_POINT('',(0.00155108288973063,-0.00310229272083458,0.001));
#12658=CARTESIAN_POINT('',(0.00155108288973063,-0.00310229272083458,0.));
#12659=CARTESIAN_POINT('',(0.00155108288973063,-0.0032762845680818,0.001));
#12660=CARTESIAN_POINT('',(0.00155108288973063,-0.0032762845680818,0.));
#12661=CARTESIAN_POINT('',(0.00142454336445993,-0.00290127941246186,0.));
#12662=CARTESIAN_POINT('',(0.00155108288973063,-0.00301529679721097,0.));
#12663=CARTESIAN_POINT('',(0.00155108288973063,-0.0032762845680818,0.));
#12664=CARTESIAN_POINT('',(0.00155108288973063,-0.0032762845680818,0.));
#12665=CARTESIAN_POINT('',(0.00142454336445993,-0.00290127941246186,0.001));
#12666=CARTESIAN_POINT('',(0.00155108288973063,-0.00301529679721097,0.001));
#12667=CARTESIAN_POINT('',(0.00155108288973063,-0.0032762845680818,0.001));
#12668=CARTESIAN_POINT('',(0.00155108288973063,-0.0032762845680818,0.001));
#12669=CARTESIAN_POINT('',(0.00155108288973063,-0.0032762845680818,0.001));
#12670=CARTESIAN_POINT('',(0.00155108288973063,-0.00344104957494469,0.001));
#12671=CARTESIAN_POINT('',(0.00155108288973063,-0.00344104957494469,0.));
#12672=CARTESIAN_POINT('',(0.00155108288973063,-0.00360581458180757,0.));
#12673=CARTESIAN_POINT('',(0.00155108288973063,-0.00344104957494469,0.001));
#12674=CARTESIAN_POINT('',(0.00155108288973063,-0.00360581458180757,0.001));
#12675=CARTESIAN_POINT('',(0.00155108288973063,-0.00360581458180757,0.001));
#12676=CARTESIAN_POINT('',(0.00155108288973063,-0.00360581458180757,0.001));
#12677=CARTESIAN_POINT('',(0.00155108288973063,-0.00360581458180757,0.));
#12678=CARTESIAN_POINT('',(0.00155108288973063,-0.00377980642905479,0.001));
#12679=CARTESIAN_POINT('',(0.00155108288973063,-0.00377980642905479,0.));
#12680=CARTESIAN_POINT('',(0.00151022116802863,-0.00390480814759477,0.001));
#12681=CARTESIAN_POINT('',(0.00151022116802863,-0.00390480814759477,0.));
#12682=CARTESIAN_POINT('',(0.00142849772462464,-0.00398081973742751,0.001));
#12683=CARTESIAN_POINT('',(0.00142849772462464,-0.00398081973742751,0.));
#12684=CARTESIAN_POINT('',(0.00155108288973063,-0.00360581458180757,0.));
#12685=CARTESIAN_POINT('',(0.00155108288973063,-0.00386680235267839,0.));
#12686=CARTESIAN_POINT('',(0.00142849772462464,-0.00398081973742751,0.));
#12687=CARTESIAN_POINT('',(0.00142849772462464,-0.00398081973742751,0.));
#12688=CARTESIAN_POINT('',(0.00155108288973063,-0.00360581458180757,0.001));
#12689=CARTESIAN_POINT('',(0.00155108288973063,-0.00386680235267839,0.001));
#12690=CARTESIAN_POINT('',(0.00142849772462464,-0.00398081973742751,0.001));
#12691=CARTESIAN_POINT('',(0.00142849772462464,-0.00398081973742751,0.001));
#12692=CARTESIAN_POINT('',(0.00142849772462464,-0.00398081973742751,0.001));
#12693=CARTESIAN_POINT('',(0.00142849772462464,-0.00398081973742751,0.001));
#12694=CARTESIAN_POINT('',(0.00142849772462464,-0.00398081973742751,0.));
#12695=CARTESIAN_POINT('',(0.00134677428122065,-0.00405683132726027,0.001));
#12696=CARTESIAN_POINT('',(0.00134677428122065,-0.00405683132726027,0.));
#12697=CARTESIAN_POINT('',(0.00121584102243361,-0.00409483712217664,0.001));
#12698=CARTESIAN_POINT('',(0.00121584102243361,-0.00409483712217664,0.));
#12699=CARTESIAN_POINT('',(0.00103569794826351,-0.00409483712217664,0.001));
#12700=CARTESIAN_POINT('',(0.00103569794826351,-0.00409483712217664,0.));
#12701=CARTESIAN_POINT('',(0.00142849772462464,-0.00398081973742751,0.));
#12702=CARTESIAN_POINT('',(0.00130591255951865,-0.00409483712217664,0.));
#12703=CARTESIAN_POINT('',(0.00103569794826351,-0.00409483712217664,0.));
#12704=CARTESIAN_POINT('',(0.00103569794826351,-0.00409483712217664,0.));
#12705=CARTESIAN_POINT('',(0.00142849772462464,-0.00398081973742751,0.001));
#12706=CARTESIAN_POINT('',(0.00130591255951865,-0.00409483712217664,0.001));
#12707=CARTESIAN_POINT('',(0.00103569794826351,-0.00409483712217664,0.001));
#12708=CARTESIAN_POINT('',(0.00103569794826351,-0.00409483712217664,0.001));
#12709=CARTESIAN_POINT('',(0.00103569794826351,-0.00409483712217664,0.001));
#12710=CARTESIAN_POINT('',(0.000601377390172929,-0.00409483712217664,0.001));
#12711=CARTESIAN_POINT('',(0.000601377390172929,-0.00409483712217664,0.));
#12712=CARTESIAN_POINT('',(0.000167056832082346,-0.00409483712217664,0.));
#12713=CARTESIAN_POINT('',(0.000601377390172929,-0.00409483712217664,0.001));
#12714=CARTESIAN_POINT('',(0.000167056832082346,-0.00409483712217664,0.001));
#12715=CARTESIAN_POINT('',(0.000167056832082346,-0.00409483712217664,0.001));
#12716=CARTESIAN_POINT('',(0.000167056832082346,-0.00409483712217664,0.001));
#12717=CARTESIAN_POINT('',(0.000167056832082346,-0.00409483712217664,0.));
#12718=CARTESIAN_POINT('',(0.000105544562853534,-0.00409483712217664,0.001));
#12719=CARTESIAN_POINT('',(0.000105544562853534,-0.00409483712217664,0.));
#12720=CARTESIAN_POINT('',(7.47884282391274E-5,-0.0040636416142106,0.001));
#12721=CARTESIAN_POINT('',(7.47884282391274E-5,-0.0040636416142106,0.));
#12722=CARTESIAN_POINT('',(7.47884282391274E-5,-0.00400125059827851,0.001));
#12723=CARTESIAN_POINT('',(7.47884282391274E-5,-0.00400125059827851,0.));
#12724=CARTESIAN_POINT('',(0.000167056832082346,-0.00409483712217664,0.));
#12725=CARTESIAN_POINT('',(7.47884282391274E-5,-0.00409483712217664,0.));
#12726=CARTESIAN_POINT('',(7.47884282391274E-5,-0.00400125059827851,0.));
#12727=CARTESIAN_POINT('',(7.47884282391274E-5,-0.00400125059827851,0.));
#12728=CARTESIAN_POINT('',(0.000167056832082346,-0.00409483712217664,0.001));
#12729=CARTESIAN_POINT('',(7.47884282391274E-5,-0.00409483712217664,0.001));
#12730=CARTESIAN_POINT('',(7.47884282391274E-5,-0.00400125059827851,0.001));
#12731=CARTESIAN_POINT('',(7.47884282391274E-5,-0.00400125059827851,0.001));
#12732=CARTESIAN_POINT('',(7.47884282391274E-5,-0.00400125059827851,0.001));
#12733=CARTESIAN_POINT('',(-0.000820215089040097,0.000435541506525418,0.001));
#12734=CARTESIAN_POINT('',(-0.000820215089040097,0.000435541506525418,0.));
#12735=CARTESIAN_POINT('',(-0.00093796714727811,0.000435541506525418,0.001));
#12736=CARTESIAN_POINT('',(-0.00093796714727811,0.000435541506525418,0.));
#12737=CARTESIAN_POINT('',(-0.000996843176397116,0.000376665477406412,0.001));
#12738=CARTESIAN_POINT('',(-0.000996843176397116,0.000376665477406412,0.));
#12739=CARTESIAN_POINT('',(-0.000996843176397116,0.000258913419168399,0.001));
#12740=CARTESIAN_POINT('',(-0.000996843176397116,0.000258913419168399,0.));
#12741=CARTESIAN_POINT('',(-0.000820215089040097,0.000435541506525418,0.001));
#12742=CARTESIAN_POINT('',(-0.000820215089040097,0.000435541506525418,0.001));
#12743=CARTESIAN_POINT('',(-0.000820215089040097,0.000435541506525418,0.001));
#12744=CARTESIAN_POINT('',(-0.000996843176397116,0.000435541506525418,0.001));
#12745=CARTESIAN_POINT('',(-0.000996843176397116,0.000258913419168399,0.001));
#12746=CARTESIAN_POINT('',(-0.000996843176397116,0.000258913419168399,0.001));
#12747=CARTESIAN_POINT('',(-0.000996843176397116,0.000258913419168399,0.001));
#12748=CARTESIAN_POINT('',(-0.000996843176397116,-0.00227649050643777,0.001));
#12749=CARTESIAN_POINT('',(-0.000996843176397116,-0.00227649050643777,0.001));
#12750=CARTESIAN_POINT('',(-0.000996843176397116,-0.00481189443204394,0.001));
#12751=CARTESIAN_POINT('',(-0.000996843176397116,-0.00481189443204394,0.001));
#12752=CARTESIAN_POINT('',(-0.000996843176397116,-0.00481189443204394,0.001));
#12753=CARTESIAN_POINT('',(-0.000996843176397116,-0.00481189443204394,0.));
#12754=CARTESIAN_POINT('',(-0.000996843176397116,-0.00492964649028195,0.001));
#12755=CARTESIAN_POINT('',(-0.000996843176397116,-0.00492964649028195,0.));
#12756=CARTESIAN_POINT('',(-0.00093796714727811,-0.00498852251940096,0.001));
#12757=CARTESIAN_POINT('',(-0.00093796714727811,-0.00498852251940096,0.));
#12758=CARTESIAN_POINT('',(-0.000820215089040097,-0.00498852251940096,0.001));
#12759=CARTESIAN_POINT('',(-0.000820215089040097,-0.00498852251940096,0.));
#12760=CARTESIAN_POINT('',(-0.000996843176397116,-0.00481189443204394,0.001));
#12761=CARTESIAN_POINT('',(-0.000996843176397116,-0.00498852251940096,0.001));
#12762=CARTESIAN_POINT('',(-0.000820215089040097,-0.00498852251940096,0.001));
#12763=CARTESIAN_POINT('',(-0.000820215089040097,-0.00498852251940096,0.001));
#12764=CARTESIAN_POINT('',(-0.000820215089040097,-0.00498852251940096,0.001));
#12765=CARTESIAN_POINT('',(0.000192101113125508,-0.00498852251940096,0.001));
#12766=CARTESIAN_POINT('',(0.000192101113125508,-0.00498852251940096,0.001));
#12767=CARTESIAN_POINT('',(0.00120441731529111,-0.00498852251940096,0.001));
#12768=CARTESIAN_POINT('',(0.00120441731529111,-0.00498852251940096,0.001));
#12769=CARTESIAN_POINT('',(0.00120441731529111,-0.00498852251940096,0.001));
#12770=CARTESIAN_POINT('',(0.00120441731529111,-0.00498852251940096,0.));
#12771=CARTESIAN_POINT('',(0.0016490631471451,-0.00498852251940096,0.001));
#12772=CARTESIAN_POINT('',(0.0016490631471451,-0.00498852251940096,0.));
#12773=CARTESIAN_POINT('',(0.00199221373477155,-0.00487055077448713,0.001));
#12774=CARTESIAN_POINT('',(0.00199221373477155,-0.00487055077448713,0.));
#12775=CARTESIAN_POINT('',(0.00223386907817046,-0.00463460728465947,0.001));
#12776=CARTESIAN_POINT('',(0.00223386907817046,-0.00463460728465947,0.));
#12777=CARTESIAN_POINT('',(0.00120441731529111,-0.00498852251940096,0.001));
#12778=CARTESIAN_POINT('',(0.0018713860630721,-0.00498852251940096,0.001));
#12779=CARTESIAN_POINT('',(0.00223386907817046,-0.00463460728465947,0.001));
#12780=CARTESIAN_POINT('',(0.00223386907817046,-0.00463460728465947,0.001));
#12781=CARTESIAN_POINT('',(0.00223386907817046,-0.00463460728465947,0.001));
#12782=CARTESIAN_POINT('',(0.00223386907817046,-0.00463460728465947,0.001));
#12783=CARTESIAN_POINT('',(0.00223386907817046,-0.00463460728465947,0.));
#12784=CARTESIAN_POINT('',(0.00247552442156936,-0.00439866379483181,0.001));
#12785=CARTESIAN_POINT('',(0.00247552442156936,-0.00439866379483181,0.));
#12786=CARTESIAN_POINT('',(0.00259635209326882,-0.00406100537410079,0.001));
#12787=CARTESIAN_POINT('',(0.00259635209326882,-0.00406100537410079,0.));
#12788=CARTESIAN_POINT('',(0.00259635209326882,-0.00362163202246642,0.001));
#12789=CARTESIAN_POINT('',(0.00259635209326882,-0.00362163202246642,0.));
#12790=CARTESIAN_POINT('',(0.00223386907817046,-0.00463460728465947,0.001));
#12791=CARTESIAN_POINT('',(0.00259635209326882,-0.00428069204991798,0.001));
#12792=CARTESIAN_POINT('',(0.00259635209326882,-0.00362163202246642,0.001));
#12793=CARTESIAN_POINT('',(0.00259635209326882,-0.00362163202246642,0.001));
#12794=CARTESIAN_POINT('',(0.00259635209326882,-0.00362163202246642,0.001));
#12795=CARTESIAN_POINT('',(0.00259635209326882,-0.0034489582952741,0.001));
#12796=CARTESIAN_POINT('',(0.00259635209326882,-0.0034489582952741,0.001));
#12797=CARTESIAN_POINT('',(0.00259635209326882,-0.0032762845680818,0.001));
#12798=CARTESIAN_POINT('',(0.00259635209326882,-0.0032762845680818,0.001));
#12799=CARTESIAN_POINT('',(0.00259635209326882,-0.0032762845680818,0.001));
#12800=CARTESIAN_POINT('',(0.00259635209326882,-0.0032762845680818,0.));
#12801=CARTESIAN_POINT('',(0.00259635209326882,-0.00279824636150359,0.001));
#12802=CARTESIAN_POINT('',(0.00259635209326882,-0.00279824636150359,0.));
#12803=CARTESIAN_POINT('',(0.00237446855069346,-0.00248892752195299,0.001));
#12804=CARTESIAN_POINT('',(0.00237446855069346,-0.00248892752195299,0.));
#12805=CARTESIAN_POINT('',(0.00193070146554273,-0.00234832804942999,0.001));
#12806=CARTESIAN_POINT('',(0.00193070146554273,-0.00234832804942999,0.));
#12807=CARTESIAN_POINT('',(0.00259635209326882,-0.0032762845680818,0.001));
#12808=CARTESIAN_POINT('',(0.00259635209326882,-0.00255922725821449,0.001));
#12809=CARTESIAN_POINT('',(0.00193070146554273,-0.00234832804942999,0.001));
#12810=CARTESIAN_POINT('',(0.00193070146554273,-0.00234832804942999,0.001));
#12811=CARTESIAN_POINT('',(0.00193070146554273,-0.00234832804942999,0.001));
#12812=CARTESIAN_POINT('',(0.00193070146554273,-0.00234832804942999,0.001));
#12813=CARTESIAN_POINT('',(0.00193070146554273,-0.00234832804942999,0.));
#12814=CARTESIAN_POINT('',(0.00215566062157954,-0.00231493567470578,0.001));
#12815=CARTESIAN_POINT('',(0.00215566062157954,-0.00231493567470578,0.));
#12816=CARTESIAN_POINT('',(0.00233558400907381,-0.00222354601756583,0.001));
#12817=CARTESIAN_POINT('',(0.00233558400907381,-0.00222354601756583,0.));
#12818=CARTESIAN_POINT('',(0.00247047162802557,-0.00207415907801014,0.001));
#12819=CARTESIAN_POINT('',(0.00247047162802557,-0.00207415907801014,0.));
#12820=CARTESIAN_POINT('',(0.00193070146554273,-0.00234832804942999,0.001));
#12821=CARTESIAN_POINT('',(0.00226814019959794,-0.00229823948734367,0.001));
#12822=CARTESIAN_POINT('',(0.00247047162802557,-0.00207415907801014,0.001));
#12823=CARTESIAN_POINT('',(0.00247047162802557,-0.00207415907801014,0.001));
#12824=CARTESIAN_POINT('',(0.00247047162802557,-0.00207415907801014,0.001));
#12825=CARTESIAN_POINT('',(0.00247047162802557,-0.00207415907801014,0.001));
#12826=CARTESIAN_POINT('',(0.00247047162802557,-0.00207415907801014,0.));
#12827=CARTESIAN_POINT('',(0.00260535924697732,-0.00192477213845445,0.001));
#12828=CARTESIAN_POINT('',(0.00260535924697732,-0.00192477213845445,0.));
#12829=CARTESIAN_POINT('',(0.0026728030564532,-0.00171255480961505,0.001));
#12830=CARTESIAN_POINT('',(0.0026728030564532,-0.00171255480961505,0.));
#12831=CARTESIAN_POINT('',(0.0026728030564532,-0.00143750709149193,0.001));
#12832=CARTESIAN_POINT('',(0.0026728030564532,-0.00143750709149193,0.));
#12833=CARTESIAN_POINT('',(0.00247047162802557,-0.00207415907801014,0.001));
#12834=CARTESIAN_POINT('',(0.0026728030564532,-0.00185007866867661,0.001));
#12835=CARTESIAN_POINT('',(0.0026728030564532,-0.00143750709149193,0.001));
#12836=CARTESIAN_POINT('',(0.0026728030564532,-0.00143750709149193,0.001));
#12837=CARTESIAN_POINT('',(0.0026728030564532,-0.00143750709149193,0.001));
#12838=CARTESIAN_POINT('',(0.0026728030564532,-0.00118442804095053,0.001));
#12839=CARTESIAN_POINT('',(0.0026728030564532,-0.00118442804095053,0.001));
#12840=CARTESIAN_POINT('',(0.0026728030564532,-0.000931348990409127,0.001));
#12841=CARTESIAN_POINT('',(0.0026728030564532,-0.000931348990409127,0.001));
#12842=CARTESIAN_POINT('',(0.0026728030564532,-0.000931348990409127,0.001));
#12843=CARTESIAN_POINT('',(0.0026728030564532,-0.000931348990409127,0.));
#12844=CARTESIAN_POINT('',(0.0026728030564532,-0.000492854385478019,0.001));
#12845=CARTESIAN_POINT('',(0.0026728030564532,-0.000492854385478019,0.));
#12846=CARTESIAN_POINT('',(0.00255197538475375,-0.000155415651422818,0.001));
#12847=CARTESIAN_POINT('',(0.00255197538475375,-0.000155415651422818,0.));
#12848=CARTESIAN_POINT('',(0.00231032004135484,8.09672117564764E-5,0.001));
#12849=CARTESIAN_POINT('',(0.00231032004135484,8.09672117564764E-5,0.));
#12850=CARTESIAN_POINT('',(0.0026728030564532,-0.000931348990409127,0.001));
#12851=CARTESIAN_POINT('',(0.0026728030564532,-0.000273607083012465,0.001));
#12852=CARTESIAN_POINT('',(0.00231032004135484,8.09672117564764E-5,0.001));
#12853=CARTESIAN_POINT('',(0.00231032004135484,8.09672117564764E-5,0.001));
#12854=CARTESIAN_POINT('',(0.00231032004135484,8.09672117564764E-5,0.001));
#12855=CARTESIAN_POINT('',(0.00231032004135484,8.09672117564764E-5,0.001));
#12856=CARTESIAN_POINT('',(0.00231032004135484,8.09672117564764E-5,0.));
#12857=CARTESIAN_POINT('',(0.00206866469795593,0.000317350074935771,0.001));
#12858=CARTESIAN_POINT('',(0.00206866469795593,0.000317350074935771,0.));
#12859=CARTESIAN_POINT('',(0.00172815035043929,0.000435541506525418,0.001));
#12860=CARTESIAN_POINT('',(0.00172815035043929,0.000435541506525418,0.));
#12861=CARTESIAN_POINT('',(0.00128877699880491,0.000435541506525418,0.001));
#12862=CARTESIAN_POINT('',(0.00128877699880491,0.000435541506525418,0.));
#12863=CARTESIAN_POINT('',(0.00231032004135484,8.09672117564764E-5,0.001));
#12864=CARTESIAN_POINT('',(0.00194783702625647,0.000435541506525418,0.001));
#12865=CARTESIAN_POINT('',(0.00128877699880491,0.000435541506525418,0.001));
#12866=CARTESIAN_POINT('',(0.00128877699880491,0.000435541506525418,0.001));
#12867=CARTESIAN_POINT('',(0.00128877699880491,0.000435541506525418,0.001));
#12868=CARTESIAN_POINT('',(7.47884282391274E-5,-0.00344039051491723,0.001));
#12869=CARTESIAN_POINT('',(7.47884282391274E-5,-0.00344039051491723,0.));
#12870=CARTESIAN_POINT('',(7.47884282391274E-5,-0.00344039051491723,0.001));
#12871=CARTESIAN_POINT('',(0.000234280954882408,0.000435541506525418,0.001));
#12872=CARTESIAN_POINT('',(0.000234280954882408,0.000435541506525418,0.001));
#12873=CARTESIAN_POINT('',(7.47884282391274E-5,-0.00118838240111524,0.001));
#12874=CARTESIAN_POINT('',(7.47884282391274E-5,-0.00118838240111524,0.));
#12875=CARTESIAN_POINT('',(7.47884282391274E-5,-0.00118838240111524,0.001));
#12876=CARTESIAN_POINT('',(0.00543415728104759,0.0101126253995156,0.001));
#12877=CARTESIAN_POINT('',(0.0054341572810476,0.00944668416563343,0.));
#12878=CARTESIAN_POINT('',(0.0239176030413544,0.0111953555146997,0.001));
#12879=CARTESIAN_POINT('',(0.0239176030413544,0.0111953555146997,0.));
#12880=CARTESIAN_POINT('',(0.0238925587603112,0.0112208391690944,0.001));
#12881=CARTESIAN_POINT('',(0.0238925587603112,0.0112208391690944,0.));
#12882=CARTESIAN_POINT('',(0.0238519167252851,0.0112335809962918,0.001));
#12883=CARTESIAN_POINT('',(0.0238519167252851,0.0112335809962918,0.));
#12884=CARTESIAN_POINT('',(0.0237956769362759,0.0112335809962918,0.001));
#12885=CARTESIAN_POINT('',(0.0237956769362759,0.0112335809962918,0.));
#12886=CARTESIAN_POINT('',(0.0239176030413544,0.0111953555146997,0.001));
#12887=CARTESIAN_POINT('',(0.0239176030413544,0.0111953555146997,0.001));
#12888=CARTESIAN_POINT('',(0.0239176030413544,0.0111953555146997,0.001));
#12889=CARTESIAN_POINT('',(0.0238800366197897,0.0112335809962918,0.001));
#12890=CARTESIAN_POINT('',(0.0237956769362759,0.0112335809962918,0.001));
#12891=CARTESIAN_POINT('',(0.0237956769362759,0.0112335809962918,0.001));
#12892=CARTESIAN_POINT('',(0.0237956769362759,0.0112335809962918,0.001));
#12893=CARTESIAN_POINT('',(0.0233903550193932,0.0112335809962918,0.001));
#12894=CARTESIAN_POINT('',(0.0233903550193932,0.0112335809962918,0.001));
#12895=CARTESIAN_POINT('',(0.0229850331025104,0.0112335809962918,0.001));
#12896=CARTESIAN_POINT('',(0.0229850331025104,0.0112335809962918,0.001));
#12897=CARTESIAN_POINT('',(0.0229850331025104,0.0112335809962918,0.001));
#12898=CARTESIAN_POINT('',(0.0229850331025104,0.0112335809962918,0.));
#12899=CARTESIAN_POINT('',(0.0228839772316345,0.0112335809962918,0.001));
#12900=CARTESIAN_POINT('',(0.0228839772316345,0.0112335809962918,0.));
#12901=CARTESIAN_POINT('',(0.0228505848569103,0.0111747049671728,0.001));
#12902=CARTESIAN_POINT('',(0.0228505848569103,0.0111747049671728,0.));
#12903=CARTESIAN_POINT('',(0.0228848559783378,0.0110569529089348,0.001));
#12904=CARTESIAN_POINT('',(0.0228848559783378,0.0110569529089348,0.));
#12905=CARTESIAN_POINT('',(0.0229850331025104,0.0112335809962918,0.001));
#12906=CARTESIAN_POINT('',(0.0228334492961966,0.0112335809962918,0.001));
#12907=CARTESIAN_POINT('',(0.0228848559783378,0.0110569529089348,0.001));
#12908=CARTESIAN_POINT('',(0.0228848559783378,0.0110569529089348,0.001));
#12909=CARTESIAN_POINT('',(0.0228848559783378,0.0110569529089348,0.001));
#12910=CARTESIAN_POINT('',(0.0235511656660913,0.00852154898332866,0.001));
#12911=CARTESIAN_POINT('',(0.0235511656660913,0.00852154898332866,0.001));
#12912=CARTESIAN_POINT('',(0.0242174753538448,0.0059861450577225,0.001));
#12913=CARTESIAN_POINT('',(0.0242174753538448,0.0059861450577225,0.001));
#12914=CARTESIAN_POINT('',(0.0242174753538448,0.0059861450577225,0.001));
#12915=CARTESIAN_POINT('',(0.0242174753538448,0.0059861450577225,0.));
#12916=CARTESIAN_POINT('',(0.024257018955492,0.00586839299948449,0.001));
#12917=CARTESIAN_POINT('',(0.024257018955492,0.00586839299948449,0.));
#12918=CARTESIAN_POINT('',(0.0243413786390057,0.00580951697036548,0.001));
#12919=CARTESIAN_POINT('',(0.0243413786390057,0.00580951697036548,0.));
#12920=CARTESIAN_POINT('',(0.0244705544043862,0.00580951697036548,0.001));
#12921=CARTESIAN_POINT('',(0.0244705544043862,0.00580951697036548,0.));
#12922=CARTESIAN_POINT('',(0.0242174753538448,0.0059861450577225,0.001));
#12923=CARTESIAN_POINT('',(0.0242767907563155,0.00580951697036548,0.001));
#12924=CARTESIAN_POINT('',(0.0244705544043862,0.00580951697036548,0.001));
#12925=CARTESIAN_POINT('',(0.0244705544043862,0.00580951697036548,0.001));
#12926=CARTESIAN_POINT('',(0.0244705544043862,0.00580951697036548,0.001));
#12927=CARTESIAN_POINT('',(0.0250314144877475,0.00580951697036548,0.001));
#12928=CARTESIAN_POINT('',(0.0250314144877475,0.00580951697036548,0.001));
#12929=CARTESIAN_POINT('',(0.0255922745711088,0.00580951697036548,0.001));
#12930=CARTESIAN_POINT('',(0.0255922745711088,0.00580951697036548,0.001));
#12931=CARTESIAN_POINT('',(0.0255922745711088,0.00580951697036548,0.001));
#12932=CARTESIAN_POINT('',(0.0255922745711088,0.00580951697036548,0.));
#12933=CARTESIAN_POINT('',(0.0257328740436318,0.00580951697036548,0.001));
#12934=CARTESIAN_POINT('',(0.0257328740436318,0.00580951697036548,0.));
#12935=CARTESIAN_POINT('',(0.0258172337271456,0.00586839299948449,0.001));
#12936=CARTESIAN_POINT('',(0.0258172337271456,0.00586839299948449,0.));
#12937=CARTESIAN_POINT('',(0.0258453536216502,0.0059861450577225,0.001));
#12938=CARTESIAN_POINT('',(0.0258453536216502,0.0059861450577225,0.));
#12939=CARTESIAN_POINT('',(0.0255922745711088,0.00580951697036548,0.001));
#12940=CARTESIAN_POINT('',(0.0258031737798933,0.00580951697036548,0.001));
#12941=CARTESIAN_POINT('',(0.0258453536216502,0.0059861450577225,0.001));
#12942=CARTESIAN_POINT('',(0.0258453536216502,0.0059861450577225,0.001));
#12943=CARTESIAN_POINT('',(0.0258453536216502,0.0059861450577225,0.001));
#12944=CARTESIAN_POINT('',(0.0265116633094037,0.00852154898332867,0.001));
#12945=CARTESIAN_POINT('',(0.0265116633094037,0.00852154898332867,0.001));
#12946=CARTESIAN_POINT('',(0.0271779729971573,0.0110569529089348,0.001));
#12947=CARTESIAN_POINT('',(0.0271779729971573,0.0110569529089348,0.001));
#12948=CARTESIAN_POINT('',(0.0271779729971573,0.0110569529089348,0.001));
#12949=CARTESIAN_POINT('',(0.0271779729971573,0.0110569529089348,0.));
#12950=CARTESIAN_POINT('',(0.0272122441185848,0.0111747049671728,0.001));
#12951=CARTESIAN_POINT('',(0.0272122441185848,0.0111747049671728,0.));
#12952=CARTESIAN_POINT('',(0.0271784123705089,0.0112335809962918,0.001));
#12953=CARTESIAN_POINT('',(0.0271784123705089,0.0112335809962918,0.));
#12954=CARTESIAN_POINT('',(0.0270764777529298,0.0112335809962918,0.001));
#12955=CARTESIAN_POINT('',(0.0270764777529298,0.0112335809962918,0.));
#12956=CARTESIAN_POINT('',(0.0271779729971573,0.0110569529089348,0.001));
#12957=CARTESIAN_POINT('',(0.0272293796792985,0.0112335809962918,0.001));
#12958=CARTESIAN_POINT('',(0.0270764777529298,0.0112335809962918,0.001));
#12959=CARTESIAN_POINT('',(0.0270764777529298,0.0112335809962918,0.001));
#12960=CARTESIAN_POINT('',(0.0270764777529298,0.0112335809962918,0.001));
#12961=CARTESIAN_POINT('',(0.0266718148960744,0.0112335809962918,0.001));
#12962=CARTESIAN_POINT('',(0.0266718148960744,0.0112335809962918,0.001));
#12963=CARTESIAN_POINT('',(0.0262671520392192,0.0112335809962918,0.001));
#12964=CARTESIAN_POINT('',(0.0262671520392192,0.0112335809962918,0.001));
#12965=CARTESIAN_POINT('',(0.0262671520392192,0.0112335809962918,0.001));
#12966=CARTESIAN_POINT('',(0.0262671520392192,0.0112335809962918,0.));
#12967=CARTESIAN_POINT('',(0.0262056397699904,0.0112335809962918,0.001));
#12968=CARTESIAN_POINT('',(0.0262056397699904,0.0112335809962918,0.));
#12969=CARTESIAN_POINT('',(0.0261634599282335,0.0112208391690944,0.001));
#12970=CARTESIAN_POINT('',(0.0261634599282335,0.0112208391690944,0.));
#12971=CARTESIAN_POINT('',(0.0261406125139485,0.0111953555146997,0.001));
#12972=CARTESIAN_POINT('',(0.0261406125139485,0.0111953555146997,0.));
#12973=CARTESIAN_POINT('',(0.0262671520392192,0.0112335809962918,0.001));
#12974=CARTESIAN_POINT('',(0.026174883635376,0.0112335809962918,0.001));
#12975=CARTESIAN_POINT('',(0.0261406125139485,0.0111953555146997,0.001));
#12976=CARTESIAN_POINT('',(0.0261406125139485,0.0111953555146997,0.001));
#12977=CARTESIAN_POINT('',(0.0261406125139485,0.0111953555146997,0.001));
#12978=CARTESIAN_POINT('',(0.0261406125139485,0.0111953555146997,0.001));
#12979=CARTESIAN_POINT('',(0.0261406125139485,0.0111953555146997,0.));
#12980=CARTESIAN_POINT('',(0.0261177650996635,0.0111698718603049,0.001));
#12981=CARTESIAN_POINT('',(0.0261177650996635,0.0111698718603049,0.));
#12982=CARTESIAN_POINT('',(0.0261010689123014,0.0111237376583832,0.001));
#12983=CARTESIAN_POINT('',(0.0261010689123014,0.0111237376583832,0.));
#12984=CARTESIAN_POINT('',(0.0260905239518622,0.0110569529089348,0.001));
#12985=CARTESIAN_POINT('',(0.0260905239518622,0.0110569529089348,0.));
#12986=CARTESIAN_POINT('',(0.0261406125139485,0.0111953555146997,0.001));
#12987=CARTESIAN_POINT('',(0.026106341392521,0.0111571300331075,0.001));
#12988=CARTESIAN_POINT('',(0.0260905239518622,0.0110569529089348,0.001));
#12989=CARTESIAN_POINT('',(0.0260905239518622,0.0110569529089348,0.001));
#12990=CARTESIAN_POINT('',(0.0260905239518622,0.0110569529089348,0.001));
#12991=CARTESIAN_POINT('',(0.0259718931469209,0.0105929746496089,0.001));
#12992=CARTESIAN_POINT('',(0.0259718931469209,0.0105929746496089,0.001));
#12993=CARTESIAN_POINT('',(0.0258532623419796,0.010128996390283,0.001));
#12994=CARTESIAN_POINT('',(0.0258532623419796,0.010128996390283,0.001));
#12995=CARTESIAN_POINT('',(0.0250307554277201,0.010128996390283,0.001));
#12996=CARTESIAN_POINT('',(0.0250307554277201,0.010128996390283,0.001));
#12997=CARTESIAN_POINT('',(0.0242082485134605,0.010128996390283,0.001));
#12998=CARTESIAN_POINT('',(0.0242082485134605,0.010128996390283,0.001));
#12999=CARTESIAN_POINT('',(0.0240902767685467,0.0105929746496089,0.001));
#13000=CARTESIAN_POINT('',(0.0240902767685467,0.0105929746496089,0.001));
#13001=CARTESIAN_POINT('',(0.0239723050236328,0.0110569529089348,0.001));
#13002=CARTESIAN_POINT('',(0.0239723050236328,0.0110569529089348,0.001));
#13003=CARTESIAN_POINT('',(0.0250353688479122,0.0068297418928605,0.001));
#13004=CARTESIAN_POINT('',(0.0250353688479122,0.0068297418928605,0.));
#13005=CARTESIAN_POINT('',(0.0250518453485985,0.0068297418928605,0.));
#13006=CARTESIAN_POINT('',(0.025018892347226,0.0068297418928605,0.));
#13007=CARTESIAN_POINT('',(0.0250518453485985,0.0068297418928605,0.001));
#13008=CARTESIAN_POINT('',(0.0250518453485985,0.0068297418928605,0.001));
#13009=CARTESIAN_POINT('',(0.0250353688479122,0.0068297418928605,0.001));
#13010=CARTESIAN_POINT('',(0.025018892347226,0.0068297418928605,0.001));
#13011=CARTESIAN_POINT('',(0.025018892347226,0.0068297418928605,0.001));
#13012=CARTESIAN_POINT('',(0.0247150656745708,0.0080490029436459,0.001));
#13013=CARTESIAN_POINT('',(0.0247150656745708,0.0080490029436459,0.));
#13014=CARTESIAN_POINT('',(0.0244112390019156,0.00926826399443129,0.));
#13015=CARTESIAN_POINT('',(0.0247150656745708,0.0080490029436459,0.001));
#13016=CARTESIAN_POINT('',(0.0244112390019156,0.00926826399443129,0.001));
#13017=CARTESIAN_POINT('',(0.0244112390019156,0.00926826399443129,0.001));
#13018=CARTESIAN_POINT('',(0.0250353688479122,0.00926826399443129,0.001));
#13019=CARTESIAN_POINT('',(0.0250353688479122,0.00926826399443129,0.));
#13020=CARTESIAN_POINT('',(0.0256594986939088,0.00926826399443129,0.));
#13021=CARTESIAN_POINT('',(0.0250353688479122,0.00926826399443129,0.001));
#13022=CARTESIAN_POINT('',(0.0256594986939088,0.00926826399443129,0.001));
#13023=CARTESIAN_POINT('',(0.0256594986939088,0.00926826399443129,0.001));
#13024=CARTESIAN_POINT('',(0.0253556720212537,0.00804900294364589,0.001));
#13025=CARTESIAN_POINT('',(0.0253556720212537,0.00804900294364589,0.));
#13026=CARTESIAN_POINT('',(0.0253556720212537,0.00804900294364589,0.001));
#13027=CARTESIAN_POINT('',(0.0239723050236328,0.0110569529089348,0.001));
#13028=CARTESIAN_POINT('',(0.0239723050236328,0.0110569529089348,0.));
#13029=CARTESIAN_POINT('',(0.0239608813164904,0.0111237376583832,0.001));
#13030=CARTESIAN_POINT('',(0.0239608813164904,0.0111237376583832,0.));
#13031=CARTESIAN_POINT('',(0.0239426473223975,0.0111698718603049,0.001));
#13032=CARTESIAN_POINT('',(0.0239426473223975,0.0111698718603049,0.));
#13033=CARTESIAN_POINT('',(0.0239176030413544,0.0111953555146997,0.001));
#13034=CARTESIAN_POINT('',(0.0239176030413544,0.0111953555146997,0.));
#13035=CARTESIAN_POINT('',(0.0239723050236328,0.0110569529089348,0.001));
#13036=CARTESIAN_POINT('',(0.0239551694629191,0.0111571300331075,0.001));
#13037=CARTESIAN_POINT('',(0.0239176030413544,0.0111953555146997,0.001));
#13038=CARTESIAN_POINT('',(0.00543415728104759,0.0101126253995156,0.001));
#13039=CARTESIAN_POINT('',(0.0054341572810476,0.00944668416563343,0.));
#13040=CARTESIAN_POINT('',(-0.0145286636600326,-0.00498852251940096,0.001));
#13041=CARTESIAN_POINT('',(-0.0145286636600326,-0.00498852251940096,0.));
#13042=CARTESIAN_POINT('',(-0.0144100328550914,-0.00498852251940096,0.001));
#13043=CARTESIAN_POINT('',(-0.0144100328550914,-0.00498852251940096,0.));
#13044=CARTESIAN_POINT('',(-0.0143507174526207,-0.00492964649028195,0.001));
#13045=CARTESIAN_POINT('',(-0.0143507174526207,-0.00492964649028195,0.));
#13046=CARTESIAN_POINT('',(-0.0143507174526207,-0.00481189443204394,0.001));
#13047=CARTESIAN_POINT('',(-0.0143507174526207,-0.00481189443204394,0.));
#13048=CARTESIAN_POINT('',(-0.0145286636600326,-0.00498852251940096,0.001));
#13049=CARTESIAN_POINT('',(-0.0145286636600326,-0.00498852251940096,0.001));
#13050=CARTESIAN_POINT('',(-0.0145286636600326,-0.00498852251940096,0.001));
#13051=CARTESIAN_POINT('',(-0.0143507174526207,-0.00498852251940096,0.001));
#13052=CARTESIAN_POINT('',(-0.0143507174526207,-0.00481189443204394,0.001));
#13053=CARTESIAN_POINT('',(-0.0143507174526207,-0.00481189443204394,0.001));
#13054=CARTESIAN_POINT('',(-0.0143507174526207,-0.00481189443204394,0.001));
#13055=CARTESIAN_POINT('',(-0.0143507174526207,-0.00227649050643777,0.001));
#13056=CARTESIAN_POINT('',(-0.0143507174526207,-0.00227649050643777,0.001));
#13057=CARTESIAN_POINT('',(-0.0143507174526207,0.000258913419168399,0.001));
#13058=CARTESIAN_POINT('',(-0.0143507174526207,0.000258913419168399,0.001));
#13059=CARTESIAN_POINT('',(-0.0143507174526207,0.000258913419168399,0.001));
#13060=CARTESIAN_POINT('',(-0.0143507174526207,0.000258913419168399,0.));
#13061=CARTESIAN_POINT('',(-0.0143507174526207,0.000376665477406412,0.001));
#13062=CARTESIAN_POINT('',(-0.0143507174526207,0.000376665477406412,0.));
#13063=CARTESIAN_POINT('',(-0.0144100328550914,0.000435541506525418,0.001));
#13064=CARTESIAN_POINT('',(-0.0144100328550914,0.000435541506525418,0.));
#13065=CARTESIAN_POINT('',(-0.0145286636600326,0.000435541506525418,0.001));
#13066=CARTESIAN_POINT('',(-0.0145286636600326,0.000435541506525418,0.));
#13067=CARTESIAN_POINT('',(-0.0143507174526207,0.000258913419168399,0.001));
#13068=CARTESIAN_POINT('',(-0.0143507174526207,0.000435541506525418,0.001));
#13069=CARTESIAN_POINT('',(-0.0145286636600326,0.000435541506525418,0.001));
#13070=CARTESIAN_POINT('',(-0.0145286636600326,0.000435541506525418,0.001));
#13071=CARTESIAN_POINT('',(-0.0145286636600326,0.000435541506525418,0.001));
#13072=CARTESIAN_POINT('',(-0.0148871923149663,0.000435541506525418,0.001));
#13073=CARTESIAN_POINT('',(-0.0148871923149663,0.000435541506525418,0.001));
#13074=CARTESIAN_POINT('',(-0.0152457209699,0.000435541506525418,0.001));
#13075=CARTESIAN_POINT('',(-0.0152457209699,0.000435541506525418,0.001));
#13076=CARTESIAN_POINT('',(-0.0152457209699,0.000435541506525418,0.001));
#13077=CARTESIAN_POINT('',(-0.0152457209699,0.000435541506525418,0.));
#13078=CARTESIAN_POINT('',(-0.015363473028138,0.000435541506525418,0.001));
#13079=CARTESIAN_POINT('',(-0.015363473028138,0.000435541506525418,0.));
#13080=CARTESIAN_POINT('',(-0.015422349057257,0.000376665477406412,0.001));
#13081=CARTESIAN_POINT('',(-0.015422349057257,0.000376665477406412,0.));
#13082=CARTESIAN_POINT('',(-0.015422349057257,0.000258913419168399,0.001));
#13083=CARTESIAN_POINT('',(-0.015422349057257,0.000258913419168399,0.));
#13084=CARTESIAN_POINT('',(-0.0152457209699,0.000435541506525418,0.001));
#13085=CARTESIAN_POINT('',(-0.015422349057257,0.000435541506525418,0.001));
#13086=CARTESIAN_POINT('',(-0.015422349057257,0.000258913419168399,0.001));
#13087=CARTESIAN_POINT('',(-0.015422349057257,0.000258913419168398,0.001));
#13088=CARTESIAN_POINT('',(-0.015422349057257,0.000258913419168398,0.001));
#13089=CARTESIAN_POINT('',(-0.015422349057257,-0.00227649050643777,0.001));
#13090=CARTESIAN_POINT('',(-0.015422349057257,-0.00227649050643777,0.001));
#13091=CARTESIAN_POINT('',(-0.015422349057257,-0.00481189443204394,0.001));
#13092=CARTESIAN_POINT('',(-0.015422349057257,-0.00481189443204394,0.001));
#13093=CARTESIAN_POINT('',(-0.015422349057257,-0.00481189443204394,0.001));
#13094=CARTESIAN_POINT('',(-0.015422349057257,-0.00481189443204394,0.));
#13095=CARTESIAN_POINT('',(-0.015422349057257,-0.00492964649028195,0.001));
#13096=CARTESIAN_POINT('',(-0.015422349057257,-0.00492964649028195,0.));
#13097=CARTESIAN_POINT('',(-0.015363473028138,-0.00498852251940096,0.001));
#13098=CARTESIAN_POINT('',(-0.015363473028138,-0.00498852251940096,0.));
#13099=CARTESIAN_POINT('',(-0.0152457209699,-0.00498852251940096,0.001));
#13100=CARTESIAN_POINT('',(-0.0152457209699,-0.00498852251940096,0.));
#13101=CARTESIAN_POINT('',(-0.015422349057257,-0.00481189443204394,0.001));
#13102=CARTESIAN_POINT('',(-0.015422349057257,-0.00498852251940096,0.001));
#13103=CARTESIAN_POINT('',(-0.0152457209699,-0.00498852251940096,0.001));
#13104=CARTESIAN_POINT('',(-0.0152457209699,-0.00498852251940096,0.001));
#13105=CARTESIAN_POINT('',(-0.0152457209699,-0.00498852251940096,0.001));
#13106=CARTESIAN_POINT('',(-0.0148871923149663,-0.00498852251940096,0.001));
#13107=CARTESIAN_POINT('',(-0.0148871923149663,-0.00498852251940096,0.001));
#13108=CARTESIAN_POINT('',(0.00543415728104759,0.0101126253995156,0.001));
#13109=CARTESIAN_POINT('',(-0.0114653526524378,-0.00200298059504537,0.001));
#13110=CARTESIAN_POINT('',(-0.0114653526524378,-0.00200298059504537,0.));
#13111=CARTESIAN_POINT('',(-0.0114653526524378,-0.00188434979010409,0.001));
#13112=CARTESIAN_POINT('',(-0.0114653526524378,-0.00188434979010409,0.));
#13113=CARTESIAN_POINT('',(-0.0115246680549084,-0.00182503438763345,0.001));
#13114=CARTESIAN_POINT('',(-0.0115246680549084,-0.00182503438763345,0.));
#13115=CARTESIAN_POINT('',(-0.0116432988598497,-0.00182503438763345,0.001));
#13116=CARTESIAN_POINT('',(-0.0116432988598497,-0.00182503438763345,0.));
#13117=CARTESIAN_POINT('',(-0.0114653526524378,-0.00200298059504537,0.001));
#13118=CARTESIAN_POINT('',(-0.0114653526524378,-0.00200298059504537,0.001));
#13119=CARTESIAN_POINT('',(-0.0114653526524378,-0.00200298059504537,0.001));
#13120=CARTESIAN_POINT('',(-0.0114653526524378,-0.00182503438763345,0.001));
#13121=CARTESIAN_POINT('',(-0.0116432988598497,-0.00182503438763345,0.001));
#13122=CARTESIAN_POINT('',(-0.0116432988598497,-0.00182503438763345,0.001));
#13123=CARTESIAN_POINT('',(-0.0116432988598497,-0.00182503438763345,0.001));
#13124=CARTESIAN_POINT('',(-0.0124447158532308,-0.00182503438763345,0.001));
#13125=CARTESIAN_POINT('',(-0.0124447158532308,-0.00182503438763345,0.001));
#13126=CARTESIAN_POINT('',(-0.0132461328466119,-0.00182503438763345,0.001));
#13127=CARTESIAN_POINT('',(-0.0132461328466119,-0.00182503438763345,0.001));
#13128=CARTESIAN_POINT('',(-0.0132461328466119,-0.00182503438763345,0.001));
#13129=CARTESIAN_POINT('',(-0.0132461328466119,-0.00182503438763345,0.));
#13130=CARTESIAN_POINT('',(-0.0133638849048499,-0.00182503438763345,0.001));
#13131=CARTESIAN_POINT('',(-0.0133638849048499,-0.00182503438763345,0.));
#13132=CARTESIAN_POINT('',(-0.0134227609339689,-0.00188434979010409,0.001));
#13133=CARTESIAN_POINT('',(-0.0134227609339689,-0.00188434979010409,0.));
#13134=CARTESIAN_POINT('',(-0.0134227609339689,-0.00200298059504537,0.001));
#13135=CARTESIAN_POINT('',(-0.0134227609339689,-0.00200298059504537,0.));
#13136=CARTESIAN_POINT('',(-0.0132461328466119,-0.00182503438763345,0.001));
#13137=CARTESIAN_POINT('',(-0.0134227609339689,-0.00182503438763345,0.001));
#13138=CARTESIAN_POINT('',(-0.0134227609339689,-0.00200298059504537,0.001));
#13139=CARTESIAN_POINT('',(-0.0134227609339689,-0.00200298059504537,0.001));
#13140=CARTESIAN_POINT('',(-0.0134227609339689,-0.00200298059504537,0.001));
#13141=CARTESIAN_POINT('',(-0.0134227609339689,-0.00225144622539461,0.001));
#13142=CARTESIAN_POINT('',(-0.0134227609339689,-0.00225144622539461,0.001));
#13143=CARTESIAN_POINT('',(-0.0134227609339689,-0.00249991185574385,0.001));
#13144=CARTESIAN_POINT('',(-0.0134227609339689,-0.00249991185574385,0.001));
#13145=CARTESIAN_POINT('',(-0.0134227609339689,-0.00249991185574385,0.001));
#13146=CARTESIAN_POINT('',(-0.0134227609339689,-0.00249991185574385,0.));
#13147=CARTESIAN_POINT('',(-0.0134227609339689,-0.00262381514090474,0.001));
#13148=CARTESIAN_POINT('',(-0.0134227609339689,-0.00262381514090474,0.));
#13149=CARTESIAN_POINT('',(-0.0133638849048499,-0.00268576678348519,0.001));
#13150=CARTESIAN_POINT('',(-0.0133638849048499,-0.00268576678348519,0.));
#13151=CARTESIAN_POINT('',(-0.0132461328466119,-0.00268576678348519,0.001));
#13152=CARTESIAN_POINT('',(-0.0132461328466119,-0.00268576678348519,0.));
#13153=CARTESIAN_POINT('',(-0.0134227609339689,-0.00249991185574385,0.001));
#13154=CARTESIAN_POINT('',(-0.0134227609339689,-0.00268576678348519,0.001));
#13155=CARTESIAN_POINT('',(-0.0132461328466119,-0.00268576678348519,0.001));
#13156=CARTESIAN_POINT('',(-0.0132461328466119,-0.00268576678348519,0.001));
#13157=CARTESIAN_POINT('',(-0.0132461328466119,-0.00268576678348519,0.001));
#13158=CARTESIAN_POINT('',(-0.0124447158532308,-0.00268576678348519,0.001));
#13159=CARTESIAN_POINT('',(-0.0124447158532308,-0.00268576678348519,0.001));
#13160=CARTESIAN_POINT('',(-0.0116432988598497,-0.00268576678348519,0.001));
#13161=CARTESIAN_POINT('',(-0.0116432988598497,-0.00268576678348519,0.001));
#13162=CARTESIAN_POINT('',(-0.0116432988598497,-0.00268576678348519,0.001));
#13163=CARTESIAN_POINT('',(-0.0116432988598497,-0.00268576678348519,0.));
#13164=CARTESIAN_POINT('',(-0.0115246680549084,-0.00268576678348519,0.001));
#13165=CARTESIAN_POINT('',(-0.0115246680549084,-0.00268576678348519,0.));
#13166=CARTESIAN_POINT('',(-0.0114653526524378,-0.00262381514090474,0.001));
#13167=CARTESIAN_POINT('',(-0.0114653526524378,-0.00262381514090474,0.));
#13168=CARTESIAN_POINT('',(-0.0114653526524378,-0.00249991185574385,0.001));
#13169=CARTESIAN_POINT('',(-0.0114653526524378,-0.00249991185574385,0.));
#13170=CARTESIAN_POINT('',(-0.0116432988598497,-0.00268576678348519,0.001));
#13171=CARTESIAN_POINT('',(-0.0114653526524378,-0.00268576678348519,0.001));
#13172=CARTESIAN_POINT('',(-0.0114653526524378,-0.00249991185574385,0.001));
#13173=CARTESIAN_POINT('',(-0.0114653526524378,-0.00249991185574385,0.001));
#13174=CARTESIAN_POINT('',(-0.0114653526524378,-0.00249991185574385,0.001));
#13175=CARTESIAN_POINT('',(-0.0114653526524378,-0.00225144622539461,0.001));
#13176=CARTESIAN_POINT('',(-0.0114653526524378,-0.00225144622539461,0.001));
#13177=CARTESIAN_POINT('',(0.00543415728104759,0.0101126253995156,0.001));
#13178=CARTESIAN_POINT('',(-0.00950794437090662,0.000258913419168399,0.001));
#13179=CARTESIAN_POINT('',(-0.00950794437090662,0.000258913419168399,0.));
#13180=CARTESIAN_POINT('',(-0.00950794437090662,0.000376665477406412,0.001));
#13181=CARTESIAN_POINT('',(-0.00950794437090662,0.000376665477406412,0.));
#13182=CARTESIAN_POINT('',(-0.00956725977337726,0.000435541506525418,0.001));
#13183=CARTESIAN_POINT('',(-0.00956725977337726,0.000435541506525418,0.));
#13184=CARTESIAN_POINT('',(-0.00968589057831854,0.000435541506525418,0.001));
#13185=CARTESIAN_POINT('',(-0.00968589057831854,0.000435541506525418,0.));
#13186=CARTESIAN_POINT('',(-0.00950794437090662,0.000258913419168399,0.001));
#13187=CARTESIAN_POINT('',(-0.00950794437090662,0.000258913419168399,0.001));
#13188=CARTESIAN_POINT('',(-0.00950794437090662,0.000258913419168399,0.001));
#13189=CARTESIAN_POINT('',(-0.00950794437090662,0.000435541506525418,0.001));
#13190=CARTESIAN_POINT('',(-0.00968589057831854,0.000435541506525418,0.001));
#13191=CARTESIAN_POINT('',(-0.00968589057831854,0.000435541506525418,0.001));
#13192=CARTESIAN_POINT('',(-0.00968589057831854,0.000435541506525418,0.001));
#13193=CARTESIAN_POINT('',(-0.0100444192332522,0.000435541506525418,0.001));
#13194=CARTESIAN_POINT('',(-0.0100444192332522,0.000435541506525418,0.001));
#13195=CARTESIAN_POINT('',(-0.0104029478881858,0.000435541506525418,0.001));
#13196=CARTESIAN_POINT('',(-0.0104029478881858,0.000435541506525418,0.001));
#13197=CARTESIAN_POINT('',(-0.0104029478881858,0.000435541506525418,0.001));
#13198=CARTESIAN_POINT('',(-0.0104029478881858,0.000435541506525418,0.));
#13199=CARTESIAN_POINT('',(-0.0105206999464239,0.000435541506525418,0.001));
#13200=CARTESIAN_POINT('',(-0.0105206999464239,0.000435541506525418,0.));
#13201=CARTESIAN_POINT('',(-0.0105795759755429,0.000376665477406412,0.001));
#13202=CARTESIAN_POINT('',(-0.0105795759755429,0.000376665477406412,0.));
#13203=CARTESIAN_POINT('',(-0.0105795759755429,0.000258913419168399,0.001));
#13204=CARTESIAN_POINT('',(-0.0105795759755429,0.000258913419168399,0.));
#13205=CARTESIAN_POINT('',(-0.0104029478881858,0.000435541506525418,0.001));
#13206=CARTESIAN_POINT('',(-0.0105795759755429,0.000435541506525418,0.001));
#13207=CARTESIAN_POINT('',(-0.0105795759755429,0.000258913419168399,0.001));
#13208=CARTESIAN_POINT('',(-0.0105795759755429,0.000258913419168398,0.001));
#13209=CARTESIAN_POINT('',(-0.0105795759755429,0.000258913419168398,0.001));
#13210=CARTESIAN_POINT('',(-0.0105795759755429,-0.00227649050643777,0.001));
#13211=CARTESIAN_POINT('',(-0.0105795759755429,-0.00227649050643777,0.001));
#13212=CARTESIAN_POINT('',(-0.0105795759755429,-0.00481189443204394,0.001));
#13213=CARTESIAN_POINT('',(-0.0105795759755429,-0.00481189443204394,0.001));
#13214=CARTESIAN_POINT('',(-0.0105795759755429,-0.00481189443204394,0.001));
#13215=CARTESIAN_POINT('',(-0.0105795759755429,-0.00481189443204394,0.));
#13216=CARTESIAN_POINT('',(-0.0105795759755429,-0.00492964649028195,0.001));
#13217=CARTESIAN_POINT('',(-0.0105795759755429,-0.00492964649028195,0.));
#13218=CARTESIAN_POINT('',(-0.0105206999464239,-0.00498852251940096,0.001));
#13219=CARTESIAN_POINT('',(-0.0105206999464239,-0.00498852251940096,0.));
#13220=CARTESIAN_POINT('',(-0.0104029478881858,-0.00498852251940096,0.001));
#13221=CARTESIAN_POINT('',(-0.0104029478881858,-0.00498852251940096,0.));
#13222=CARTESIAN_POINT('',(-0.0105795759755429,-0.00481189443204394,0.001));
#13223=CARTESIAN_POINT('',(-0.0105795759755429,-0.00498852251940096,0.001));
#13224=CARTESIAN_POINT('',(-0.0104029478881858,-0.00498852251940096,0.001));
#13225=CARTESIAN_POINT('',(-0.0104029478881858,-0.00498852251940096,0.001));
#13226=CARTESIAN_POINT('',(-0.0104029478881858,-0.00498852251940096,0.001));
#13227=CARTESIAN_POINT('',(-0.0100444192332522,-0.00498852251940096,0.001));
#13228=CARTESIAN_POINT('',(-0.0100444192332522,-0.00498852251940096,0.001));
#13229=CARTESIAN_POINT('',(-0.00968589057831854,-0.00498852251940096,0.001));
#13230=CARTESIAN_POINT('',(-0.00968589057831854,-0.00498852251940096,0.001));
#13231=CARTESIAN_POINT('',(-0.00968589057831854,-0.00498852251940096,0.001));
#13232=CARTESIAN_POINT('',(-0.00968589057831854,-0.00498852251940096,0.));
#13233=CARTESIAN_POINT('',(-0.00956725977337726,-0.00498852251940096,0.001));
#13234=CARTESIAN_POINT('',(-0.00956725977337726,-0.00498852251940096,0.));
#13235=CARTESIAN_POINT('',(-0.00950794437090662,-0.00492964649028195,0.001));
#13236=CARTESIAN_POINT('',(-0.00950794437090662,-0.00492964649028195,0.));
#13237=CARTESIAN_POINT('',(-0.00950794437090662,-0.00481189443204394,0.001));
#13238=CARTESIAN_POINT('',(-0.00950794437090662,-0.00481189443204394,0.));
#13239=CARTESIAN_POINT('',(-0.00968589057831854,-0.00498852251940096,0.001));
#13240=CARTESIAN_POINT('',(-0.00950794437090662,-0.00498852251940096,0.001));
#13241=CARTESIAN_POINT('',(-0.00950794437090662,-0.00481189443204394,0.001));
#13242=CARTESIAN_POINT('',(-0.00950794437090662,-0.00481189443204394,0.001));
#13243=CARTESIAN_POINT('',(-0.00950794437090662,-0.00481189443204394,0.001));
#13244=CARTESIAN_POINT('',(-0.00950794437090662,-0.00382066815075678,0.001));
#13245=CARTESIAN_POINT('',(-0.00950794437090662,-0.00382066815075678,0.001));
#13246=CARTESIAN_POINT('',(-0.00950794437090662,-0.00282944186946963,0.001));
#13247=CARTESIAN_POINT('',(-0.00950794437090662,-0.00282944186946963,0.001));
#13248=CARTESIAN_POINT('',(-0.00950794437090662,-0.00282944186946963,0.001));
#13249=CARTESIAN_POINT('',(-0.00950794437090662,-0.00282944186946963,0.));
#13250=CARTESIAN_POINT('',(-0.00950794437090662,-0.00276705085353755,0.001));
#13251=CARTESIAN_POINT('',(-0.00950794437090662,-0.00276705085353755,0.));
#13252=CARTESIAN_POINT('',(-0.00947411262283077,-0.00273585534557151,0.001));
#13253=CARTESIAN_POINT('',(-0.00947411262283077,-0.00273585534557151,0.));
#13254=CARTESIAN_POINT('',(-0.00940644912667908,-0.00273585534557151,0.001));
#13255=CARTESIAN_POINT('',(-0.00940644912667908,-0.00273585534557151,0.));
#13256=CARTESIAN_POINT('',(-0.00950794437090662,-0.00282944186946963,0.001));
#13257=CARTESIAN_POINT('',(-0.00950794437090662,-0.00273585534557151,0.001));
#13258=CARTESIAN_POINT('',(-0.00940644912667908,-0.00273585534557151,0.001));
#13259=CARTESIAN_POINT('',(-0.00940644912667908,-0.00273585534557151,0.001));
#13260=CARTESIAN_POINT('',(-0.00940644912667908,-0.00273585534557151,0.001));
#13261=CARTESIAN_POINT('',(-0.00869400523700394,-0.00273585534557151,0.001));
#13262=CARTESIAN_POINT('',(-0.00869400523700394,-0.00273585534557151,0.001));
#13263=CARTESIAN_POINT('',(-0.0079815613473288,-0.00273585534557151,0.001));
#13264=CARTESIAN_POINT('',(-0.0079815613473288,-0.00273585534557151,0.001));
#13265=CARTESIAN_POINT('',(-0.0079815613473288,-0.00273585534557151,0.001));
#13266=CARTESIAN_POINT('',(-0.0079815613473288,-0.00273585534557151,0.));
#13267=CARTESIAN_POINT('',(-0.00791917033139671,-0.00273585534557151,0.001));
#13268=CARTESIAN_POINT('',(-0.00791917033139671,-0.00273585534557151,0.));
#13269=CARTESIAN_POINT('',(-0.00788797482343067,-0.00276705085353755,0.001));
#13270=CARTESIAN_POINT('',(-0.00788797482343067,-0.00276705085353755,0.));
#13271=CARTESIAN_POINT('',(-0.00788797482343067,-0.00282944186946963,0.001));
#13272=CARTESIAN_POINT('',(-0.00788797482343067,-0.00282944186946963,0.));
#13273=CARTESIAN_POINT('',(-0.0079815613473288,-0.00273585534557151,0.001));
#13274=CARTESIAN_POINT('',(-0.00788797482343067,-0.00273585534557151,0.001));
#13275=CARTESIAN_POINT('',(-0.00788797482343067,-0.00282944186946963,0.001));
#13276=CARTESIAN_POINT('',(-0.00788797482343067,-0.00282944186946963,0.001));
#13277=CARTESIAN_POINT('',(-0.00788797482343067,-0.00282944186946963,0.001));
#13278=CARTESIAN_POINT('',(-0.00788797482343067,-0.00382066815075678,0.001));
#13279=CARTESIAN_POINT('',(-0.00788797482343067,-0.00382066815075678,0.001));
#13280=CARTESIAN_POINT('',(-0.00788797482343067,-0.00481189443204394,0.001));
#13281=CARTESIAN_POINT('',(-0.00788797482343067,-0.00481189443204394,0.001));
#13282=CARTESIAN_POINT('',(-0.00788797482343067,-0.00481189443204394,0.001));
#13283=CARTESIAN_POINT('',(-0.00788797482343067,-0.00481189443204394,0.));
#13284=CARTESIAN_POINT('',(-0.00788797482343067,-0.00492964649028195,0.001));
#13285=CARTESIAN_POINT('',(-0.00788797482343067,-0.00492964649028195,0.));
#13286=CARTESIAN_POINT('',(-0.00782909879431166,-0.00498852251940096,0.001));
#13287=CARTESIAN_POINT('',(-0.00782909879431166,-0.00498852251940096,0.));
#13288=CARTESIAN_POINT('',(-0.00771134673607365,-0.00498852251940096,0.001));
#13289=CARTESIAN_POINT('',(-0.00771134673607365,-0.00498852251940096,0.));
#13290=CARTESIAN_POINT('',(-0.00788797482343067,-0.00481189443204394,0.001));
#13291=CARTESIAN_POINT('',(-0.00788797482343067,-0.00498852251940096,0.001));
#13292=CARTESIAN_POINT('',(-0.00771134673607365,-0.00498852251940096,0.001));
#13293=CARTESIAN_POINT('',(-0.00771134673607365,-0.00498852251940096,0.001));
#13294=CARTESIAN_POINT('',(-0.00771134673607365,-0.00498852251940096,0.001));
#13295=CARTESIAN_POINT('',(-0.00735281808114,-0.00498852251940096,0.001));
#13296=CARTESIAN_POINT('',(-0.00735281808114,-0.00498852251940096,0.001));
#13297=CARTESIAN_POINT('',(-0.00699428942620635,-0.00498852251940096,0.001));
#13298=CARTESIAN_POINT('',(-0.00699428942620635,-0.00498852251940096,0.001));
#13299=CARTESIAN_POINT('',(-0.00699428942620635,-0.00498852251940096,0.001));
#13300=CARTESIAN_POINT('',(-0.00699428942620635,-0.00498852251940096,0.));
#13301=CARTESIAN_POINT('',(-0.00687653736796834,-0.00498852251940096,0.001));
#13302=CARTESIAN_POINT('',(-0.00687653736796834,-0.00498852251940096,0.));
#13303=CARTESIAN_POINT('',(-0.00681766133884933,-0.00492964649028195,0.001));
#13304=CARTESIAN_POINT('',(-0.00681766133884933,-0.00492964649028195,0.));
#13305=CARTESIAN_POINT('',(-0.00681766133884933,-0.00481189443204394,0.001));
#13306=CARTESIAN_POINT('',(-0.00681766133884933,-0.00481189443204394,0.));
#13307=CARTESIAN_POINT('',(-0.00699428942620635,-0.00498852251940096,0.001));
#13308=CARTESIAN_POINT('',(-0.00681766133884933,-0.00498852251940096,0.001));
#13309=CARTESIAN_POINT('',(-0.00681766133884933,-0.00481189443204394,0.001));
#13310=CARTESIAN_POINT('',(-0.00681766133884933,-0.00481189443204394,0.001));
#13311=CARTESIAN_POINT('',(-0.00681766133884933,-0.00481189443204394,0.001));
#13312=CARTESIAN_POINT('',(-0.00681766133884933,-0.00227649050643777,0.001));
#13313=CARTESIAN_POINT('',(-0.00681766133884933,-0.00227649050643777,0.001));
#13314=CARTESIAN_POINT('',(-0.00681766133884933,0.000258913419168399,0.001));
#13315=CARTESIAN_POINT('',(-0.00681766133884933,0.000258913419168399,0.001));
#13316=CARTESIAN_POINT('',(-0.00681766133884933,0.000258913419168399,0.001));
#13317=CARTESIAN_POINT('',(-0.00681766133884933,0.000258913419168399,0.));
#13318=CARTESIAN_POINT('',(-0.00681766133884933,0.000376665477406412,0.001));
#13319=CARTESIAN_POINT('',(-0.00681766133884933,0.000376665477406412,0.));
#13320=CARTESIAN_POINT('',(-0.00687653736796834,0.000435541506525418,0.001));
#13321=CARTESIAN_POINT('',(-0.00687653736796834,0.000435541506525418,0.));
#13322=CARTESIAN_POINT('',(-0.00699428942620635,0.000435541506525418,0.001));
#13323=CARTESIAN_POINT('',(-0.00699428942620635,0.000435541506525418,0.));
#13324=CARTESIAN_POINT('',(-0.00681766133884933,0.000258913419168399,0.001));
#13325=CARTESIAN_POINT('',(-0.00681766133884933,0.000435541506525418,0.001));
#13326=CARTESIAN_POINT('',(-0.00699428942620635,0.000435541506525418,0.001));
#13327=CARTESIAN_POINT('',(-0.00699428942620635,0.000435541506525418,0.001));
#13328=CARTESIAN_POINT('',(-0.00699428942620635,0.000435541506525418,0.001));
#13329=CARTESIAN_POINT('',(-0.00735281808114,0.000435541506525418,0.001));
#13330=CARTESIAN_POINT('',(-0.00735281808114,0.000435541506525418,0.001));
#13331=CARTESIAN_POINT('',(-0.00771134673607365,0.000435541506525418,0.001));
#13332=CARTESIAN_POINT('',(-0.00771134673607365,0.000435541506525418,0.001));
#13333=CARTESIAN_POINT('',(-0.00771134673607365,0.000435541506525418,0.001));
#13334=CARTESIAN_POINT('',(-0.00771134673607365,0.000435541506525418,0.));
#13335=CARTESIAN_POINT('',(-0.00782909879431166,0.000435541506525418,0.001));
#13336=CARTESIAN_POINT('',(-0.00782909879431166,0.000435541506525418,0.));
#13337=CARTESIAN_POINT('',(-0.00788797482343067,0.000376665477406412,0.001));
#13338=CARTESIAN_POINT('',(-0.00788797482343067,0.000376665477406412,0.));
#13339=CARTESIAN_POINT('',(-0.00788797482343067,0.000258913419168399,0.001));
#13340=CARTESIAN_POINT('',(-0.00788797482343067,0.000258913419168399,0.));
#13341=CARTESIAN_POINT('',(-0.00771134673607365,0.000435541506525418,0.001));
#13342=CARTESIAN_POINT('',(-0.00788797482343067,0.000435541506525418,0.001));
#13343=CARTESIAN_POINT('',(-0.00788797482343067,0.000258913419168399,0.001));
#13344=CARTESIAN_POINT('',(-0.00788797482343067,0.000258913419168399,0.001));
#13345=CARTESIAN_POINT('',(-0.00788797482343067,0.000258913419168399,0.001));
#13346=CARTESIAN_POINT('',(-0.00788797482343067,-0.000728358501954045,0.001));
#13347=CARTESIAN_POINT('',(-0.00788797482343067,-0.000728358501954045,0.001));
#13348=CARTESIAN_POINT('',(-0.00788797482343067,-0.00171563042307649,0.001));
#13349=CARTESIAN_POINT('',(-0.00788797482343067,-0.00171563042307649,0.001));
#13350=CARTESIAN_POINT('',(-0.00788797482343067,-0.00171563042307649,0.001));
#13351=CARTESIAN_POINT('',(-0.00788797482343067,-0.00171563042307649,0.));
#13352=CARTESIAN_POINT('',(-0.00788797482343067,-0.0017771426923053,0.001));
#13353=CARTESIAN_POINT('',(-0.00788797482343067,-0.0017771426923053,0.));
#13354=CARTESIAN_POINT('',(-0.00791917033139671,-0.00180789882691971,0.001));
#13355=CARTESIAN_POINT('',(-0.00791917033139671,-0.00180789882691971,0.));
#13356=CARTESIAN_POINT('',(-0.0079815613473288,-0.00180789882691971,0.001));
#13357=CARTESIAN_POINT('',(-0.0079815613473288,-0.00180789882691971,0.));
#13358=CARTESIAN_POINT('',(-0.00788797482343067,-0.00171563042307649,0.001));
#13359=CARTESIAN_POINT('',(-0.00788797482343067,-0.00180789882691971,0.001));
#13360=CARTESIAN_POINT('',(-0.0079815613473288,-0.00180789882691971,0.001));
#13361=CARTESIAN_POINT('',(-0.0079815613473288,-0.00180789882691971,0.001));
#13362=CARTESIAN_POINT('',(-0.0079815613473288,-0.00180789882691971,0.001));
#13363=CARTESIAN_POINT('',(-0.00869400523700394,-0.00180789882691971,0.001));
#13364=CARTESIAN_POINT('',(-0.00869400523700394,-0.00180789882691971,0.001));
#13365=CARTESIAN_POINT('',(-0.00940644912667908,-0.00180789882691971,0.001));
#13366=CARTESIAN_POINT('',(-0.00940644912667908,-0.00180789882691971,0.001));
#13367=CARTESIAN_POINT('',(-0.00940644912667908,-0.00180789882691971,0.001));
#13368=CARTESIAN_POINT('',(-0.00940644912667908,-0.00180789882691971,0.));
#13369=CARTESIAN_POINT('',(-0.00947411262283077,-0.00180789882691971,0.001));
#13370=CARTESIAN_POINT('',(-0.00947411262283077,-0.00180789882691971,0.));
#13371=CARTESIAN_POINT('',(-0.00950794437090662,-0.0017771426923053,0.001));
#13372=CARTESIAN_POINT('',(-0.00950794437090662,-0.0017771426923053,0.));
#13373=CARTESIAN_POINT('',(-0.00950794437090662,-0.00171563042307649,0.001));
#13374=CARTESIAN_POINT('',(-0.00950794437090662,-0.00171563042307649,0.));
#13375=CARTESIAN_POINT('',(-0.00940644912667908,-0.00180789882691971,0.001));
#13376=CARTESIAN_POINT('',(-0.00950794437090662,-0.00180789882691971,0.001));
#13377=CARTESIAN_POINT('',(-0.00950794437090662,-0.00171563042307649,0.001));
#13378=CARTESIAN_POINT('',(-0.00950794437090662,-0.00171563042307649,0.001));
#13379=CARTESIAN_POINT('',(-0.00950794437090662,-0.00171563042307649,0.001));
#13380=CARTESIAN_POINT('',(-0.00950794437090662,-0.000728358501954045,0.001));
#13381=CARTESIAN_POINT('',(-0.00950794437090662,-0.000728358501954045,0.001));
#13382=CARTESIAN_POINT('',(0.00543415728104759,0.0101126253995156,0.001));
#13383=CARTESIAN_POINT('',(-0.00312297082495586,-0.00481189443204394,0.001));
#13384=CARTESIAN_POINT('',(-0.00312297082495586,-0.00481189443204394,0.));
#13385=CARTESIAN_POINT('',(-0.00312297082495586,-0.00492964649028195,0.001));
#13386=CARTESIAN_POINT('',(-0.00312297082495586,-0.00492964649028195,0.));
#13387=CARTESIAN_POINT('',(-0.00306365542248522,-0.00498852251940096,0.001));
#13388=CARTESIAN_POINT('',(-0.00306365542248522,-0.00498852251940096,0.));
#13389=CARTESIAN_POINT('',(-0.00294502461754394,-0.00498852251940096,0.001));
#13390=CARTESIAN_POINT('',(-0.00294502461754394,-0.00498852251940096,0.));
#13391=CARTESIAN_POINT('',(-0.00312297082495586,-0.00481189443204394,0.001));
#13392=CARTESIAN_POINT('',(-0.00312297082495586,-0.00481189443204394,0.001));
#13393=CARTESIAN_POINT('',(-0.00312297082495586,-0.00481189443204394,0.001));
#13394=CARTESIAN_POINT('',(-0.00312297082495586,-0.00498852251940096,0.001));
#13395=CARTESIAN_POINT('',(-0.00294502461754394,-0.00498852251940096,0.001));
#13396=CARTESIAN_POINT('',(-0.00294502461754394,-0.00498852251940096,0.001));
#13397=CARTESIAN_POINT('',(-0.00294502461754394,-0.00498852251940096,0.001));
#13398=CARTESIAN_POINT('',(-0.00259110938280245,-0.00498852251940096,0.001));
#13399=CARTESIAN_POINT('',(-0.00259110938280245,-0.00498852251940096,0.001));
#13400=CARTESIAN_POINT('',(-0.00223719414806096,-0.00498852251940096,0.001));
#13401=CARTESIAN_POINT('',(-0.00223719414806096,-0.00498852251940096,0.001));
#13402=CARTESIAN_POINT('',(-0.00223719414806096,-0.00498852251940096,0.001));
#13403=CARTESIAN_POINT('',(-0.00223719414806096,-0.00498852251940096,0.));
#13404=CARTESIAN_POINT('',(-0.00211329086290007,-0.00498852251940096,0.001));
#13405=CARTESIAN_POINT('',(-0.00211329086290007,-0.00498852251940096,0.));
#13406=CARTESIAN_POINT('',(-0.00205133922031962,-0.00493228273039176,0.001));
#13407=CARTESIAN_POINT('',(-0.00205133922031962,-0.00493228273039176,0.));
#13408=CARTESIAN_POINT('',(-0.00205133922031962,-0.00481980315237336,0.001));
#13409=CARTESIAN_POINT('',(-0.00205133922031962,-0.00481980315237336,0.));
#13410=CARTESIAN_POINT('',(-0.00223719414806096,-0.00498852251940096,0.001));
#13411=CARTESIAN_POINT('',(-0.00205133922031962,-0.00498852251940096,0.001));
#13412=CARTESIAN_POINT('',(-0.00205133922031962,-0.00481980315237336,0.001));
#13413=CARTESIAN_POINT('',(-0.00205133922031962,-0.00481980315237336,0.001));
#13414=CARTESIAN_POINT('',(-0.00205133922031962,-0.00481980315237336,0.001));
#13415=CARTESIAN_POINT('',(-0.00205133922031962,-0.00287953043155595,0.001));
#13416=CARTESIAN_POINT('',(-0.00205133922031962,-0.00287953043155595,0.001));
#13417=CARTESIAN_POINT('',(-0.00205133922031962,-0.000939257710738546,0.001));
#13418=CARTESIAN_POINT('',(-0.00205133922031962,-0.000939257710738546,0.001));
#13419=CARTESIAN_POINT('',(-0.00205133922031962,-0.000939257710738546,0.001));
#13420=CARTESIAN_POINT('',(-0.00205133922031962,-0.000939257710738546,0.));
#13421=CARTESIAN_POINT('',(-0.00205133922031962,-0.000500763105807438,0.001));
#13422=CARTESIAN_POINT('',(-0.00205133922031962,-0.000500763105807438,0.));
#13423=CARTESIAN_POINT('',(-0.00217370469874979,-0.000162006251697334,0.001));
#13424=CARTESIAN_POINT('',(-0.00217370469874979,-0.000162006251697334,0.));
#13425=CARTESIAN_POINT('',(-0.00241843565561014,7.70128515917671E-5,0.001));
#13426=CARTESIAN_POINT('',(-0.00241843565561014,7.70128515917671E-5,0.));
#13427=CARTESIAN_POINT('',(-0.00205133922031962,-0.000939257710738546,0.001));
#13428=CARTESIAN_POINT('',(-0.00205133922031962,-0.000281515803341884,0.001));
#13429=CARTESIAN_POINT('',(-0.00241843565561014,7.70128515917671E-5,0.001));
#13430=CARTESIAN_POINT('',(-0.00241843565561014,7.70128515917671E-5,0.001));
#13431=CARTESIAN_POINT('',(-0.00241843565561014,7.70128515917671E-5,0.001));
#13432=CARTESIAN_POINT('',(-0.00241843565561014,7.70128515917671E-5,0.001));
#13433=CARTESIAN_POINT('',(-0.00241843565561014,7.70128515917671E-5,0.));
#13434=CARTESIAN_POINT('',(-0.00266316661247049,0.000316031954880868,0.001));
#13435=CARTESIAN_POINT('',(-0.00266316661247049,0.000316031954880868,0.));
#13436=CARTESIAN_POINT('',(-0.00300477939336622,0.000435541506525418,0.001));
#13437=CARTESIAN_POINT('',(-0.00300477939336622,0.000435541506525418,0.));
#13438=CARTESIAN_POINT('',(-0.00344327399829733,0.000435541506525418,0.001));
#13439=CARTESIAN_POINT('',(-0.00344327399829733,0.000435541506525418,0.));
#13440=CARTESIAN_POINT('',(-0.00241843565561014,7.70128515917671E-5,0.001));
#13441=CARTESIAN_POINT('',(-0.00278553209090066,0.000435541506525418,0.001));
#13442=CARTESIAN_POINT('',(-0.00344327399829733,0.000435541506525418,0.001));
#13443=CARTESIAN_POINT('',(-0.00344327399829733,0.000435541506525418,0.001));
#13444=CARTESIAN_POINT('',(-0.00344327399829733,0.000435541506525418,0.001));
#13445=CARTESIAN_POINT('',(-0.00390725225762322,0.000435541506525418,0.001));
#13446=CARTESIAN_POINT('',(-0.00390725225762322,0.000435541506525418,0.001));
#13447=CARTESIAN_POINT('',(-0.00437123051694913,0.000435541506525418,0.001));
#13448=CARTESIAN_POINT('',(-0.00437123051694913,0.000435541506525418,0.001));
#13449=CARTESIAN_POINT('',(-0.00437123051694913,0.000435541506525418,0.001));
#13450=CARTESIAN_POINT('',(-0.00437123051694913,0.000435541506525418,0.));
#13451=CARTESIAN_POINT('',(-0.00481587634880312,0.000435541506525418,0.001));
#13452=CARTESIAN_POINT('',(-0.00481587634880312,0.000435541506525418,0.));
#13453=CARTESIAN_POINT('',(-0.00515902693642956,0.000317350074935771,0.001));
#13454=CARTESIAN_POINT('',(-0.00515902693642956,0.000317350074935771,0.));
#13455=CARTESIAN_POINT('',(-0.00540068227982847,8.09672117564764E-5,0.001));
#13456=CARTESIAN_POINT('',(-0.00540068227982847,8.09672117564764E-5,0.));
#13457=CARTESIAN_POINT('',(-0.00437123051694913,0.000435541506525418,0.001));
#13458=CARTESIAN_POINT('',(-0.00503819926473011,0.000435541506525418,0.001));
#13459=CARTESIAN_POINT('',(-0.00540068227982847,8.09672117564764E-5,0.001));
#13460=CARTESIAN_POINT('',(-0.00540068227982847,8.09672117564764E-5,0.001));
#13461=CARTESIAN_POINT('',(-0.00540068227982847,8.09672117564764E-5,0.001));
#13462=CARTESIAN_POINT('',(-0.00540068227982847,8.09672117564764E-5,0.001));
#13463=CARTESIAN_POINT('',(-0.00540068227982847,8.09672117564764E-5,0.));
#13464=CARTESIAN_POINT('',(-0.00564233762322738,-0.000155415651422818,0.001));
#13465=CARTESIAN_POINT('',(-0.00564233762322738,-0.000155415651422818,0.));
#13466=CARTESIAN_POINT('',(-0.00576316529492683,-0.000495490625587826,0.001));
#13467=CARTESIAN_POINT('',(-0.00576316529492683,-0.000495490625587826,0.));
#13468=CARTESIAN_POINT('',(-0.00576316529492683,-0.000939257710738546,0.001));
#13469=CARTESIAN_POINT('',(-0.00576316529492683,-0.000939257710738546,0.));
#13470=CARTESIAN_POINT('',(-0.00540068227982847,8.09672117564764E-5,0.001));
#13471=CARTESIAN_POINT('',(-0.00576316529492683,-0.000273607083012465,0.001));
#13472=CARTESIAN_POINT('',(-0.00576316529492683,-0.000939257710738546,0.001));
#13473=CARTESIAN_POINT('',(-0.00576316529492683,-0.000939257710738546,0.001));
#13474=CARTESIAN_POINT('',(-0.00576316529492683,-0.000939257710738546,0.001));
#13475=CARTESIAN_POINT('',(-0.00576316529492683,-0.00287557607139125,0.001));
#13476=CARTESIAN_POINT('',(-0.00576316529492683,-0.00287557607139125,0.001));
#13477=CARTESIAN_POINT('',(-0.00576316529492683,-0.00481189443204394,0.001));
#13478=CARTESIAN_POINT('',(-0.00576316529492683,-0.00481189443204394,0.001));
#13479=CARTESIAN_POINT('',(-0.00576316529492683,-0.00481189443204394,0.001));
#13480=CARTESIAN_POINT('',(-0.00576316529492683,-0.00481189443204394,0.));
#13481=CARTESIAN_POINT('',(-0.00576316529492683,-0.00492964649028195,0.001));
#13482=CARTESIAN_POINT('',(-0.00576316529492683,-0.00492964649028195,0.));
#13483=CARTESIAN_POINT('',(-0.00570428926580782,-0.00498852251940096,0.001));
#13484=CARTESIAN_POINT('',(-0.00570428926580782,-0.00498852251940096,0.));
#13485=CARTESIAN_POINT('',(-0.00558653720756981,-0.00498852251940096,0.001));
#13486=CARTESIAN_POINT('',(-0.00558653720756981,-0.00498852251940096,0.));
#13487=CARTESIAN_POINT('',(-0.00576316529492683,-0.00481189443204394,0.001));
#13488=CARTESIAN_POINT('',(-0.00576316529492683,-0.00498852251940096,0.001));
#13489=CARTESIAN_POINT('',(-0.00558653720756981,-0.00498852251940096,0.001));
#13490=CARTESIAN_POINT('',(-0.00558653720756981,-0.00498852251940096,0.001));
#13491=CARTESIAN_POINT('',(-0.00558653720756981,-0.00498852251940096,0.001));
#13492=CARTESIAN_POINT('',(-0.00522800855263616,-0.00498852251940096,0.001));
#13493=CARTESIAN_POINT('',(-0.00522800855263616,-0.00498852251940096,0.001));
#13494=CARTESIAN_POINT('',(-0.00486947989770251,-0.00498852251940096,0.001));
#13495=CARTESIAN_POINT('',(-0.00486947989770251,-0.00498852251940096,0.001));
#13496=CARTESIAN_POINT('',(-0.00486947989770251,-0.00498852251940096,0.001));
#13497=CARTESIAN_POINT('',(-0.00486947989770251,-0.00498852251940096,0.));
#13498=CARTESIAN_POINT('',(-0.00475084909276123,-0.00498852251940096,0.001));
#13499=CARTESIAN_POINT('',(-0.00475084909276123,-0.00498852251940096,0.));
#13500=CARTESIAN_POINT('',(-0.00469153369029059,-0.00492964649028195,0.001));
#13501=CARTESIAN_POINT('',(-0.00469153369029059,-0.00492964649028195,0.));
#13502=CARTESIAN_POINT('',(-0.00469153369029059,-0.00481189443204394,0.001));
#13503=CARTESIAN_POINT('',(-0.00469153369029059,-0.00481189443204394,0.));
#13504=CARTESIAN_POINT('',(-0.00486947989770251,-0.00498852251940096,0.001));
#13505=CARTESIAN_POINT('',(-0.00469153369029059,-0.00498852251940096,0.001));
#13506=CARTESIAN_POINT('',(-0.00469153369029059,-0.00481189443204394,0.001));
#13507=CARTESIAN_POINT('',(-0.00469153369029059,-0.00481189443204394,0.001));
#13508=CARTESIAN_POINT('',(-0.00469153369029059,-0.00481189443204394,0.001));
#13509=CARTESIAN_POINT('',(-0.00469153369029059,-0.00290127941246186,0.001));
#13510=CARTESIAN_POINT('',(-0.00469153369029059,-0.00290127941246186,0.001));
#13511=CARTESIAN_POINT('',(-0.00469153369029059,-0.000990664392879768,0.001));
#13512=CARTESIAN_POINT('',(-0.00469153369029059,-0.000990664392879768,0.001));
#13513=CARTESIAN_POINT('',(-0.00469153369029059,-0.000990664392879768,0.001));
#13514=CARTESIAN_POINT('',(-0.00469153369029059,-0.000990664392879768,0.));
#13515=CARTESIAN_POINT('',(-0.00469153369029059,-0.000810521318709673,0.001));
#13516=CARTESIAN_POINT('',(-0.00469153369029059,-0.000810521318709673,0.));
#13517=CARTESIAN_POINT('',(-0.00465352789537422,-0.000682443986708252,0.001));
#13518=CARTESIAN_POINT('',(-0.00465352789537422,-0.000682443986708252,0.));
#13519=CARTESIAN_POINT('',(-0.00457751630554147,-0.000606432396875505,0.001));
#13520=CARTESIAN_POINT('',(-0.00457751630554147,-0.000606432396875505,0.));
#13521=CARTESIAN_POINT('',(-0.00469153369029059,-0.000990664392879768,0.001));
#13522=CARTESIAN_POINT('',(-0.00469153369029059,-0.000720449781624626,0.001));
#13523=CARTESIAN_POINT('',(-0.00457751630554147,-0.000606432396875505,0.001));
#13524=CARTESIAN_POINT('',(-0.00457751630554147,-0.000606432396875505,0.001));
#13525=CARTESIAN_POINT('',(-0.00457751630554147,-0.000606432396875505,0.001));
#13526=CARTESIAN_POINT('',(-0.00457751630554147,-0.000606432396875505,0.001));
#13527=CARTESIAN_POINT('',(-0.00457751630554147,-0.000606432396875505,0.));
#13528=CARTESIAN_POINT('',(-0.00450150471570872,-0.000530420807042758,0.001));
#13529=CARTESIAN_POINT('',(-0.00450150471570872,-0.000530420807042758,0.));
#13530=CARTESIAN_POINT('',(-0.00437650299716874,-0.000492415012126385,0.001));
#13531=CARTESIAN_POINT('',(-0.00437650299716874,-0.000492415012126385,0.));
#13532=CARTESIAN_POINT('',(-0.00420251114992153,-0.000492415012126385,0.001));
#13533=CARTESIAN_POINT('',(-0.00420251114992153,-0.000492415012126385,0.));
#13534=CARTESIAN_POINT('',(-0.00457751630554147,-0.000606432396875505,0.001));
#13535=CARTESIAN_POINT('',(-0.00446349892079235,-0.000492415012126385,0.001));
#13536=CARTESIAN_POINT('',(-0.00420251114992153,-0.000492415012126385,0.001));
#13537=CARTESIAN_POINT('',(-0.00420251114992153,-0.000492415012126385,0.001));
#13538=CARTESIAN_POINT('',(-0.00420251114992153,-0.000492415012126385,0.001));
#13539=CARTESIAN_POINT('',(-0.00391120661778793,-0.000492415012126385,0.001));
#13540=CARTESIAN_POINT('',(-0.00391120661778793,-0.000492415012126385,0.001));
#13541=CARTESIAN_POINT('',(-0.00361990208565435,-0.000492415012126385,0.001));
#13542=CARTESIAN_POINT('',(-0.00361990208565435,-0.000492415012126385,0.001));
#13543=CARTESIAN_POINT('',(-0.00361990208565435,-0.000492415012126385,0.001));
#13544=CARTESIAN_POINT('',(-0.00361990208565435,-0.000492415012126385,0.));
#13545=CARTESIAN_POINT('',(-0.00344063775818752,-0.000492415012126385,0.001));
#13546=CARTESIAN_POINT('',(-0.00344063775818752,-0.000492415012126385,0.));
#13547=CARTESIAN_POINT('',(-0.00331299979953773,-0.000530420807042758,0.001));
#13548=CARTESIAN_POINT('',(-0.00331299979953773,-0.000530420807042758,0.));
#13549=CARTESIAN_POINT('',(-0.00323698820970498,-0.000606432396875505,0.001));
#13550=CARTESIAN_POINT('',(-0.00323698820970498,-0.000606432396875505,0.));
#13551=CARTESIAN_POINT('',(-0.00361990208565435,-0.000492415012126385,0.001));
#13552=CARTESIAN_POINT('',(-0.00335100559445411,-0.000492415012126385,0.001));
#13553=CARTESIAN_POINT('',(-0.00323698820970498,-0.000606432396875505,0.001));
#13554=CARTESIAN_POINT('',(-0.00323698820970498,-0.000606432396875505,0.001));
#13555=CARTESIAN_POINT('',(-0.00323698820970498,-0.000606432396875505,0.001));
#13556=CARTESIAN_POINT('',(-0.00323698820970498,-0.000606432396875505,0.001));
#13557=CARTESIAN_POINT('',(-0.00323698820970498,-0.000606432396875505,0.));
#13558=CARTESIAN_POINT('',(-0.00316097661987224,-0.000682443986708252,0.001));
#13559=CARTESIAN_POINT('',(-0.00316097661987224,-0.000682443986708252,0.));
#13560=CARTESIAN_POINT('',(-0.00312297082495586,-0.000810521318709673,0.001));
#13561=CARTESIAN_POINT('',(-0.00312297082495586,-0.000810521318709673,0.));
#13562=CARTESIAN_POINT('',(-0.00312297082495586,-0.000990664392879768,0.001));
#13563=CARTESIAN_POINT('',(-0.00312297082495586,-0.000990664392879768,0.));
#13564=CARTESIAN_POINT('',(-0.00323698820970498,-0.000606432396875505,0.001));
#13565=CARTESIAN_POINT('',(-0.00312297082495586,-0.000720449781624626,0.001));
#13566=CARTESIAN_POINT('',(-0.00312297082495586,-0.000990664392879768,0.001));
#13567=CARTESIAN_POINT('',(-0.00312297082495586,-0.000990664392879768,0.001));
#13568=CARTESIAN_POINT('',(-0.00312297082495586,-0.000990664392879768,0.001));
#13569=CARTESIAN_POINT('',(-0.00312297082495586,-0.00290127941246186,0.001));
#13570=CARTESIAN_POINT('',(-0.00312297082495586,-0.00290127941246186,0.001));
#13571=CARTESIAN_POINT('',(0.00543415728104759,0.0101126253995156,0.001));
#13572=CARTESIAN_POINT('',(-0.0235709672366681,0.0110569529089348,0.001));
#13573=CARTESIAN_POINT('',(-0.0235709672366681,0.0110569529089348,0.));
#13574=CARTESIAN_POINT('',(-0.0235709672366681,0.0111747049671728,0.001));
#13575=CARTESIAN_POINT('',(-0.0235709672366681,0.0111747049671728,0.));
#13576=CARTESIAN_POINT('',(-0.0236302826391387,0.0112335809962918,0.001));
#13577=CARTESIAN_POINT('',(-0.0236302826391387,0.0112335809962918,0.));
#13578=CARTESIAN_POINT('',(-0.02374891344408,0.0112335809962918,0.001));
#13579=CARTESIAN_POINT('',(-0.02374891344408,0.0112335809962918,0.));
#13580=CARTESIAN_POINT('',(-0.0235709672366681,0.0110569529089348,0.001));
#13581=CARTESIAN_POINT('',(-0.0235709672366681,0.0110569529089348,0.001));
#13582=CARTESIAN_POINT('',(-0.0235709672366681,0.0110569529089348,0.001));
#13583=CARTESIAN_POINT('',(-0.0235709672366681,0.0112335809962918,0.001));
#13584=CARTESIAN_POINT('',(-0.02374891344408,0.0112335809962918,0.001));
#13585=CARTESIAN_POINT('',(-0.02374891344408,0.0112335809962918,0.001));
#13586=CARTESIAN_POINT('',(-0.02374891344408,0.0112335809962918,0.001));
#13587=CARTESIAN_POINT('',(-0.0241074420990137,0.0112335809962918,0.001));
#13588=CARTESIAN_POINT('',(-0.0241074420990137,0.0112335809962918,0.001));
#13589=CARTESIAN_POINT('',(-0.0244659707539473,0.0112335809962918,0.001));
#13590=CARTESIAN_POINT('',(-0.0244659707539473,0.0112335809962918,0.001));
#13591=CARTESIAN_POINT('',(-0.0244659707539473,0.0112335809962918,0.001));
#13592=CARTESIAN_POINT('',(-0.0244659707539473,0.0112335809962918,0.));
#13593=CARTESIAN_POINT('',(-0.0245837228121853,0.0112335809962918,0.001));
#13594=CARTESIAN_POINT('',(-0.0245837228121853,0.0112335809962918,0.));
#13595=CARTESIAN_POINT('',(-0.0246425988413043,0.0111747049671728,0.001));
#13596=CARTESIAN_POINT('',(-0.0246425988413043,0.0111747049671728,0.));
#13597=CARTESIAN_POINT('',(-0.0246425988413043,0.0110569529089348,0.001));
#13598=CARTESIAN_POINT('',(-0.0246425988413043,0.0110569529089348,0.));
#13599=CARTESIAN_POINT('',(-0.0244659707539473,0.0112335809962918,0.001));
#13600=CARTESIAN_POINT('',(-0.0246425988413043,0.0112335809962918,0.001));
#13601=CARTESIAN_POINT('',(-0.0246425988413043,0.0110569529089348,0.001));
#13602=CARTESIAN_POINT('',(-0.0246425988413043,0.0110569529089348,0.001));
#13603=CARTESIAN_POINT('',(-0.0246425988413043,0.0110569529089348,0.001));
#13604=CARTESIAN_POINT('',(-0.0246425988413043,0.00908240906668995,0.001));
#13605=CARTESIAN_POINT('',(-0.0246425988413043,0.00908240906668995,0.001));
#13606=CARTESIAN_POINT('',(-0.0246425988413043,0.00710786522444506,0.001));
#13607=CARTESIAN_POINT('',(-0.0246425988413043,0.00710786522444506,0.001));
#13608=CARTESIAN_POINT('',(-0.0246425988413043,0.00710786522444506,0.001));
#13609=CARTESIAN_POINT('',(-0.0246425988413043,0.00710786522444506,0.));
#13610=CARTESIAN_POINT('',(-0.0246425988413043,0.00699011316620705,0.001));
#13611=CARTESIAN_POINT('',(-0.0246425988413043,0.00699011316620705,0.));
#13612=CARTESIAN_POINT('',(-0.0245837228121853,0.00693123713708804,0.001));
#13613=CARTESIAN_POINT('',(-0.0245837228121853,0.00693123713708804,0.));
#13614=CARTESIAN_POINT('',(-0.0244659707539473,0.00693123713708804,0.001));
#13615=CARTESIAN_POINT('',(-0.0244659707539473,0.00693123713708804,0.));
#13616=CARTESIAN_POINT('',(-0.0246425988413043,0.00710786522444506,0.001));
#13617=CARTESIAN_POINT('',(-0.0246425988413043,0.00693123713708804,0.001));
#13618=CARTESIAN_POINT('',(-0.0244659707539473,0.00693123713708804,0.001));
#13619=CARTESIAN_POINT('',(-0.0244659707539473,0.00693123713708804,0.001));
#13620=CARTESIAN_POINT('',(-0.0244659707539473,0.00693123713708804,0.001));
#13621=CARTESIAN_POINT('',(-0.0241074420990137,0.00693123713708804,0.001));
#13622=CARTESIAN_POINT('',(-0.0241074420990137,0.00693123713708804,0.001));
#13623=CARTESIAN_POINT('',(-0.02374891344408,0.00693123713708804,0.001));
#13624=CARTESIAN_POINT('',(-0.02374891344408,0.00693123713708804,0.001));
#13625=CARTESIAN_POINT('',(-0.02374891344408,0.00693123713708804,0.001));
#13626=CARTESIAN_POINT('',(-0.02374891344408,0.00693123713708804,0.));
#13627=CARTESIAN_POINT('',(-0.0236302826391387,0.00693123713708804,0.001));
#13628=CARTESIAN_POINT('',(-0.0236302826391387,0.00693123713708804,0.));
#13629=CARTESIAN_POINT('',(-0.0235709672366681,0.00699011316620705,0.001));
#13630=CARTESIAN_POINT('',(-0.0235709672366681,0.00699011316620705,0.));
#13631=CARTESIAN_POINT('',(-0.0235709672366681,0.00710786522444506,0.001));
#13632=CARTESIAN_POINT('',(-0.0235709672366681,0.00710786522444506,0.));
#13633=CARTESIAN_POINT('',(-0.02374891344408,0.00693123713708804,0.001));
#13634=CARTESIAN_POINT('',(-0.0235709672366681,0.00693123713708804,0.001));
#13635=CARTESIAN_POINT('',(-0.0235709672366681,0.00710786522444506,0.001));
#13636=CARTESIAN_POINT('',(-0.0235709672366681,0.00710786522444506,0.001));
#13637=CARTESIAN_POINT('',(-0.0235709672366681,0.00710786522444506,0.001));
#13638=CARTESIAN_POINT('',(-0.0235709672366681,0.00724758595026479,0.001));
#13639=CARTESIAN_POINT('',(-0.0235709672366681,0.00724758595026479,0.001));
#13640=CARTESIAN_POINT('',(-0.0235709672366681,0.00738730667608452,0.001));
#13641=CARTESIAN_POINT('',(-0.0235709672366681,0.00738730667608452,0.001));
#13642=CARTESIAN_POINT('',(-0.0235544907359818,0.00738730667608452,0.001));
#13643=CARTESIAN_POINT('',(-0.0235544907359818,0.00738730667608452,0.001));
#13644=CARTESIAN_POINT('',(-0.0235380142352955,0.00738730667608452,0.001));
#13645=CARTESIAN_POINT('',(-0.0235380142352955,0.00738730667608452,0.001));
#13646=CARTESIAN_POINT('',(-0.0235380142352955,0.00738730667608452,0.001));
#13647=CARTESIAN_POINT('',(-0.0235380142352955,0.00738730667608452,0.));
#13648=CARTESIAN_POINT('',(-0.0234703507391438,0.00725197968378113,0.001));
#13649=CARTESIAN_POINT('',(-0.0234703507391438,0.00725197968378113,0.));
#13650=CARTESIAN_POINT('',(-0.0233563333543947,0.00714213634587254,0.001));
#13651=CARTESIAN_POINT('',(-0.0233563333543947,0.00714213634587254,0.));
#13652=CARTESIAN_POINT('',(-0.0231959620810482,0.00705777666235874,0.001));
#13653=CARTESIAN_POINT('',(-0.0231959620810482,0.00705777666235874,0.));
#13654=CARTESIAN_POINT('',(-0.0235380142352955,0.00738730667608452,0.001));
#13655=CARTESIAN_POINT('',(-0.023436518991068,0.00718431618762944,0.001));
#13656=CARTESIAN_POINT('',(-0.0231959620810482,0.00705777666235874,0.001));
#13657=CARTESIAN_POINT('',(-0.0231959620810482,0.00705777666235874,0.001));
#13658=CARTESIAN_POINT('',(-0.0231959620810482,0.00705777666235874,0.001));
#13659=CARTESIAN_POINT('',(-0.0226693149830098,0.00810359781992671,0.001));
#13660=CARTESIAN_POINT('',(-0.0226693149830098,0.00810359781992671,0.001));
#13661=CARTESIAN_POINT('',(-0.0226430210130207,0.00693169597744492,0.001));
#13662=CARTESIAN_POINT('',(-0.0226430107180163,0.00693123713708804,0.001));
#13663=CARTESIAN_POINT('',(-0.0225250389731025,0.00693123713708804,0.001));
#13664=CARTESIAN_POINT('',(-0.0225250389731025,0.00693123713708804,0.001));
#13665=CARTESIAN_POINT('',(-0.0224070672281886,0.00693123713708804,0.001));
#13666=CARTESIAN_POINT('',(-0.0224070672281886,0.00693123713708804,0.001));
#13667=CARTESIAN_POINT('',(-0.0224070672281886,0.00693123713708804,0.001));
#13668=CARTESIAN_POINT('',(-0.0224070672281886,0.00693123713708804,0.));
#13669=CARTESIAN_POINT('',(-0.0219176053144679,0.00693123713708804,0.001));
#13670=CARTESIAN_POINT('',(-0.0219176053144679,0.00693123713708804,0.));
#13671=CARTESIAN_POINT('',(-0.0215661066331605,0.00711138021125813,0.001));
#13672=CARTESIAN_POINT('',(-0.0215661066331605,0.00711138021125813,0.));
#13673=CARTESIAN_POINT('',(-0.0213525711842661,0.00747166635959832,0.001));
#13674=CARTESIAN_POINT('',(-0.0213525711842661,0.00747166635959832,0.));
#13675=CARTESIAN_POINT('',(-0.0224070672281886,0.00693123713708804,0.001));
#13676=CARTESIAN_POINT('',(-0.0216728743576076,0.00693123713708804,0.001));
#13677=CARTESIAN_POINT('',(-0.0213525711842661,0.00747166635959832,0.001));
#13678=CARTESIAN_POINT('',(-0.0213525711842661,0.00747166635959832,0.001));
#13679=CARTESIAN_POINT('',(-0.0213525711842661,0.00747166635959832,0.001));
#13680=CARTESIAN_POINT('',(-0.0213525711842661,0.00747166635959832,0.001));
#13681=CARTESIAN_POINT('',(-0.0213525711842661,0.00747166635959832,0.));
#13682=CARTESIAN_POINT('',(-0.0211610044029536,0.00711138021125813,0.001));
#13683=CARTESIAN_POINT('',(-0.0211610044029536,0.00711138021125813,0.));
#13684=CARTESIAN_POINT('',(-0.0208319137625794,0.00693123713708804,0.001));
#13685=CARTESIAN_POINT('',(-0.0208319137625794,0.00693123713708804,0.));
#13686=CARTESIAN_POINT('',(-0.0203652992631437,0.00693123713708804,0.001));
#13687=CARTESIAN_POINT('',(-0.0203652992631437,0.00693123713708804,0.));
#13688=CARTESIAN_POINT('',(-0.0213525711842661,0.00747166635959832,0.001));
#13689=CARTESIAN_POINT('',(-0.0210652210122972,0.00693123713708804,0.001));
#13690=CARTESIAN_POINT('',(-0.0203652992631437,0.00693123713708804,0.001));
#13691=CARTESIAN_POINT('',(-0.0203652992631437,0.00693123713708804,0.001));
#13692=CARTESIAN_POINT('',(-0.0203652992631437,0.00693123713708804,0.001));
#13693=CARTESIAN_POINT('',(-0.0202433731580651,0.00693123713708804,0.001));
#13694=CARTESIAN_POINT('',(-0.0202433731580651,0.00693123713708804,0.001));
#13695=CARTESIAN_POINT('',(-0.0201214470529866,0.00693123713708804,0.001));
#13696=CARTESIAN_POINT('',(-0.0201214470529866,0.00693123713708804,0.001));
#13697=CARTESIAN_POINT('',(-0.0201214470529866,0.00693123713708804,0.001));
#13698=CARTESIAN_POINT('',(-0.0201214470529866,0.00693123713708804,0.));
#13699=CARTESIAN_POINT('',(-0.0196882249282751,0.00693123713708804,0.001));
#13700=CARTESIAN_POINT('',(-0.0196882249282751,0.00693123713708804,0.));
#13701=CARTESIAN_POINT('',(-0.0193604524079559,0.00704942856867769,0.001));
#13702=CARTESIAN_POINT('',(-0.0193604524079559,0.00704942856867769,0.));
#13703=CARTESIAN_POINT('',(-0.0191381294920289,0.00728581143185698,0.001));
#13704=CARTESIAN_POINT('',(-0.0191381294920289,0.00728581143185698,0.));
#13705=CARTESIAN_POINT('',(-0.0201214470529866,0.00693123713708804,0.001));
#13706=CARTESIAN_POINT('',(-0.0194716138659194,0.00693123713708804,0.001));
#13707=CARTESIAN_POINT('',(-0.0191381294920289,0.00728581143185698,0.001));
#13708=CARTESIAN_POINT('',(-0.0191381294920289,0.00728581143185698,0.001));
#13709=CARTESIAN_POINT('',(-0.0191381294920289,0.00728581143185698,0.001));
#13710=CARTESIAN_POINT('',(-0.0191381294920289,0.00728581143185698,0.001));
#13711=CARTESIAN_POINT('',(-0.0191381294920289,0.00728581143185698,0.));
#13712=CARTESIAN_POINT('',(-0.0189158065761019,0.00752219429503627,0.001));
#13713=CARTESIAN_POINT('',(-0.0189158065761019,0.00752219429503627,0.));
#13714=CARTESIAN_POINT('',(-0.0188046451181384,0.00786226926920128,0.001));
#13715=CARTESIAN_POINT('',(-0.0188046451181384,0.00786226926920128,0.));
#13716=CARTESIAN_POINT('',(-0.0188046451181384,0.008306036354352,0.001));
#13717=CARTESIAN_POINT('',(-0.0188046451181384,0.008306036354352,0.));
#13718=CARTESIAN_POINT('',(-0.0191381294920289,0.00728581143185698,0.001));
#13719=CARTESIAN_POINT('',(-0.0188046451181384,0.00764038572662592,0.001));
#13720=CARTESIAN_POINT('',(-0.0188046451181384,0.008306036354352,0.001));
#13721=CARTESIAN_POINT('',(-0.0188046451181384,0.008306036354352,0.001));
#13722=CARTESIAN_POINT('',(-0.0188046451181384,0.008306036354352,0.001));
#13723=CARTESIAN_POINT('',(-0.0188046451181384,0.00968149463164342,0.001));
#13724=CARTESIAN_POINT('',(-0.0188046451181384,0.00968149463164342,0.001));
#13725=CARTESIAN_POINT('',(-0.0188046451181384,0.0110569529089348,0.001));
#13726=CARTESIAN_POINT('',(-0.0188046451181384,0.0110569529089348,0.001));
#13727=CARTESIAN_POINT('',(-0.0188046451181384,0.0110569529089348,0.001));
#13728=CARTESIAN_POINT('',(-0.0188046451181384,0.0110569529089348,0.));
#13729=CARTESIAN_POINT('',(-0.0188046451181384,0.0111747049671728,0.001));
#13730=CARTESIAN_POINT('',(-0.0188046451181384,0.0111747049671728,0.));
#13731=CARTESIAN_POINT('',(-0.018863960520609,0.0112335809962918,0.001));
#13732=CARTESIAN_POINT('',(-0.018863960520609,0.0112335809962918,0.));
#13733=CARTESIAN_POINT('',(-0.0189825913255503,0.0112335809962918,0.001));
#13734=CARTESIAN_POINT('',(-0.0189825913255503,0.0112335809962918,0.));
#13735=CARTESIAN_POINT('',(-0.0188046451181384,0.0110569529089348,0.001));
#13736=CARTESIAN_POINT('',(-0.0188046451181384,0.0112335809962918,0.001));
#13737=CARTESIAN_POINT('',(-0.0189825913255503,0.0112335809962918,0.001));
#13738=CARTESIAN_POINT('',(-0.0189825913255503,0.0112335809962918,0.001));
#13739=CARTESIAN_POINT('',(-0.0189825913255503,0.0112335809962918,0.001));
#13740=CARTESIAN_POINT('',(-0.019341119980484,0.0112335809962918,0.001));
#13741=CARTESIAN_POINT('',(-0.019341119980484,0.0112335809962918,0.001));
#13742=CARTESIAN_POINT('',(-0.0196996486354176,0.0112335809962918,0.001));
#13743=CARTESIAN_POINT('',(-0.0196996486354176,0.0112335809962918,0.001));
#13744=CARTESIAN_POINT('',(-0.0196996486354176,0.0112335809962918,0.001));
#13745=CARTESIAN_POINT('',(-0.0196996486354176,0.0112335809962918,0.));
#13746=CARTESIAN_POINT('',(-0.0198174006936556,0.0112335809962918,0.001));
#13747=CARTESIAN_POINT('',(-0.0198174006936556,0.0112335809962918,0.));
#13748=CARTESIAN_POINT('',(-0.0198762767227746,0.0111747049671728,0.001));
#13749=CARTESIAN_POINT('',(-0.0198762767227746,0.0111747049671728,0.));
#13750=CARTESIAN_POINT('',(-0.0198762767227746,0.0110569529089348,0.001));
#13751=CARTESIAN_POINT('',(-0.0198762767227746,0.0110569529089348,0.));
#13752=CARTESIAN_POINT('',(-0.0196996486354176,0.0112335809962918,0.001));
#13753=CARTESIAN_POINT('',(-0.0198762767227746,0.0112335809962918,0.001));
#13754=CARTESIAN_POINT('',(-0.0198762767227746,0.0110569529089348,0.001));
#13755=CARTESIAN_POINT('',(-0.0198762767227746,0.0110569529089348,0.001));
#13756=CARTESIAN_POINT('',(-0.0198762767227746,0.0110569529089348,0.001));
#13757=CARTESIAN_POINT('',(-0.0198762767227746,0.00970719797271403,0.001));
#13758=CARTESIAN_POINT('',(-0.0198762767227746,0.00970719797271403,0.001));
#13759=CARTESIAN_POINT('',(-0.0198762767227746,0.00835744303649322,0.001));
#13760=CARTESIAN_POINT('',(-0.0198762767227746,0.00835744303649322,0.001));
#13761=CARTESIAN_POINT('',(-0.0198762767227746,0.00835744303649322,0.001));
#13762=CARTESIAN_POINT('',(-0.0198762767227746,0.00835744303649322,0.));
#13763=CARTESIAN_POINT('',(-0.0198762767227746,0.00817729996232313,0.001));
#13764=CARTESIAN_POINT('',(-0.0198762767227746,0.00817729996232313,0.));
#13765=CARTESIAN_POINT('',(-0.0199127447109603,0.00804922263032171,0.001));
#13766=CARTESIAN_POINT('',(-0.0199127447109603,0.00804922263032171,0.));
#13767=CARTESIAN_POINT('',(-0.0199856806873316,0.00797321104048896,0.001));
#13768=CARTESIAN_POINT('',(-0.0199856806873316,0.00797321104048896,0.));
#13769=CARTESIAN_POINT('',(-0.0198762767227746,0.00835744303649322,0.001));
#13770=CARTESIAN_POINT('',(-0.0198762767227746,0.00808722842523808,0.001));
#13771=CARTESIAN_POINT('',(-0.0199856806873316,0.00797321104048896,0.001));
#13772=CARTESIAN_POINT('',(-0.0199856806873316,0.00797321104048896,0.001));
#13773=CARTESIAN_POINT('',(-0.0199856806873316,0.00797321104048896,0.001));
#13774=CARTESIAN_POINT('',(-0.0199856806873316,0.00797321104048896,0.001));
#13775=CARTESIAN_POINT('',(-0.0199856806873316,0.00797321104048896,0.));
#13776=CARTESIAN_POINT('',(-0.0200586166637029,0.00789719945065621,0.001));
#13777=CARTESIAN_POINT('',(-0.0200586166637029,0.00789719945065621,0.));
#13778=CARTESIAN_POINT('',(-0.0201851561889736,0.00785919365573984,0.001));
#13779=CARTESIAN_POINT('',(-0.0201851561889736,0.00785919365573984,0.));
#13780=CARTESIAN_POINT('',(-0.0203652992631437,0.00785919365573984,0.001));
#13781=CARTESIAN_POINT('',(-0.0203652992631437,0.00785919365573984,0.));
#13782=CARTESIAN_POINT('',(-0.0199856806873316,0.00797321104048896,0.001));
#13783=CARTESIAN_POINT('',(-0.0200950846518885,0.00785919365573984,0.001));
#13784=CARTESIAN_POINT('',(-0.0203652992631437,0.00785919365573984,0.001));
#13785=CARTESIAN_POINT('',(-0.0203652992631437,0.00785919365573984,0.001));
#13786=CARTESIAN_POINT('',(-0.0203652992631437,0.00785919365573984,0.001));
#13787=CARTESIAN_POINT('',(-0.0204707488675359,0.00785919365573984,0.001));
#13788=CARTESIAN_POINT('',(-0.0204707488675359,0.00785919365573984,0.001));
#13789=CARTESIAN_POINT('',(-0.0205761984719282,0.00785919365573984,0.001));
#13790=CARTESIAN_POINT('',(-0.0205761984719282,0.00785919365573984,0.001));
#13791=CARTESIAN_POINT('',(-0.0205761984719282,0.00785919365573984,0.001));
#13792=CARTESIAN_POINT('',(-0.0205761984719282,0.00785919365573984,0.));
#13793=CARTESIAN_POINT('',(-0.020964604514773,0.00785919365573984,0.001));
#13794=CARTESIAN_POINT('',(-0.020964604514773,0.00785919365573984,0.));
#13795=CARTESIAN_POINT('',(-0.0211588075361954,0.00807580471809559,0.001));
#13796=CARTESIAN_POINT('',(-0.0211588075361954,0.00807580471809559,0.));
#13797=CARTESIAN_POINT('',(-0.0211588075361954,0.00850902684280708,0.001));
#13798=CARTESIAN_POINT('',(-0.0211588075361954,0.00850902684280708,0.));
#13799=CARTESIAN_POINT('',(-0.0205761984719282,0.00785919365573984,0.001));
#13800=CARTESIAN_POINT('',(-0.0211588075361954,0.00785919365573984,0.001));
#13801=CARTESIAN_POINT('',(-0.0211588075361954,0.00850902684280708,0.001));
#13802=CARTESIAN_POINT('',(-0.0211588075361954,0.00850902684280708,0.001));
#13803=CARTESIAN_POINT('',(-0.0211588075361954,0.00850902684280708,0.001));
#13804=CARTESIAN_POINT('',(-0.0211588075361954,0.00978298987587096,0.001));
#13805=CARTESIAN_POINT('',(-0.0211588075361954,0.00978298987587096,0.001));
#13806=CARTESIAN_POINT('',(-0.0211588075361954,0.0110569529089348,0.001));
#13807=CARTESIAN_POINT('',(-0.0211588075361954,0.0110569529089348,0.001));
#13808=CARTESIAN_POINT('',(-0.0211588075361954,0.0110569529089348,0.001));
#13809=CARTESIAN_POINT('',(-0.0211588075361954,0.0110569529089348,0.));
#13810=CARTESIAN_POINT('',(-0.0211588075361954,0.0111747049671728,0.001));
#13811=CARTESIAN_POINT('',(-0.0211588075361954,0.0111747049671728,0.));
#13812=CARTESIAN_POINT('',(-0.0212207591787758,0.0112335809962918,0.001));
#13813=CARTESIAN_POINT('',(-0.0212207591787758,0.0112335809962918,0.));
#13814=CARTESIAN_POINT('',(-0.0213446624639367,0.0112335809962918,0.001));
#13815=CARTESIAN_POINT('',(-0.0213446624639367,0.0112335809962918,0.));
#13816=CARTESIAN_POINT('',(-0.0211588075361954,0.0110569529089348,0.001));
#13817=CARTESIAN_POINT('',(-0.0211588075361954,0.0112335809962918,0.001));
#13818=CARTESIAN_POINT('',(-0.0213446624639367,0.0112335809962918,0.001));
#13819=CARTESIAN_POINT('',(-0.0213446624639367,0.0112335809962918,0.001));
#13820=CARTESIAN_POINT('',(-0.0213446624639367,0.0112335809962918,0.001));
#13821=CARTESIAN_POINT('',(-0.0216985776986782,0.0112335809962918,0.001));
#13822=CARTESIAN_POINT('',(-0.0216985776986782,0.0112335809962918,0.001));
#13823=CARTESIAN_POINT('',(-0.0220524929334197,0.0112335809962918,0.001));
#13824=CARTESIAN_POINT('',(-0.0220524929334197,0.0112335809962918,0.001));
#13825=CARTESIAN_POINT('',(-0.0220524929334197,0.0112335809962918,0.001));
#13826=CARTESIAN_POINT('',(-0.0220524929334197,0.0112335809962918,0.));
#13827=CARTESIAN_POINT('',(-0.022171123738361,0.0112335809962918,0.001));
#13828=CARTESIAN_POINT('',(-0.022171123738361,0.0112335809962918,0.));
#13829=CARTESIAN_POINT('',(-0.0222304391408317,0.0111747049671728,0.001));
#13830=CARTESIAN_POINT('',(-0.0222304391408317,0.0111747049671728,0.));
#13831=CARTESIAN_POINT('',(-0.0222304391408316,0.0110569529089348,0.001));
#13832=CARTESIAN_POINT('',(-0.0222304391408316,0.0110569529089348,0.));
#13833=CARTESIAN_POINT('',(-0.0220524929334197,0.0112335809962918,0.001));
#13834=CARTESIAN_POINT('',(-0.0222304391408316,0.0112335809962918,0.001));
#13835=CARTESIAN_POINT('',(-0.0222304391408316,0.0110569529089348,0.001));
#13836=CARTESIAN_POINT('',(-0.0222304391408316,0.0110569529089348,0.001));
#13837=CARTESIAN_POINT('',(-0.0222304391408316,0.0110569529089348,0.001));
#13838=CARTESIAN_POINT('',(-0.0222304391408316,0.00970719797271403,0.001));
#13839=CARTESIAN_POINT('',(-0.0222304391408316,0.00970719797271403,0.001));
#13840=CARTESIAN_POINT('',(-0.0222304391408316,0.00835744303649322,0.001));
#13841=CARTESIAN_POINT('',(-0.0222304391408316,0.00835744303649322,0.001));
#13842=CARTESIAN_POINT('',(-0.0222304391408316,0.00835744303649322,0.001));
#13843=CARTESIAN_POINT('',(-0.0222304391408316,0.00835744303649322,0.));
#13844=CARTESIAN_POINT('',(-0.0222304391408317,0.00817729996232313,0.001));
#13845=CARTESIAN_POINT('',(-0.0222304391408317,0.00817729996232313,0.));
#13846=CARTESIAN_POINT('',(-0.0222682252490722,0.00804922263032171,0.001));
#13847=CARTESIAN_POINT('',(-0.0222682252490722,0.00804922263032171,0.));
#13848=CARTESIAN_POINT('',(-0.0223437974655533,0.00797321104048896,0.001));
#13849=CARTESIAN_POINT('',(-0.0223437974655533,0.00797321104048896,0.));
#13850=CARTESIAN_POINT('',(-0.0222304391408316,0.00835744303649322,0.001));
#13851=CARTESIAN_POINT('',(-0.0222304391408316,0.00808722842523808,0.001));
#13852=CARTESIAN_POINT('',(-0.0223437974655533,0.00797321104048896,0.001));
#13853=CARTESIAN_POINT('',(-0.0223437974655533,0.00797321104048896,0.001));
#13854=CARTESIAN_POINT('',(-0.0223437974655533,0.00797321104048896,0.001));
#13855=CARTESIAN_POINT('',(-0.0223437974655533,0.00797321104048896,0.001));
#13856=CARTESIAN_POINT('',(-0.0223437974655533,0.00797321104048896,0.));
#13857=CARTESIAN_POINT('',(-0.0224193696820344,0.00789719945065621,0.001));
#13858=CARTESIAN_POINT('',(-0.0224193696820344,0.00789719945065621,0.));
#13859=CARTESIAN_POINT('',(-0.02254722732736,0.00785919365573984,0.001));
#13860=CARTESIAN_POINT('',(-0.02254722732736,0.00785919365573984,0.));
#13861=CARTESIAN_POINT('',(-0.0227273704015301,0.00785919365573984,0.001));
#13862=CARTESIAN_POINT('',(-0.0227273704015301,0.00785919365573984,0.));
#13863=CARTESIAN_POINT('',(-0.0223437974655533,0.00797321104048896,0.001));
#13864=CARTESIAN_POINT('',(-0.0224571557902749,0.00785919365573984,0.001));
#13865=CARTESIAN_POINT('',(-0.0227273704015301,0.00785919365573984,0.001));
#13866=CARTESIAN_POINT('',(-0.0227273704015301,0.00785919365573984,0.001));
#13867=CARTESIAN_POINT('',(-0.0227273704015301,0.00785919365573984,0.001));
#13868=CARTESIAN_POINT('',(-0.022858523346993,0.00785919365573984,0.001));
#13869=CARTESIAN_POINT('',(-0.022858523346993,0.00785919365573984,0.001));
#13870=CARTESIAN_POINT('',(-0.0229896762924558,0.00785919365573984,0.001));
#13871=CARTESIAN_POINT('',(-0.0229896762924558,0.00785919365573984,0.001));
#13872=CARTESIAN_POINT('',(-0.0229896762924558,0.00785919365573984,0.001));
#13873=CARTESIAN_POINT('',(-0.0229896762924558,0.00785919365573984,0.));
#13874=CARTESIAN_POINT('',(-0.0233772035885974,0.00785919365573984,0.001));
#13875=CARTESIAN_POINT('',(-0.0233772035885974,0.00785919365573984,0.));
#13876=CARTESIAN_POINT('',(-0.0235709672366681,0.00807272910463415,0.001));
#13877=CARTESIAN_POINT('',(-0.0235709672366681,0.00807272910463415,0.));
#13878=CARTESIAN_POINT('',(-0.0235709672366681,0.00849980000242276,0.001));
#13879=CARTESIAN_POINT('',(-0.0235709672366681,0.00849980000242276,0.));
#13880=CARTESIAN_POINT('',(-0.0229896762924558,0.00785919365573984,0.001));
#13881=CARTESIAN_POINT('',(-0.0235709672366681,0.00785919365573984,0.001));
#13882=CARTESIAN_POINT('',(-0.0235709672366681,0.00849980000242276,0.001));
#13883=CARTESIAN_POINT('',(-0.0235709672366681,0.00849980000242276,0.001));
#13884=CARTESIAN_POINT('',(-0.0235709672366681,0.00849980000242276,0.001));
#13885=CARTESIAN_POINT('',(-0.0235709672366681,0.0097783764556788,0.001));
#13886=CARTESIAN_POINT('',(-0.0235709672366681,0.0097783764556788,0.001));
#13887=CARTESIAN_POINT('',(0.00543415728104759,0.0101126253995156,0.001));
#13888=CARTESIAN_POINT('',(0.00311107797470849,0.0122966448205712,0.001));
#13889=CARTESIAN_POINT('',(0.00311107797470849,0.0122966448205712,0.));
#13890=CARTESIAN_POINT('',(0.00285228707059584,0.0125387395373218,0.001));
#13891=CARTESIAN_POINT('',(0.00285228707059584,0.0125387395373218,0.));
#13892=CARTESIAN_POINT('',(0.00250056870261252,0.012659786895697,0.001));
#13893=CARTESIAN_POINT('',(0.00250056870261252,0.012659786895697,0.));
#13894=CARTESIAN_POINT('',(0.00205592287075854,0.012659786895697,0.001));
#13895=CARTESIAN_POINT('',(0.00205592287075854,0.012659786895697,0.));
#13896=CARTESIAN_POINT('',(0.00311107797470849,0.0122966448205712,0.001));
#13897=CARTESIAN_POINT('',(0.00311107797470849,0.0122966448205712,0.001));
#13898=CARTESIAN_POINT('',(0.00311107797470849,0.0122966448205712,0.001));
#13899=CARTESIAN_POINT('',(0.00272289161853952,0.012659786895697,0.001));
#13900=CARTESIAN_POINT('',(0.00205592287075854,0.012659786895697,0.001));
#13901=CARTESIAN_POINT('',(0.00205592287075854,0.012659786895697,0.001));
#13902=CARTESIAN_POINT('',(0.00205592287075854,0.012659786895697,0.001));
#13903=CARTESIAN_POINT('',(0.00178636731953085,0.012659786895697,0.001));
#13904=CARTESIAN_POINT('',(0.00178636731953085,0.012659786895697,0.001));
#13905=CARTESIAN_POINT('',(0.00151681176830316,0.012659786895697,0.001));
#13906=CARTESIAN_POINT('',(0.00151681176830316,0.012659786895697,0.001));
#13907=CARTESIAN_POINT('',(0.00151681176830316,0.012659786895697,0.001));
#13908=CARTESIAN_POINT('',(0.00151681176830316,0.012659786895697,0.));
#13909=CARTESIAN_POINT('',(0.00140433219028475,0.012659786895697,0.001));
#13910=CARTESIAN_POINT('',(0.00140433219028475,0.012659786895697,0.));
#13911=CARTESIAN_POINT('',(0.00134809240127555,0.0125978352531166,0.001));
#13912=CARTESIAN_POINT('',(0.00134809240127555,0.0125978352531166,0.));
#13913=CARTESIAN_POINT('',(0.00134809240127555,0.0124739319679557,0.001));
#13914=CARTESIAN_POINT('',(0.00134809240127555,0.0124739319679557,0.));
#13915=CARTESIAN_POINT('',(0.00151681176830316,0.012659786895697,0.001));
#13916=CARTESIAN_POINT('',(0.00134809240127555,0.012659786895697,0.001));
#13917=CARTESIAN_POINT('',(0.00134809240127555,0.0124739319679557,0.001));
#13918=CARTESIAN_POINT('',(0.00134809240127555,0.0124739319679557,0.001));
#13919=CARTESIAN_POINT('',(0.00134809240127555,0.0124739319679557,0.001));
#13920=CARTESIAN_POINT('',(0.00134809240127555,0.012191195216179,0.001));
#13921=CARTESIAN_POINT('',(0.00134809240127555,0.012191195216179,0.001));
#13922=CARTESIAN_POINT('',(0.00134809240127555,0.0119084584644023,0.001));
#13923=CARTESIAN_POINT('',(0.00134809240127555,0.0119084584644023,0.001));
#13924=CARTESIAN_POINT('',(0.00134809240127555,0.0119084584644023,0.001));
#13925=CARTESIAN_POINT('',(0.00134809240127555,0.0119084584644023,0.));
#13926=CARTESIAN_POINT('',(0.00134809240127555,0.0117845551792414,0.001));
#13927=CARTESIAN_POINT('',(0.00134809240127555,0.0117845551792414,0.));
#13928=CARTESIAN_POINT('',(0.00140433219028475,0.0117226035366609,0.001));
#13929=CARTESIAN_POINT('',(0.00140433219028475,0.0117226035366609,0.));
#13930=CARTESIAN_POINT('',(0.00151681176830316,0.0117226035366609,0.001));
#13931=CARTESIAN_POINT('',(0.00151681176830316,0.0117226035366609,0.));
#13932=CARTESIAN_POINT('',(0.00134809240127555,0.0119084584644023,0.001));
#13933=CARTESIAN_POINT('',(0.00134809240127555,0.0117226035366609,0.001));
#13934=CARTESIAN_POINT('',(0.00151681176830316,0.0117226035366609,0.001));
#13935=CARTESIAN_POINT('',(0.00151681176830316,0.0117226035366609,0.001));
#13936=CARTESIAN_POINT('',(0.00151681176830316,0.0117226035366609,0.001));
#13937=CARTESIAN_POINT('',(0.00160512581198167,0.0117226035366609,0.001));
#13938=CARTESIAN_POINT('',(0.00160512581198167,0.0117226035366609,0.001));
#13939=CARTESIAN_POINT('',(0.00169343985566018,0.0117226035366609,0.001));
#13940=CARTESIAN_POINT('',(0.00169343985566018,0.0117226035366609,0.001));
#13941=CARTESIAN_POINT('',(0.00169343985566018,0.0117226035366609,0.001));
#13942=CARTESIAN_POINT('',(0.00169343985566018,0.0117226035366609,0.));
#13943=CARTESIAN_POINT('',(0.00204757477707748,0.0117226035366609,0.001));
#13944=CARTESIAN_POINT('',(0.00204757477707748,0.0117226035366609,0.));
#13945=CARTESIAN_POINT('',(0.00228791200042148,0.0116733937212779,0.001));
#13946=CARTESIAN_POINT('',(0.00228791200042148,0.0116733937212779,0.));
#13947=CARTESIAN_POINT('',(0.00241445152569218,0.0115749740905118,0.001));
#13948=CARTESIAN_POINT('',(0.00241445152569218,0.0115749740905118,0.));
#13949=CARTESIAN_POINT('',(0.00169343985566018,0.0117226035366609,0.001));
#13950=CARTESIAN_POINT('',(0.00222464223778614,0.0117226035366609,0.001));
#13951=CARTESIAN_POINT('',(0.00241445152569218,0.0115749740905118,0.001));
#13952=CARTESIAN_POINT('',(0.00241445152569218,0.0115749740905118,0.001));
#13953=CARTESIAN_POINT('',(0.00241445152569218,0.0115749740905118,0.001));
#13954=CARTESIAN_POINT('',(0.00241445152569218,0.0115749740905118,0.001));
#13955=CARTESIAN_POINT('',(0.00241445152569218,0.0115749740905118,0.));
#13956=CARTESIAN_POINT('',(0.00254099105096288,0.0114765544597457,0.001));
#13957=CARTESIAN_POINT('',(0.00254099105096288,0.0114765544597457,0.));
#13958=CARTESIAN_POINT('',(0.00263809256167408,0.0112867451718396,0.001));
#13959=CARTESIAN_POINT('',(0.00263809256167408,0.0112867451718396,0.));
#13960=CARTESIAN_POINT('',(0.00270575605782578,0.0110055462267936,0.001));
#13961=CARTESIAN_POINT('',(0.00270575605782578,0.0110055462267936,0.));
#13962=CARTESIAN_POINT('',(0.00241445152569218,0.0115749740905118,0.001));
#13963=CARTESIAN_POINT('',(0.00260426081359823,0.0114273446443626,0.001));
#13964=CARTESIAN_POINT('',(0.00270575605782578,0.0110055462267936,0.001));
#13965=CARTESIAN_POINT('',(0.00270575605782578,0.0110055462267936,0.001));
#13966=CARTESIAN_POINT('',(0.00270575605782578,0.0110055462267936,0.001));
#13967=CARTESIAN_POINT('',(0.00248233470851969,0.0110055462267936,0.001));
#13968=CARTESIAN_POINT('',(0.00248233470851969,0.0110055462267936,0.001));
#13969=CARTESIAN_POINT('',(0.00225891335921361,0.0110055462267936,0.001));
#13970=CARTESIAN_POINT('',(0.00225891335921361,0.0110055462267936,0.001));
#13971=CARTESIAN_POINT('',(0.00225891335921361,0.0110055462267936,0.001));
#13972=CARTESIAN_POINT('',(0.00225891335921361,0.0110055462267936,0.));
#13973=CARTESIAN_POINT('',(0.00215170626141483,0.0110055462267936,0.001));
#13974=CARTESIAN_POINT('',(0.00215170626141483,0.0110055462267936,0.));
#13975=CARTESIAN_POINT('',(0.00208140652515333,0.0109466701976746,0.001));
#13976=CARTESIAN_POINT('',(0.00208140652515333,0.0109466701976746,0.));
#13977=CARTESIAN_POINT('',(0.00204801415042912,0.0108289181394366,0.001));
#13978=CARTESIAN_POINT('',(0.00204801415042912,0.0108289181394366,0.));
#13979=CARTESIAN_POINT('',(0.00225891335921361,0.0110055462267936,0.001));
#13980=CARTESIAN_POINT('',(0.00209810271251543,0.0110055462267936,0.001));
#13981=CARTESIAN_POINT('',(0.00204801415042912,0.0108289181394366,0.001));
#13982=CARTESIAN_POINT('',(0.00204801415042912,0.0108289181394366,0.001));
#13983=CARTESIAN_POINT('',(0.00204801415042912,0.0108289181394366,0.001));
#13984=CARTESIAN_POINT('',(0.00155437818986789,0.00896839168194083,0.001));
#13985=CARTESIAN_POINT('',(0.00155437818986789,0.00896839168194083,0.001));
#13986=CARTESIAN_POINT('',(0.00106074222930667,0.00710786522444506,0.001));
#13987=CARTESIAN_POINT('',(0.00106074222930667,0.00710786522444506,0.001));
#13988=CARTESIAN_POINT('',(0.00106074222930667,0.00710786522444506,0.001));
#13989=CARTESIAN_POINT('',(0.00106074222930667,0.00710786522444506,0.));
#13990=CARTESIAN_POINT('',(0.00102734985458246,0.00699011316620705,0.001));
#13991=CARTESIAN_POINT('',(0.00102734985458246,0.00699011316620705,0.));
#13992=CARTESIAN_POINT('',(0.00106952969633936,0.00693123713708804,0.001));
#13993=CARTESIAN_POINT('',(0.00106952969633936,0.00693123713708804,0.));
#13994=CARTESIAN_POINT('',(0.00118728175457737,0.00693123713708804,0.001));
#13995=CARTESIAN_POINT('',(0.00118728175457737,0.00693123713708804,0.));
#13996=CARTESIAN_POINT('',(0.00106074222930667,0.00710786522444506,0.001));
#13997=CARTESIAN_POINT('',(0.00101065366722035,0.00693123713708804,0.001));
#13998=CARTESIAN_POINT('',(0.00118728175457737,0.00693123713708804,0.001));
#13999=CARTESIAN_POINT('',(0.00118728175457737,0.00693123713708804,0.001));
#14000=CARTESIAN_POINT('',(0.00118728175457737,0.00693123713708804,0.001));
#14001=CARTESIAN_POINT('',(0.00156294597022477,0.00693123713708804,0.001));
#14002=CARTESIAN_POINT('',(0.00156294597022477,0.00693123713708804,0.001));
#14003=CARTESIAN_POINT('',(0.00193861018587216,0.00693123713708804,0.001));
#14004=CARTESIAN_POINT('',(0.00193861018587216,0.00693123713708804,0.001));
#14005=CARTESIAN_POINT('',(0.00193861018587216,0.00693123713708804,0.001));
#14006=CARTESIAN_POINT('',(0.00193861018587216,0.00693123713708804,0.));
#14007=CARTESIAN_POINT('',(0.00205108976389056,0.00693123713708804,0.001));
#14008=CARTESIAN_POINT('',(0.00205108976389056,0.00693123713708804,0.));
#14009=CARTESIAN_POINT('',(0.00212138950015206,0.00699011316620705,0.001));
#14010=CARTESIAN_POINT('',(0.00212138950015206,0.00699011316620705,0.));
#14011=CARTESIAN_POINT('',(0.00214950939465665,0.00710786522444506,0.001));
#14012=CARTESIAN_POINT('',(0.00214950939465665,0.00710786522444506,0.));
#14013=CARTESIAN_POINT('',(0.00193861018587216,0.00693123713708804,0.001));
#14014=CARTESIAN_POINT('',(0.00210732955289976,0.00693123713708804,0.001));
#14015=CARTESIAN_POINT('',(0.00214950939465665,0.00710786522444506,0.001));
#14016=CARTESIAN_POINT('',(0.00214950939465665,0.00710786522444506,0.001));
#14017=CARTESIAN_POINT('',(0.00214950939465665,0.00710786522444506,0.001));
#14018=CARTESIAN_POINT('',(0.00251199240975501,0.00866456500928566,0.001));
#14019=CARTESIAN_POINT('',(0.00251199240975501,0.00866456500928566,0.001));
#14020=CARTESIAN_POINT('',(0.00287447542485338,0.0102212647941262,0.001));
#14021=CARTESIAN_POINT('',(0.00287447542485338,0.0102212647941262,0.001));
#14022=CARTESIAN_POINT('',(0.00289161098556712,0.0102212647941262,0.001));
#14023=CARTESIAN_POINT('',(0.00289161098556712,0.0102212647941262,0.001));
#14024=CARTESIAN_POINT('',(0.00290874654628086,0.0102212647941262,0.001));
#14025=CARTESIAN_POINT('',(0.00290874654628086,0.0102212647941262,0.001));
#14026=CARTESIAN_POINT('',(0.00326727520121451,0.00866456500928566,0.001));
#14027=CARTESIAN_POINT('',(0.00326727520121451,0.00866456500928566,0.001));
#14028=CARTESIAN_POINT('',(0.00362580385614816,0.00710786522444506,0.001));
#14029=CARTESIAN_POINT('',(0.00362580385614816,0.00710786522444506,0.001));
#14030=CARTESIAN_POINT('',(0.00362580385614816,0.00710786522444506,0.001));
#14031=CARTESIAN_POINT('',(0.00362580385614816,0.00710786522444506,0.));
#14032=CARTESIAN_POINT('',(0.00364777252372988,0.00699011316620705,0.001));
#14033=CARTESIAN_POINT('',(0.00364777252372988,0.00699011316620705,0.));
#14034=CARTESIAN_POINT('',(0.00371807225999138,0.00693123713708804,0.001));
#14035=CARTESIAN_POINT('',(0.00371807225999138,0.00693123713708804,0.));
#14036=CARTESIAN_POINT('',(0.00383670306493266,0.00693123713708804,0.001));
#14037=CARTESIAN_POINT('',(0.00383670306493266,0.00693123713708804,0.));
#14038=CARTESIAN_POINT('',(0.00362580385614816,0.00710786522444506,0.001));
#14039=CARTESIAN_POINT('',(0.00365875685752074,0.00693123713708804,0.001));
#14040=CARTESIAN_POINT('',(0.00383670306493266,0.00693123713708804,0.001));
#14041=CARTESIAN_POINT('',(0.00383670306493266,0.00693123713708804,0.001));
#14042=CARTESIAN_POINT('',(0.00383670306493266,0.00693123713708804,0.001));
#14043=CARTESIAN_POINT('',(0.00419061829967415,0.00693123713708804,0.001));
#14044=CARTESIAN_POINT('',(0.00419061829967415,0.00693123713708804,0.001));
#14045=CARTESIAN_POINT('',(0.00454453353441564,0.00693123713708804,0.001));
#14046=CARTESIAN_POINT('',(0.00454453353441564,0.00693123713708804,0.001));
#14047=CARTESIAN_POINT('',(0.00454453353441564,0.00693123713708804,0.001));
#14048=CARTESIAN_POINT('',(0.00454453353441564,0.00693123713708804,0.));
#14049=CARTESIAN_POINT('',(0.00468513300693864,0.00693123713708804,0.001));
#14050=CARTESIAN_POINT('',(0.00468513300693864,0.00693123713708804,0.));
#14051=CARTESIAN_POINT('',(0.00474137279594784,0.00699318877966849,0.001));
#14052=CARTESIAN_POINT('',(0.00474137279594784,0.00699318877966849,0.));
#14053=CARTESIAN_POINT('',(0.00471325290144324,0.00711709206482938,0.001));
#14054=CARTESIAN_POINT('',(0.00471325290144324,0.00711709206482938,0.));
#14055=CARTESIAN_POINT('',(0.00454453353441564,0.00693123713708804,0.001));
#14056=CARTESIAN_POINT('',(0.00475543274320014,0.00693123713708804,0.001));
#14057=CARTESIAN_POINT('',(0.00471325290144324,0.00711709206482938,0.001));
#14058=CARTESIAN_POINT('',(0.00471325290144324,0.00711709206482938,0.001));
#14059=CARTESIAN_POINT('',(0.00471325290144324,0.00711709206482938,0.001));
#14060=CARTESIAN_POINT('',(0.00419852702000357,0.00917533653056062,0.001));
#14061=CARTESIAN_POINT('',(0.00419852702000357,0.00917533653056062,0.001));
#14062=CARTESIAN_POINT('',(0.00368380113856389,0.0112335809962918,0.001));
#14063=CARTESIAN_POINT('',(0.00368380113856389,0.0112335809962918,0.001));
#14064=CARTESIAN_POINT('',(0.00368380113856389,0.0112335809962918,0.001));
#14065=CARTESIAN_POINT('',(0.00368380113856389,0.0112335809962918,0.));
#14066=CARTESIAN_POINT('',(0.00356077660010627,0.0117001954957276,0.001));
#14067=CARTESIAN_POINT('',(0.00356077660010627,0.0117001954957276,0.));
#14068=CARTESIAN_POINT('',(0.00336986887882114,0.0120545501038207,0.001));
#14069=CARTESIAN_POINT('',(0.00336986887882114,0.0120545501038207,0.));
#14070=CARTESIAN_POINT('',(0.00311107797470849,0.0122966448205712,0.001));
#14071=CARTESIAN_POINT('',(0.00311107797470849,0.0122966448205712,0.));
#14072=CARTESIAN_POINT('',(0.00368380113856389,0.0112335809962918,0.001));
#14073=CARTESIAN_POINT('',(0.00349926433087746,0.0119335027454454,0.001));
#14074=CARTESIAN_POINT('',(0.00311107797470849,0.0122966448205712,0.001));
#14075=CARTESIAN_POINT('',(0.00543415728104759,0.0101126253995156,0.001));
#14076=CARTESIAN_POINT('',(0.0143803453841028,0.0110569529089348,0.001));
#14077=CARTESIAN_POINT('',(0.0143803453841028,0.0110569529089348,0.));
#14078=CARTESIAN_POINT('',(0.0143522254895982,0.0111747049671728,0.001));
#14079=CARTESIAN_POINT('',(0.0143522254895982,0.0111747049671728,0.));
#14080=CARTESIAN_POINT('',(0.0142850013667981,0.0112335809962918,0.001));
#14081=CARTESIAN_POINT('',(0.0142850013667981,0.0112335809962918,0.));
#14082=CARTESIAN_POINT('',(0.0141786730157026,0.0112335809962918,0.001));
#14083=CARTESIAN_POINT('',(0.0141786730157026,0.0112335809962918,0.));
#14084=CARTESIAN_POINT('',(0.0143803453841028,0.0110569529089348,0.001));
#14085=CARTESIAN_POINT('',(0.0143803453841028,0.0110569529089348,0.001));
#14086=CARTESIAN_POINT('',(0.0143803453841028,0.0110569529089348,0.001));
#14087=CARTESIAN_POINT('',(0.0143381655423459,0.0112335809962918,0.001));
#14088=CARTESIAN_POINT('',(0.0141786730157026,0.0112335809962918,0.001));
#14089=CARTESIAN_POINT('',(0.0141786730157026,0.0112335809962918,0.001));
#14090=CARTESIAN_POINT('',(0.0141786730157026,0.0112335809962918,0.001));
#14091=CARTESIAN_POINT('',(0.0136257216526707,0.0112335809962918,0.001));
#14092=CARTESIAN_POINT('',(0.0136257216526707,0.0112335809962918,0.001));
#14093=CARTESIAN_POINT('',(0.0130727702896389,0.0112335809962918,0.001));
#14094=CARTESIAN_POINT('',(0.0130727702896389,0.0112335809962918,0.001));
#14095=CARTESIAN_POINT('',(0.0130727702896389,0.0112335809962918,0.001));
#14096=CARTESIAN_POINT('',(0.0130727702896389,0.0112335809962918,0.));
#14097=CARTESIAN_POINT('',(0.0129550182314009,0.0112335809962918,0.001));
#14098=CARTESIAN_POINT('',(0.0129550182314009,0.0112335809962918,0.));
#14099=CARTESIAN_POINT('',(0.0128847184951394,0.0111747049671728,0.001));
#14100=CARTESIAN_POINT('',(0.0128847184951394,0.0111747049671728,0.));
#14101=CARTESIAN_POINT('',(0.0128618710808544,0.0110569529089348,0.001));
#14102=CARTESIAN_POINT('',(0.0128618710808544,0.0110569529089348,0.));
#14103=CARTESIAN_POINT('',(0.0130727702896389,0.0112335809962918,0.001));
#14104=CARTESIAN_POINT('',(0.0128961422022819,0.0112335809962918,0.001));
#14105=CARTESIAN_POINT('',(0.0128618710808544,0.0110569529089348,0.001));
#14106=CARTESIAN_POINT('',(0.0128618710808544,0.0110569529089348,0.001));
#14107=CARTESIAN_POINT('',(0.0128618710808544,0.0110569529089348,0.001));
#14108=CARTESIAN_POINT('',(0.0122080835336224,0.00853011676368553,0.001));
#14109=CARTESIAN_POINT('',(0.0122080835336224,0.00853011676368553,0.001));
#14110=CARTESIAN_POINT('',(0.0115542959863905,0.00600328061843624,0.001));
#14111=CARTESIAN_POINT('',(0.0115542959863905,0.00600328061843624,0.001));
#14112=CARTESIAN_POINT('',(0.0115542959863905,0.00600328061843624,0.001));
#14113=CARTESIAN_POINT('',(0.0115542959863905,0.00600328061843624,0.));
#14114=CARTESIAN_POINT('',(0.0115156311314467,0.00587410485305573,0.001));
#14115=CARTESIAN_POINT('',(0.0115156311314467,0.00587410485305573,0.));
#14116=CARTESIAN_POINT('',(0.0115718709204559,0.00580951697036548,0.001));
#14117=CARTESIAN_POINT('',(0.0115718709204559,0.00580951697036548,0.));
#14118=CARTESIAN_POINT('',(0.0117230153534181,0.00580951697036548,0.001));
#14119=CARTESIAN_POINT('',(0.0117230153534181,0.00580951697036548,0.));
#14120=CARTESIAN_POINT('',(0.0115542959863905,0.00600328061843624,0.001));
#14121=CARTESIAN_POINT('',(0.0114962987039747,0.00580951697036548,0.001));
#14122=CARTESIAN_POINT('',(0.0117230153534181,0.00580951697036548,0.001));
#14123=CARTESIAN_POINT('',(0.0117230153534181,0.00580951697036548,0.001));
#14124=CARTESIAN_POINT('',(0.0117230153534181,0.00580951697036548,0.001));
#14125=CARTESIAN_POINT('',(0.0121197694899439,0.00580951697036548,0.001));
#14126=CARTESIAN_POINT('',(0.0121197694899439,0.00580951697036548,0.001));
#14127=CARTESIAN_POINT('',(0.0125165236264698,0.00580951697036548,0.001));
#14128=CARTESIAN_POINT('',(0.0125165236264698,0.00580951697036548,0.001));
#14129=CARTESIAN_POINT('',(0.0125165236264698,0.00580951697036548,0.001));
#14130=CARTESIAN_POINT('',(0.0125165236264698,0.00580951697036548,0.));
#14131=CARTESIAN_POINT('',(0.0126290032044882,0.00580951697036548,0.001));
#14132=CARTESIAN_POINT('',(0.0126290032044882,0.00580951697036548,0.));
#14133=CARTESIAN_POINT('',(0.0126966667006399,0.00586839299948449,0.001));
#14134=CARTESIAN_POINT('',(0.0126966667006399,0.00586839299948449,0.));
#14135=CARTESIAN_POINT('',(0.0127195141149248,0.0059861450577225,0.001));
#14136=CARTESIAN_POINT('',(0.0127195141149248,0.0059861450577225,0.));
#14137=CARTESIAN_POINT('',(0.0125165236264698,0.00580951697036548,0.001));
#14138=CARTESIAN_POINT('',(0.0126852429934974,0.00580951697036548,0.001));
#14139=CARTESIAN_POINT('',(0.0127195141149248,0.0059861450577225,0.001));
#14140=CARTESIAN_POINT('',(0.0127195141149248,0.0059861450577225,0.001));
#14141=CARTESIAN_POINT('',(0.0127195141149248,0.0059861450577225,0.001));
#14142=CARTESIAN_POINT('',(0.0131624024533723,0.00806152508416747,0.001));
#14143=CARTESIAN_POINT('',(0.0131624024533723,0.00806152508416747,0.001));
#14144=CARTESIAN_POINT('',(0.0136052907918197,0.0101369051106124,0.001));
#14145=CARTESIAN_POINT('',(0.0136052907918197,0.0101369051106124,0.001));
#14146=CARTESIAN_POINT('',(0.013621767292506,0.0101369051106124,0.001));
#14147=CARTESIAN_POINT('',(0.013621767292506,0.0101369051106124,0.001));
#14148=CARTESIAN_POINT('',(0.0136382437931923,0.0101369051106124,0.001));
#14149=CARTESIAN_POINT('',(0.0136382437931923,0.0101369051106124,0.001));
#14150=CARTESIAN_POINT('',(0.0140811321316398,0.00806152508416747,0.001));
#14151=CARTESIAN_POINT('',(0.0140811321316398,0.00806152508416747,0.001));
#14152=CARTESIAN_POINT('',(0.0145240204700872,0.0059861450577225,0.001));
#14153=CARTESIAN_POINT('',(0.0145240204700872,0.0059861450577225,0.001));
#14154=CARTESIAN_POINT('',(0.0145240204700872,0.0059861450577225,0.001));
#14155=CARTESIAN_POINT('',(0.0145240204700872,0.0059861450577225,0.));
#14156=CARTESIAN_POINT('',(0.0145468678843722,0.00586839299948449,0.001));
#14157=CARTESIAN_POINT('',(0.0145468678843722,0.00586839299948449,0.));
#14158=CARTESIAN_POINT('',(0.0146145313805239,0.00580951697036548,0.001));
#14159=CARTESIAN_POINT('',(0.0146145313805239,0.00580951697036548,0.));
#14160=CARTESIAN_POINT('',(0.0147270109585423,0.00580951697036548,0.001));
#14161=CARTESIAN_POINT('',(0.0147270109585423,0.00580951697036548,0.));
#14162=CARTESIAN_POINT('',(0.0145240204700872,0.0059861450577225,0.001));
#14163=CARTESIAN_POINT('',(0.0145582915915147,0.00580951697036548,0.001));
#14164=CARTESIAN_POINT('',(0.0147270109585423,0.00580951697036548,0.001));
#14165=CARTESIAN_POINT('',(0.0147270109585423,0.00580951697036548,0.001));
#14166=CARTESIAN_POINT('',(0.0147270109585423,0.00580951697036548,0.001));
#14167=CARTESIAN_POINT('',(0.0151231060350407,0.00580951697036548,0.001));
#14168=CARTESIAN_POINT('',(0.0151231060350407,0.00580951697036548,0.001));
#14169=CARTESIAN_POINT('',(0.0155192011115391,0.00580951697036548,0.001));
#14170=CARTESIAN_POINT('',(0.0155192011115391,0.00580951697036548,0.001));
#14171=CARTESIAN_POINT('',(0.0155192011115391,0.00580951697036548,0.001));
#14172=CARTESIAN_POINT('',(0.0155192011115391,0.00580951697036548,0.));
#14173=CARTESIAN_POINT('',(0.0156598005840621,0.00580951697036548,0.001));
#14174=CARTESIAN_POINT('',(0.0156598005840621,0.00580951697036548,0.));
#14175=CARTESIAN_POINT('',(0.0157160403730713,0.00587410485305573,0.001));
#14176=CARTESIAN_POINT('',(0.0157160403730713,0.00587410485305573,0.));
#14177=CARTESIAN_POINT('',(0.0156879204785667,0.00600328061843624,0.001));
#14178=CARTESIAN_POINT('',(0.0156879204785667,0.00600328061843624,0.));
#14179=CARTESIAN_POINT('',(0.0155192011115391,0.00580951697036548,0.001));
#14180=CARTESIAN_POINT('',(0.0157301003203236,0.00580951697036548,0.001));
#14181=CARTESIAN_POINT('',(0.0156879204785667,0.00600328061843624,0.001));
#14182=CARTESIAN_POINT('',(0.0156879204785667,0.00600328061843624,0.001));
#14183=CARTESIAN_POINT('',(0.0156879204785667,0.00600328061843624,0.001));
#14184=CARTESIAN_POINT('',(0.0150341329313347,0.00853011676368554,0.001));
#14185=CARTESIAN_POINT('',(0.0150341329313347,0.00853011676368554,0.001));
#14186=CARTESIAN_POINT('',(0.00543415728104759,0.0101126253995156,0.001));
#14187=CARTESIAN_POINT('',(0.0172986631856583,0.00580951697036548,0.001));
#14188=CARTESIAN_POINT('',(0.0172986631856583,0.00580951697036548,0.));
#14189=CARTESIAN_POINT('',(0.0174172939905996,0.00580951697036548,0.001));
#14190=CARTESIAN_POINT('',(0.0174172939905996,0.00580951697036548,0.));
#14191=CARTESIAN_POINT('',(0.0174766093930703,0.00586839299948449,0.001));
#14192=CARTESIAN_POINT('',(0.0174766093930703,0.00586839299948449,0.));
#14193=CARTESIAN_POINT('',(0.0174766093930703,0.0059861450577225,0.001));
#14194=CARTESIAN_POINT('',(0.0174766093930703,0.0059861450577225,0.));
#14195=CARTESIAN_POINT('',(0.0172986631856583,0.00580951697036548,0.001));
#14196=CARTESIAN_POINT('',(0.0172986631856583,0.00580951697036548,0.001));
#14197=CARTESIAN_POINT('',(0.0172986631856583,0.00580951697036548,0.001));
#14198=CARTESIAN_POINT('',(0.0174766093930703,0.00580951697036548,0.001));
#14199=CARTESIAN_POINT('',(0.0174766093930703,0.0059861450577225,0.001));
#14200=CARTESIAN_POINT('',(0.0174766093930703,0.0059861450577225,0.001));
#14201=CARTESIAN_POINT('',(0.0174766093930703,0.0059861450577225,0.001));
#14202=CARTESIAN_POINT('',(0.0174766093930703,0.00852154898332867,0.001));
#14203=CARTESIAN_POINT('',(0.0174766093930703,0.00852154898332867,0.001));
#14204=CARTESIAN_POINT('',(0.0174766093930703,0.0110569529089348,0.001));
#14205=CARTESIAN_POINT('',(0.0174766093930703,0.0110569529089348,0.001));
#14206=CARTESIAN_POINT('',(0.0174766093930703,0.0110569529089348,0.001));
#14207=CARTESIAN_POINT('',(0.0174766093930703,0.0110569529089348,0.));
#14208=CARTESIAN_POINT('',(0.0174766093930703,0.0111747049671728,0.001));
#14209=CARTESIAN_POINT('',(0.0174766093930703,0.0111747049671728,0.));
#14210=CARTESIAN_POINT('',(0.0174172939905996,0.0112335809962918,0.001));
#14211=CARTESIAN_POINT('',(0.0174172939905996,0.0112335809962918,0.));
#14212=CARTESIAN_POINT('',(0.0172986631856583,0.0112335809962918,0.001));
#14213=CARTESIAN_POINT('',(0.0172986631856583,0.0112335809962918,0.));
#14214=CARTESIAN_POINT('',(0.0174766093930703,0.0110569529089348,0.001));
#14215=CARTESIAN_POINT('',(0.0174766093930703,0.0112335809962918,0.001));
#14216=CARTESIAN_POINT('',(0.0172986631856583,0.0112335809962918,0.001));
#14217=CARTESIAN_POINT('',(0.0172986631856583,0.0112335809962918,0.001));
#14218=CARTESIAN_POINT('',(0.0172986631856583,0.0112335809962918,0.001));
#14219=CARTESIAN_POINT('',(0.0169401345307247,0.0112335809962918,0.001));
#14220=CARTESIAN_POINT('',(0.0169401345307247,0.0112335809962918,0.001));
#14221=CARTESIAN_POINT('',(0.016581605875791,0.0112335809962918,0.001));
#14222=CARTESIAN_POINT('',(0.016581605875791,0.0112335809962918,0.001));
#14223=CARTESIAN_POINT('',(0.016581605875791,0.0112335809962918,0.001));
#14224=CARTESIAN_POINT('',(0.016581605875791,0.0112335809962918,0.));
#14225=CARTESIAN_POINT('',(0.016463853817553,0.0112335809962918,0.001));
#14226=CARTESIAN_POINT('',(0.016463853817553,0.0112335809962918,0.));
#14227=CARTESIAN_POINT('',(0.016404977788434,0.0111747049671728,0.001));
#14228=CARTESIAN_POINT('',(0.016404977788434,0.0111747049671728,0.));
#14229=CARTESIAN_POINT('',(0.016404977788434,0.0110569529089348,0.001));
#14230=CARTESIAN_POINT('',(0.016404977788434,0.0110569529089348,0.));
#14231=CARTESIAN_POINT('',(0.016581605875791,0.0112335809962918,0.001));
#14232=CARTESIAN_POINT('',(0.016404977788434,0.0112335809962918,0.001));
#14233=CARTESIAN_POINT('',(0.016404977788434,0.0110569529089348,0.001));
#14234=CARTESIAN_POINT('',(0.016404977788434,0.0110569529089348,0.001));
#14235=CARTESIAN_POINT('',(0.016404977788434,0.0110569529089348,0.001));
#14236=CARTESIAN_POINT('',(0.016404977788434,0.00852154898332867,0.001));
#14237=CARTESIAN_POINT('',(0.016404977788434,0.00852154898332867,0.001));
#14238=CARTESIAN_POINT('',(0.016404977788434,0.0059861450577225,0.001));
#14239=CARTESIAN_POINT('',(0.016404977788434,0.0059861450577225,0.001));
#14240=CARTESIAN_POINT('',(0.016404977788434,0.0059861450577225,0.001));
#14241=CARTESIAN_POINT('',(0.016404977788434,0.0059861450577225,0.));
#14242=CARTESIAN_POINT('',(0.016404977788434,0.00586839299948449,0.001));
#14243=CARTESIAN_POINT('',(0.016404977788434,0.00586839299948449,0.));
#14244=CARTESIAN_POINT('',(0.016463853817553,0.00580951697036548,0.001));
#14245=CARTESIAN_POINT('',(0.016463853817553,0.00580951697036548,0.));
#14246=CARTESIAN_POINT('',(0.016581605875791,0.00580951697036548,0.001));
#14247=CARTESIAN_POINT('',(0.016581605875791,0.00580951697036548,0.));
#14248=CARTESIAN_POINT('',(0.016404977788434,0.0059861450577225,0.001));
#14249=CARTESIAN_POINT('',(0.016404977788434,0.00580951697036548,0.001));
#14250=CARTESIAN_POINT('',(0.016581605875791,0.00580951697036548,0.001));
#14251=CARTESIAN_POINT('',(0.016581605875791,0.00580951697036548,0.001));
#14252=CARTESIAN_POINT('',(0.016581605875791,0.00580951697036548,0.001));
#14253=CARTESIAN_POINT('',(0.0169401345307247,0.00580951697036548,0.001));
#14254=CARTESIAN_POINT('',(0.0169401345307247,0.00580951697036548,0.001));
#14255=CARTESIAN_POINT('',(0.00543415728104759,0.0101126253995156,0.001));
#14256=CARTESIAN_POINT('',(0.0196870967251428,0.0110569529089348,0.001));
#14257=CARTESIAN_POINT('',(0.0196870967251428,0.0110569529089348,0.));
#14258=CARTESIAN_POINT('',(0.0196870967251428,0.0111747049671728,0.001));
#14259=CARTESIAN_POINT('',(0.0196870967251428,0.0111747049671728,0.));
#14260=CARTESIAN_POINT('',(0.0196277813226721,0.0112335809962918,0.001));
#14261=CARTESIAN_POINT('',(0.0196277813226721,0.0112335809962918,0.));
#14262=CARTESIAN_POINT('',(0.0195091505177309,0.0112335809962918,0.001));
#14263=CARTESIAN_POINT('',(0.0195091505177309,0.0112335809962918,0.));
#14264=CARTESIAN_POINT('',(0.0196870967251428,0.0110569529089348,0.001));
#14265=CARTESIAN_POINT('',(0.0196870967251428,0.0110569529089348,0.001));
#14266=CARTESIAN_POINT('',(0.0196870967251428,0.0110569529089348,0.001));
#14267=CARTESIAN_POINT('',(0.0196870967251428,0.0112335809962918,0.001));
#14268=CARTESIAN_POINT('',(0.0195091505177309,0.0112335809962918,0.001));
#14269=CARTESIAN_POINT('',(0.0195091505177309,0.0112335809962918,0.001));
#14270=CARTESIAN_POINT('',(0.0195091505177309,0.0112335809962918,0.001));
#14271=CARTESIAN_POINT('',(0.0191506218627972,0.0112335809962918,0.001));
#14272=CARTESIAN_POINT('',(0.0191506218627972,0.0112335809962918,0.001));
#14273=CARTESIAN_POINT('',(0.0187920932078635,0.0112335809962918,0.001));
#14274=CARTESIAN_POINT('',(0.0187920932078635,0.0112335809962918,0.001));
#14275=CARTESIAN_POINT('',(0.0187920932078635,0.0112335809962918,0.001));
#14276=CARTESIAN_POINT('',(0.0187920932078635,0.0112335809962918,0.));
#14277=CARTESIAN_POINT('',(0.0186743411496255,0.0112335809962918,0.001));
#14278=CARTESIAN_POINT('',(0.0186743411496255,0.0112335809962918,0.));
#14279=CARTESIAN_POINT('',(0.0186154651205066,0.0111747049671728,0.001));
#14280=CARTESIAN_POINT('',(0.0186154651205066,0.0111747049671728,0.));
#14281=CARTESIAN_POINT('',(0.0186154651205066,0.0110569529089348,0.001));
#14282=CARTESIAN_POINT('',(0.0186154651205066,0.0110569529089348,0.));
#14283=CARTESIAN_POINT('',(0.0187920932078635,0.0112335809962918,0.001));
#14284=CARTESIAN_POINT('',(0.0186154651205066,0.0112335809962918,0.001));
#14285=CARTESIAN_POINT('',(0.0186154651205066,0.0110569529089348,0.001));
#14286=CARTESIAN_POINT('',(0.0186154651205066,0.0110569529089348,0.001));
#14287=CARTESIAN_POINT('',(0.0186154651205066,0.0110569529089348,0.001));
#14288=CARTESIAN_POINT('',(0.0186154651205066,0.00852154898332867,0.001));
#14289=CARTESIAN_POINT('',(0.0186154651205066,0.00852154898332867,0.001));
#14290=CARTESIAN_POINT('',(0.0186154651205066,0.0059861450577225,0.001));
#14291=CARTESIAN_POINT('',(0.0186154651205066,0.0059861450577225,0.001));
#14292=CARTESIAN_POINT('',(0.0186154651205066,0.0059861450577225,0.001));
#14293=CARTESIAN_POINT('',(0.0186154651205066,0.0059861450577225,0.));
#14294=CARTESIAN_POINT('',(0.0186154651205066,0.00586839299948449,0.001));
#14295=CARTESIAN_POINT('',(0.0186154651205066,0.00586839299948449,0.));
#14296=CARTESIAN_POINT('',(0.0186743411496255,0.00580951697036548,0.001));
#14297=CARTESIAN_POINT('',(0.0186743411496255,0.00580951697036548,0.));
#14298=CARTESIAN_POINT('',(0.0187920932078635,0.00580951697036548,0.001));
#14299=CARTESIAN_POINT('',(0.0187920932078635,0.00580951697036548,0.));
#14300=CARTESIAN_POINT('',(0.0186154651205066,0.0059861450577225,0.001));
#14301=CARTESIAN_POINT('',(0.0186154651205066,0.00580951697036548,0.001));
#14302=CARTESIAN_POINT('',(0.0187920932078635,0.00580951697036548,0.001));
#14303=CARTESIAN_POINT('',(0.0187920932078635,0.00580951697036548,0.001));
#14304=CARTESIAN_POINT('',(0.0187920932078635,0.00580951697036548,0.001));
#14305=CARTESIAN_POINT('',(0.0197965006896998,0.00580951697036548,0.001));
#14306=CARTESIAN_POINT('',(0.0197965006896998,0.00580951697036548,0.001));
#14307=CARTESIAN_POINT('',(0.0208009081715359,0.00580951697036548,0.001));
#14308=CARTESIAN_POINT('',(0.0208009081715359,0.00580951697036548,0.001));
#14309=CARTESIAN_POINT('',(0.0208009081715359,0.00580951697036548,0.001));
#14310=CARTESIAN_POINT('',(0.0208009081715359,0.00580951697036548,0.));
#14311=CARTESIAN_POINT('',(0.0212394027764671,0.00580951697036548,0.001));
#14312=CARTESIAN_POINT('',(0.0212394027764671,0.00580951697036548,0.));
#14313=CARTESIAN_POINT('',(0.0215823336774177,0.00593034464206493,0.001));
#14314=CARTESIAN_POINT('',(0.0215823336774177,0.00593034464206493,0.));
#14315=CARTESIAN_POINT('',(0.0218297008743879,0.00617199998546384,0.001));
#14316=CARTESIAN_POINT('',(0.0218297008743879,0.00617199998546384,0.));
#14317=CARTESIAN_POINT('',(0.0208009081715359,0.00580951697036548,0.001));
#14318=CARTESIAN_POINT('',(0.0214586500789326,0.00580951697036548,0.001));
#14319=CARTESIAN_POINT('',(0.0218297008743879,0.00617199998546384,0.001));
#14320=CARTESIAN_POINT('',(0.0218297008743879,0.00617199998546384,0.001));
#14321=CARTESIAN_POINT('',(0.0218297008743879,0.00617199998546384,0.001));
#14322=CARTESIAN_POINT('',(0.0218297008743879,0.00617199998546384,0.001));
#14323=CARTESIAN_POINT('',(0.0218297008743879,0.00617199998546384,0.));
#14324=CARTESIAN_POINT('',(0.022077068071358,0.00641365532886275,0.001));
#14325=CARTESIAN_POINT('',(0.022077068071358,0.00641365532886275,0.));
#14326=CARTESIAN_POINT('',(0.0222007516698431,0.00675373030302775,0.001));
#14327=CARTESIAN_POINT('',(0.0222007516698431,0.00675373030302775,0.));
#14328=CARTESIAN_POINT('',(0.0222007516698431,0.00719222490795886,0.001));
#14329=CARTESIAN_POINT('',(0.0222007516698431,0.00719222490795886,0.));
#14330=CARTESIAN_POINT('',(0.0218297008743879,0.00617199998546384,0.001));
#14331=CARTESIAN_POINT('',(0.0222007516698431,0.0065344830005622,0.001));
#14332=CARTESIAN_POINT('',(0.0222007516698431,0.00719222490795886,0.001));
#14333=CARTESIAN_POINT('',(0.0222007516698431,0.00719222490795886,0.001));
#14334=CARTESIAN_POINT('',(0.0222007516698431,0.00719222490795886,0.001));
#14335=CARTESIAN_POINT('',(0.0222007516698431,0.00752175492168464,0.001));
#14336=CARTESIAN_POINT('',(0.0222007516698431,0.00752175492168464,0.001));
#14337=CARTESIAN_POINT('',(0.0222007516698431,0.00785128493541042,0.001));
#14338=CARTESIAN_POINT('',(0.0222007516698431,0.00785128493541042,0.001));
#14339=CARTESIAN_POINT('',(0.0222007516698431,0.00785128493541042,0.001));
#14340=CARTESIAN_POINT('',(0.0222007516698431,0.00785128493541042,0.));
#14341=CARTESIAN_POINT('',(0.0222007516698431,0.00848661880187373,0.001));
#14342=CARTESIAN_POINT('',(0.0222007516698431,0.00848661880187373,0.));
#14343=CARTESIAN_POINT('',(0.0219503088594114,0.00890841721944274,0.001));
#14344=CARTESIAN_POINT('',(0.0219503088594114,0.00890841721944274,0.));
#14345=CARTESIAN_POINT('',(0.0214494232385482,0.00911668018811743,0.001));
#14346=CARTESIAN_POINT('',(0.0214494232385482,0.00911668018811743,0.));
#14347=CARTESIAN_POINT('',(0.0222007516698431,0.00785128493541042,0.001));
#14348=CARTESIAN_POINT('',(0.0222007516698431,0.00880428573510539,0.001));
#14349=CARTESIAN_POINT('',(0.0214494232385482,0.00911668018811743,0.001));
#14350=CARTESIAN_POINT('',(0.0214494232385482,0.00911668018811743,0.001));
#14351=CARTESIAN_POINT('',(0.0214494232385482,0.00911668018811743,0.001));
#14352=CARTESIAN_POINT('',(0.0214494232385482,0.00913315668880372,0.001));
#14353=CARTESIAN_POINT('',(0.0214494232385482,0.00913315668880372,0.001));
#14354=CARTESIAN_POINT('',(0.0214494232385483,0.00914963318949,0.001));
#14355=CARTESIAN_POINT('',(0.0214494232385483,0.00914963318949,0.001));
#14356=CARTESIAN_POINT('',(0.0219008793573526,0.0100901118486634,0.001));
#14357=CARTESIAN_POINT('',(0.0219008793573526,0.0100901118486634,0.001));
#14358=CARTESIAN_POINT('',(0.0223523354761569,0.0110305905078368,0.001));
#14359=CARTESIAN_POINT('',(0.0223523354761569,0.0110305905078368,0.001));
#14360=CARTESIAN_POINT('',(0.0223523354761569,0.0110305905078368,0.001));
#14361=CARTESIAN_POINT('',(0.0223523354761569,0.0110305905078368,0.));
#14362=CARTESIAN_POINT('',(0.0224033027849465,0.0111659175001401,0.001));
#14363=CARTESIAN_POINT('',(0.0224033027849465,0.0111659175001401,0.));
#14364=CARTESIAN_POINT('',(0.0223554110896184,0.0112335809962918,0.001));
#14365=CARTESIAN_POINT('',(0.0223554110896184,0.0112335809962918,0.));
#14366=CARTESIAN_POINT('',(0.0222086603901725,0.0112335809962918,0.001));
#14367=CARTESIAN_POINT('',(0.0222086603901725,0.0112335809962918,0.));
#14368=CARTESIAN_POINT('',(0.0223523354761569,0.0110305905078368,0.001));
#14369=CARTESIAN_POINT('',(0.0224287864393413,0.0112335809962918,0.001));
#14370=CARTESIAN_POINT('',(0.0222086603901725,0.0112335809962918,0.001));
#14371=CARTESIAN_POINT('',(0.0222086603901725,0.0112335809962918,0.001));
#14372=CARTESIAN_POINT('',(0.0222086603901725,0.0112335809962918,0.001));
#14373=CARTESIAN_POINT('',(0.0218672672959525,0.0112335809962918,0.001));
#14374=CARTESIAN_POINT('',(0.0218672672959525,0.0112335809962918,0.001));
#14375=CARTESIAN_POINT('',(0.0215258742017326,0.0112335809962918,0.001));
#14376=CARTESIAN_POINT('',(0.0215258742017326,0.0112335809962918,0.001));
#14377=CARTESIAN_POINT('',(0.0215258742017326,0.0112335809962918,0.001));
#14378=CARTESIAN_POINT('',(0.0215258742017326,0.0112335809962918,0.));
#14379=CARTESIAN_POINT('',(0.0214248183308568,0.0112335809962918,0.001));
#14380=CARTESIAN_POINT('',(0.0214248183308568,0.0112335809962918,0.));
#14381=CARTESIAN_POINT('',(0.0213516626678096,0.0112223769758252,0.001));
#14382=CARTESIAN_POINT('',(0.0213516626678096,0.0112223769758252,0.));
#14383=CARTESIAN_POINT('',(0.0213064072125913,0.0111999689348918,0.001));
#14384=CARTESIAN_POINT('',(0.0213064072125913,0.0111999689348918,0.));
#14385=CARTESIAN_POINT('',(0.0215258742017326,0.0112335809962918,0.001));
#14386=CARTESIAN_POINT('',(0.0213742903954188,0.0112335809962918,0.001));
#14387=CARTESIAN_POINT('',(0.0213064072125913,0.0111999689348918,0.001));
#14388=CARTESIAN_POINT('',(0.0213064072125913,0.0111999689348918,0.001));
#14389=CARTESIAN_POINT('',(0.0213064072125913,0.0111999689348918,0.001));
#14390=CARTESIAN_POINT('',(0.0213064072125913,0.0111999689348918,0.001));
#14391=CARTESIAN_POINT('',(0.0213064072125913,0.0111999689348918,0.));
#14392=CARTESIAN_POINT('',(0.0212611517573729,0.0111775608939585,0.001));
#14393=CARTESIAN_POINT('',(0.0212611517573729,0.0111775608939585,0.));
#14394=CARTESIAN_POINT('',(0.0212244640825115,0.0111298888853061,0.001));
#14395=CARTESIAN_POINT('',(0.0212244640825115,0.0111298888853061,0.));
#14396=CARTESIAN_POINT('',(0.0211963441880068,0.0110569529089348,0.001));
#14397=CARTESIAN_POINT('',(0.0211963441880068,0.0110569529089348,0.));
#14398=CARTESIAN_POINT('',(0.0213064072125913,0.0111999689348918,0.001));
#14399=CARTESIAN_POINT('',(0.0212385240297637,0.0111663568734918,0.001));
#14400=CARTESIAN_POINT('',(0.0211963441880068,0.0110569529089348,0.001));
#14401=CARTESIAN_POINT('',(0.0211963441880068,0.0110569529089348,0.001));
#14402=CARTESIAN_POINT('',(0.0211963441880068,0.0110569529089348,0.001));
#14403=CARTESIAN_POINT('',(0.0207745457704379,0.0101454728909693,0.001));
#14404=CARTESIAN_POINT('',(0.0207745457704379,0.0101454728909693,0.001));
#14405=CARTESIAN_POINT('',(0.0203527473528688,0.00923399287300381,0.001));
#14406=CARTESIAN_POINT('',(0.0203527473528688,0.00923399287300381,0.001));
#14407=CARTESIAN_POINT('',(0.0200706696611196,0.00923399287300381,0.001));
#14408=CARTESIAN_POINT('',(0.0200706696611196,0.00923399287300381,0.001));
#14409=CARTESIAN_POINT('',(0.0197885919693704,0.00923399287300381,0.001));
#14410=CARTESIAN_POINT('',(0.0197885919693704,0.00923399287300381,0.001));
#14411=CARTESIAN_POINT('',(0.0197885919693704,0.00923399287300381,0.001));
#14412=CARTESIAN_POINT('',(0.0197885919693704,0.00923399287300381,0.));
#14413=CARTESIAN_POINT('',(0.0197209284732186,0.00923399287300381,0.001));
#14414=CARTESIAN_POINT('',(0.0197209284732186,0.00923399287300381,0.));
#14415=CARTESIAN_POINT('',(0.0196870967251428,0.00926518838096985,0.001));
#14416=CARTESIAN_POINT('',(0.0196870967251428,0.00926518838096985,0.));
#14417=CARTESIAN_POINT('',(0.0196870967251428,0.00932757939690193,0.001));
#14418=CARTESIAN_POINT('',(0.0196870967251428,0.00932757939690193,0.));
#14419=CARTESIAN_POINT('',(0.0197885919693704,0.00923399287300381,0.001));
#14420=CARTESIAN_POINT('',(0.0196870967251428,0.00923399287300381,0.001));
#14421=CARTESIAN_POINT('',(0.0196870967251428,0.00932757939690193,0.001));
#14422=CARTESIAN_POINT('',(0.0196870967251428,0.00932757939690193,0.001));
#14423=CARTESIAN_POINT('',(0.0196870967251428,0.00932757939690193,0.001));
#14424=CARTESIAN_POINT('',(0.0196870967251428,0.00828099207330884,0.001));
#14425=CARTESIAN_POINT('',(0.0196870967251428,0.00828099207330884,0.));
#14426=CARTESIAN_POINT('',(0.0196870967251428,0.00834250434253765,0.001));
#14427=CARTESIAN_POINT('',(0.0196870967251428,0.00834250434253765,0.));
#14428=CARTESIAN_POINT('',(0.0197178528597572,0.00837326047715206,0.001));
#14429=CARTESIAN_POINT('',(0.0197178528597572,0.00837326047715206,0.));
#14430=CARTESIAN_POINT('',(0.019779365128986,0.00837326047715206,0.001));
#14431=CARTESIAN_POINT('',(0.019779365128986,0.00837326047715206,0.));
#14432=CARTESIAN_POINT('',(0.0196870967251428,0.00828099207330884,0.));
#14433=CARTESIAN_POINT('',(0.0196870967251428,0.00837326047715206,0.));
#14434=CARTESIAN_POINT('',(0.019779365128986,0.00837326047715206,0.));
#14435=CARTESIAN_POINT('',(0.0196870967251428,0.00828099207330884,0.));
#14436=CARTESIAN_POINT('',(0.019779365128986,0.00837326047715206,0.));
#14437=CARTESIAN_POINT('',(0.0196870967251428,0.00828099207330884,0.001));
#14438=CARTESIAN_POINT('',(0.0196870967251428,0.00828099207330884,0.001));
#14439=CARTESIAN_POINT('',(0.0196870967251428,0.00828099207330884,0.001));
#14440=CARTESIAN_POINT('',(0.0196870967251428,0.00837326047715206,0.001));
#14441=CARTESIAN_POINT('',(0.019779365128986,0.00837326047715206,0.001));
#14442=CARTESIAN_POINT('',(0.019779365128986,0.00837326047715206,0.001));
#14443=CARTESIAN_POINT('',(0.019779365128986,0.00837326047715206,0.001));
#14444=CARTESIAN_POINT('',(0.0201925957661982,0.00837326047715206,0.001));
#14445=CARTESIAN_POINT('',(0.0201925957661982,0.00837326047715206,0.));
#14446=CARTESIAN_POINT('',(0.0206058264034103,0.00837326047715206,0.));
#14447=CARTESIAN_POINT('',(0.0201925957661982,0.00837326047715206,0.001));
#14448=CARTESIAN_POINT('',(0.0206058264034103,0.00837326047715206,0.001));
#14449=CARTESIAN_POINT('',(0.0206058264034103,0.00837326047715206,0.001));
#14450=CARTESIAN_POINT('',(0.0206058264034103,0.00837326047715206,0.001));
#14451=CARTESIAN_POINT('',(0.0206058264034103,0.00837326047715206,0.));
#14452=CARTESIAN_POINT('',(0.0207859694775803,0.00837326047715206,0.001));
#14453=CARTESIAN_POINT('',(0.0207859694775803,0.00837326047715206,0.));
#14454=CARTESIAN_POINT('',(0.0209182208564223,0.0083354743689115,0.001));
#14455=CARTESIAN_POINT('',(0.0209182208564223,0.0083354743689115,0.));
#14456=CARTESIAN_POINT('',(0.0210025805399361,0.00825990215243039,0.001));
#14457=CARTESIAN_POINT('',(0.0210025805399361,0.00825990215243039,0.));
#14458=CARTESIAN_POINT('',(0.0206058264034103,0.00837326047715206,0.));
#14459=CARTESIAN_POINT('',(0.0208760410146654,0.00837326047715206,0.));
#14460=CARTESIAN_POINT('',(0.0210025805399361,0.00825990215243039,0.));
#14461=CARTESIAN_POINT('',(0.0210025805399361,0.00825990215243039,0.));
#14462=CARTESIAN_POINT('',(0.0206058264034103,0.00837326047715206,0.001));
#14463=CARTESIAN_POINT('',(0.0208760410146654,0.00837326047715206,0.001));
#14464=CARTESIAN_POINT('',(0.0210025805399361,0.00825990215243039,0.001));
#14465=CARTESIAN_POINT('',(0.0210025805399361,0.00825990215243039,0.001));
#14466=CARTESIAN_POINT('',(0.0210025805399361,0.00825990215243039,0.001));
#14467=CARTESIAN_POINT('',(0.0210025805399361,0.00825990215243039,0.001));
#14468=CARTESIAN_POINT('',(0.0210025805399361,0.00825990215243039,0.));
#14469=CARTESIAN_POINT('',(0.0210869402234499,0.00818432993594928,0.001));
#14470=CARTESIAN_POINT('',(0.0210869402234499,0.00818432993594928,0.));
#14471=CARTESIAN_POINT('',(0.0211291200652068,0.00806218414419492,0.001));
#14472=CARTESIAN_POINT('',(0.0211291200652068,0.00806218414419492,0.));
#14473=CARTESIAN_POINT('',(0.0211291200652068,0.00789346477716732,0.001));
#14474=CARTESIAN_POINT('',(0.0211291200652068,0.00789346477716732,0.));
#14475=CARTESIAN_POINT('',(0.0210025805399361,0.00825990215243039,0.));
#14476=CARTESIAN_POINT('',(0.0211291200652068,0.00814654382770872,0.));
#14477=CARTESIAN_POINT('',(0.0211291200652068,0.00789346477716732,0.));
#14478=CARTESIAN_POINT('',(0.0211291200652068,0.00789346477716732,0.));
#14479=CARTESIAN_POINT('',(0.0210025805399361,0.00825990215243039,0.001));
#14480=CARTESIAN_POINT('',(0.0211291200652068,0.00814654382770872,0.001));
#14481=CARTESIAN_POINT('',(0.0211291200652068,0.00789346477716732,0.001));
#14482=CARTESIAN_POINT('',(0.0211291200652068,0.00789346477716732,0.001));
#14483=CARTESIAN_POINT('',(0.0211291200652068,0.00789346477716732,0.001));
#14484=CARTESIAN_POINT('',(0.0211291200652068,0.00756393476344154,0.001));
#14485=CARTESIAN_POINT('',(0.0211291200652068,0.00756393476344154,0.));
#14486=CARTESIAN_POINT('',(0.0211291200652068,0.00723440474971576,0.));
#14487=CARTESIAN_POINT('',(0.0211291200652068,0.00756393476344154,0.001));
#14488=CARTESIAN_POINT('',(0.0211291200652068,0.00723440474971576,0.001));
#14489=CARTESIAN_POINT('',(0.0211291200652068,0.00723440474971576,0.001));
#14490=CARTESIAN_POINT('',(0.0211291200652068,0.00723440474971576,0.001));
#14491=CARTESIAN_POINT('',(0.0211291200652068,0.00723440474971576,0.));
#14492=CARTESIAN_POINT('',(0.0211291200652068,0.00706041290246855,0.001));
#14493=CARTESIAN_POINT('',(0.0211291200652068,0.00706041290246855,0.));
#14494=CARTESIAN_POINT('',(0.0210869402234499,0.00693409306387366,0.001));
#14495=CARTESIAN_POINT('',(0.0210869402234499,0.00693409306387366,0.));
#14496=CARTESIAN_POINT('',(0.0210025805399361,0.00685544523393111,0.001));
#14497=CARTESIAN_POINT('',(0.0210025805399361,0.00685544523393111,0.));
#14498=CARTESIAN_POINT('',(0.0211291200652068,0.00723440474971576,0.));
#14499=CARTESIAN_POINT('',(0.0211291200652068,0.00697341697884494,0.));
#14500=CARTESIAN_POINT('',(0.0210025805399361,0.00685544523393111,0.));
#14501=CARTESIAN_POINT('',(0.0210025805399361,0.00685544523393111,0.));
#14502=CARTESIAN_POINT('',(0.0211291200652068,0.00723440474971576,0.001));
#14503=CARTESIAN_POINT('',(0.0211291200652068,0.00697341697884494,0.001));
#14504=CARTESIAN_POINT('',(0.0210025805399361,0.00685544523393111,0.001));
#14505=CARTESIAN_POINT('',(0.0210025805399361,0.00685544523393111,0.001));
#14506=CARTESIAN_POINT('',(0.0210025805399361,0.00685544523393111,0.001));
#14507=CARTESIAN_POINT('',(0.0210025805399361,0.00685544523393111,0.001));
#14508=CARTESIAN_POINT('',(0.0210025805399361,0.00685544523393111,0.));
#14509=CARTESIAN_POINT('',(0.0209182208564223,0.00677679740398856,0.001));
#14510=CARTESIAN_POINT('',(0.0209182208564223,0.00677679740398856,0.));
#14511=CARTESIAN_POINT('',(0.0207859694775803,0.00673747348901728,0.001));
#14512=CARTESIAN_POINT('',(0.0207859694775803,0.00673747348901728,0.));
#14513=CARTESIAN_POINT('',(0.0206058264034103,0.00673747348901728,0.001));
#14514=CARTESIAN_POINT('',(0.0206058264034103,0.00673747348901728,0.));
#14515=CARTESIAN_POINT('',(0.0210025805399361,0.00685544523393111,0.));
#14516=CARTESIAN_POINT('',(0.0208760410146654,0.00673747348901728,0.));
#14517=CARTESIAN_POINT('',(0.0206058264034103,0.00673747348901728,0.));
#14518=CARTESIAN_POINT('',(0.0206058264034103,0.00673747348901728,0.));
#14519=CARTESIAN_POINT('',(0.0210025805399361,0.00685544523393111,0.001));
#14520=CARTESIAN_POINT('',(0.0208760410146654,0.00673747348901728,0.001));
#14521=CARTESIAN_POINT('',(0.0206058264034103,0.00673747348901728,0.001));
#14522=CARTESIAN_POINT('',(0.0206058264034103,0.00673747348901728,0.001));
#14523=CARTESIAN_POINT('',(0.0206058264034103,0.00673747348901728,0.001));
#14524=CARTESIAN_POINT('',(0.0201925957661982,0.00673747348901728,0.001));
#14525=CARTESIAN_POINT('',(0.0201925957661982,0.00673747348901728,0.));
#14526=CARTESIAN_POINT('',(0.019779365128986,0.00673747348901728,0.));
#14527=CARTESIAN_POINT('',(0.0201925957661982,0.00673747348901728,0.001));
#14528=CARTESIAN_POINT('',(0.019779365128986,0.00673747348901728,0.001));
#14529=CARTESIAN_POINT('',(0.019779365128986,0.00673747348901728,0.001));
#14530=CARTESIAN_POINT('',(0.019779365128986,0.00673747348901728,0.001));
#14531=CARTESIAN_POINT('',(0.019779365128986,0.00673747348901728,0.));
#14532=CARTESIAN_POINT('',(0.0197178528597572,0.00673747348901728,0.001));
#14533=CARTESIAN_POINT('',(0.0197178528597572,0.00673747348901728,0.));
#14534=CARTESIAN_POINT('',(0.0196870967251428,0.00676822962363169,0.001));
#14535=CARTESIAN_POINT('',(0.0196870967251428,0.00676822962363169,0.));
#14536=CARTESIAN_POINT('',(0.0196870967251428,0.0068297418928605,0.001));
#14537=CARTESIAN_POINT('',(0.0196870967251428,0.0068297418928605,0.));
#14538=CARTESIAN_POINT('',(0.019779365128986,0.00673747348901728,0.));
#14539=CARTESIAN_POINT('',(0.0196870967251428,0.00673747348901728,0.));
#14540=CARTESIAN_POINT('',(0.0196870967251428,0.0068297418928605,0.));
#14541=CARTESIAN_POINT('',(0.0196870967251428,0.0068297418928605,0.));
#14542=CARTESIAN_POINT('',(0.019779365128986,0.00673747348901728,0.001));
#14543=CARTESIAN_POINT('',(0.0196870967251428,0.00673747348901728,0.001));
#14544=CARTESIAN_POINT('',(0.0196870967251428,0.0068297418928605,0.001));
#14545=CARTESIAN_POINT('',(0.0196870967251428,0.0068297418928605,0.001));
#14546=CARTESIAN_POINT('',(0.0196870967251428,0.0068297418928605,0.001));
#14547=CARTESIAN_POINT('',(0.0196870967251428,0.00755536698308467,0.001));
#14548=CARTESIAN_POINT('',(0.0196870967251428,0.00755536698308467,0.));
#14549=CARTESIAN_POINT('',(0.0196870967251428,0.00755536698308467,0.001));
#14550=CARTESIAN_POINT('',(0.0196870967251428,0.0101922661529184,0.001));
#14551=CARTESIAN_POINT('',(0.0196870967251428,0.0101922661529184,0.001));
#14552=CARTESIAN_POINT('',(0.00543415728104759,0.0101126253995156,0.001));
#14553=CARTESIAN_POINT('',(0.0054341572810476,0.00944668416563343,0.));
#14554=CARTESIAN_POINT('',(0.00795648729653239,0.0111953555146997,0.001));
#14555=CARTESIAN_POINT('',(0.00795648729653239,0.0111953555146997,0.));
#14556=CARTESIAN_POINT('',(0.00793144301548923,0.0112208391690944,0.001));
#14557=CARTESIAN_POINT('',(0.00793144301548923,0.0112208391690944,0.));
#14558=CARTESIAN_POINT('',(0.00789080098046305,0.0112335809962918,0.001));
#14559=CARTESIAN_POINT('',(0.00789080098046305,0.0112335809962918,0.));
#14560=CARTESIAN_POINT('',(0.00783456119145385,0.0112335809962918,0.001));
#14561=CARTESIAN_POINT('',(0.00783456119145385,0.0112335809962918,0.));
#14562=CARTESIAN_POINT('',(0.00795648729653239,0.0111953555146997,0.001));
#14563=CARTESIAN_POINT('',(0.00795648729653239,0.0111953555146997,0.001));
#14564=CARTESIAN_POINT('',(0.00795648729653239,0.0111953555146997,0.001));
#14565=CARTESIAN_POINT('',(0.00791892087496765,0.0112335809962918,0.001));
#14566=CARTESIAN_POINT('',(0.00783456119145385,0.0112335809962918,0.001));
#14567=CARTESIAN_POINT('',(0.00783456119145385,0.0112335809962918,0.001));
#14568=CARTESIAN_POINT('',(0.00783456119145385,0.0112335809962918,0.001));
#14569=CARTESIAN_POINT('',(0.00742923927457114,0.0112335809962918,0.001));
#14570=CARTESIAN_POINT('',(0.00742923927457114,0.0112335809962918,0.001));
#14571=CARTESIAN_POINT('',(0.00702391735768843,0.0112335809962918,0.001));
#14572=CARTESIAN_POINT('',(0.00702391735768843,0.0112335809962918,0.001));
#14573=CARTESIAN_POINT('',(0.00702391735768843,0.0112335809962918,0.001));
#14574=CARTESIAN_POINT('',(0.00702391735768843,0.0112335809962918,0.));
#14575=CARTESIAN_POINT('',(0.00692286148681252,0.0112335809962918,0.001));
#14576=CARTESIAN_POINT('',(0.00692286148681252,0.0112335809962918,0.));
#14577=CARTESIAN_POINT('',(0.00688946911208831,0.0111747049671728,0.001));
#14578=CARTESIAN_POINT('',(0.00688946911208831,0.0111747049671728,0.));
#14579=CARTESIAN_POINT('',(0.00692374023351579,0.0110569529089348,0.001));
#14580=CARTESIAN_POINT('',(0.00692374023351579,0.0110569529089348,0.));
#14581=CARTESIAN_POINT('',(0.00702391735768843,0.0112335809962918,0.001));
#14582=CARTESIAN_POINT('',(0.00687233355137457,0.0112335809962918,0.001));
#14583=CARTESIAN_POINT('',(0.00692374023351579,0.0110569529089348,0.001));
#14584=CARTESIAN_POINT('',(0.00692374023351579,0.0110569529089348,0.001));
#14585=CARTESIAN_POINT('',(0.00692374023351579,0.0110569529089348,0.001));
#14586=CARTESIAN_POINT('',(0.00759004992126932,0.00852154898332866,0.001));
#14587=CARTESIAN_POINT('',(0.00759004992126932,0.00852154898332866,0.001));
#14588=CARTESIAN_POINT('',(0.00825635960902285,0.0059861450577225,0.001));
#14589=CARTESIAN_POINT('',(0.00825635960902285,0.0059861450577225,0.001));
#14590=CARTESIAN_POINT('',(0.00825635960902285,0.0059861450577225,0.001));
#14591=CARTESIAN_POINT('',(0.00825635960902285,0.0059861450577225,0.));
#14592=CARTESIAN_POINT('',(0.00829590321066995,0.00586839299948449,0.001));
#14593=CARTESIAN_POINT('',(0.00829590321066995,0.00586839299948449,0.));
#14594=CARTESIAN_POINT('',(0.00838026289418375,0.00580951697036548,0.001));
#14595=CARTESIAN_POINT('',(0.00838026289418375,0.00580951697036548,0.));
#14596=CARTESIAN_POINT('',(0.00850943865956425,0.00580951697036548,0.001));
#14597=CARTESIAN_POINT('',(0.00850943865956425,0.00580951697036548,0.));
#14598=CARTESIAN_POINT('',(0.00825635960902285,0.0059861450577225,0.001));
#14599=CARTESIAN_POINT('',(0.0083156750114935,0.00580951697036548,0.001));
#14600=CARTESIAN_POINT('',(0.00850943865956425,0.00580951697036548,0.001));
#14601=CARTESIAN_POINT('',(0.00850943865956425,0.00580951697036548,0.001));
#14602=CARTESIAN_POINT('',(0.00850943865956425,0.00580951697036548,0.001));
#14603=CARTESIAN_POINT('',(0.00907029874292553,0.00580951697036548,0.001));
#14604=CARTESIAN_POINT('',(0.00907029874292553,0.00580951697036548,0.001));
#14605=CARTESIAN_POINT('',(0.00963115882628682,0.00580951697036548,0.001));
#14606=CARTESIAN_POINT('',(0.00963115882628682,0.00580951697036548,0.001));
#14607=CARTESIAN_POINT('',(0.00963115882628682,0.00580951697036548,0.001));
#14608=CARTESIAN_POINT('',(0.00963115882628682,0.00580951697036548,0.));
#14609=CARTESIAN_POINT('',(0.00977175829880981,0.00580951697036548,0.001));
#14610=CARTESIAN_POINT('',(0.00977175829880981,0.00580951697036548,0.));
#14611=CARTESIAN_POINT('',(0.00985611798232361,0.00586839299948449,0.001));
#14612=CARTESIAN_POINT('',(0.00985611798232361,0.00586839299948449,0.));
#14613=CARTESIAN_POINT('',(0.00988423787682822,0.0059861450577225,0.001));
#14614=CARTESIAN_POINT('',(0.00988423787682822,0.0059861450577225,0.));
#14615=CARTESIAN_POINT('',(0.00963115882628682,0.00580951697036548,0.001));
#14616=CARTESIAN_POINT('',(0.00984205803507131,0.00580951697036548,0.001));
#14617=CARTESIAN_POINT('',(0.00988423787682822,0.0059861450577225,0.001));
#14618=CARTESIAN_POINT('',(0.00988423787682822,0.00598614505772249,0.001));
#14619=CARTESIAN_POINT('',(0.00988423787682822,0.00598614505772249,0.001));
#14620=CARTESIAN_POINT('',(0.0105505475645817,0.00852154898332866,0.001));
#14621=CARTESIAN_POINT('',(0.0105505475645817,0.00852154898332866,0.001));
#14622=CARTESIAN_POINT('',(0.0112168572523353,0.0110569529089348,0.001));
#14623=CARTESIAN_POINT('',(0.0112168572523353,0.0110569529089348,0.001));
#14624=CARTESIAN_POINT('',(0.0112168572523353,0.0110569529089348,0.001));
#14625=CARTESIAN_POINT('',(0.0112168572523353,0.0110569529089348,0.));
#14626=CARTESIAN_POINT('',(0.0112511283737628,0.0111747049671728,0.001));
#14627=CARTESIAN_POINT('',(0.0112511283737628,0.0111747049671728,0.));
#14628=CARTESIAN_POINT('',(0.0112172966256869,0.0112335809962918,0.001));
#14629=CARTESIAN_POINT('',(0.0112172966256869,0.0112335809962918,0.));
#14630=CARTESIAN_POINT('',(0.0111153620081077,0.0112335809962918,0.001));
#14631=CARTESIAN_POINT('',(0.0111153620081077,0.0112335809962918,0.));
#14632=CARTESIAN_POINT('',(0.0112168572523353,0.0110569529089348,0.001));
#14633=CARTESIAN_POINT('',(0.0112682639344765,0.0112335809962918,0.001));
#14634=CARTESIAN_POINT('',(0.0111153620081077,0.0112335809962918,0.001));
#14635=CARTESIAN_POINT('',(0.0111153620081077,0.0112335809962918,0.001));
#14636=CARTESIAN_POINT('',(0.0111153620081077,0.0112335809962918,0.001));
#14637=CARTESIAN_POINT('',(0.0107106991512525,0.0112335809962918,0.001));
#14638=CARTESIAN_POINT('',(0.0107106991512525,0.0112335809962918,0.001));
#14639=CARTESIAN_POINT('',(0.0103060362943972,0.0112335809962918,0.001));
#14640=CARTESIAN_POINT('',(0.0103060362943972,0.0112335809962918,0.001));
#14641=CARTESIAN_POINT('',(0.0103060362943972,0.0112335809962918,0.001));
#14642=CARTESIAN_POINT('',(0.0103060362943972,0.0112335809962918,0.));
#14643=CARTESIAN_POINT('',(0.0102445240251684,0.0112335809962918,0.001));
#14644=CARTESIAN_POINT('',(0.0102445240251684,0.0112335809962918,0.));
#14645=CARTESIAN_POINT('',(0.0102023441834115,0.0112208391690944,0.001));
#14646=CARTESIAN_POINT('',(0.0102023441834115,0.0112208391690944,0.));
#14647=CARTESIAN_POINT('',(0.0101794967691265,0.0111953555146997,0.001));
#14648=CARTESIAN_POINT('',(0.0101794967691265,0.0111953555146997,0.));
#14649=CARTESIAN_POINT('',(0.0103060362943972,0.0112335809962918,0.001));
#14650=CARTESIAN_POINT('',(0.010213767890554,0.0112335809962918,0.001));
#14651=CARTESIAN_POINT('',(0.0101794967691265,0.0111953555146997,0.001));
#14652=CARTESIAN_POINT('',(0.0101794967691265,0.0111953555146997,0.001));
#14653=CARTESIAN_POINT('',(0.0101794967691265,0.0111953555146997,0.001));
#14654=CARTESIAN_POINT('',(0.0101794967691265,0.0111953555146997,0.001));
#14655=CARTESIAN_POINT('',(0.0101794967691265,0.0111953555146997,0.));
#14656=CARTESIAN_POINT('',(0.0101566493548415,0.0111698718603049,0.001));
#14657=CARTESIAN_POINT('',(0.0101566493548415,0.0111698718603049,0.));
#14658=CARTESIAN_POINT('',(0.0101399531674794,0.0111237376583832,0.001));
#14659=CARTESIAN_POINT('',(0.0101399531674794,0.0111237376583832,0.));
#14660=CARTESIAN_POINT('',(0.0101294082070402,0.0110569529089348,0.001));
#14661=CARTESIAN_POINT('',(0.0101294082070402,0.0110569529089348,0.));
#14662=CARTESIAN_POINT('',(0.0101794967691265,0.0111953555146997,0.001));
#14663=CARTESIAN_POINT('',(0.010145225647699,0.0111571300331075,0.001));
#14664=CARTESIAN_POINT('',(0.0101294082070402,0.0110569529089348,0.001));
#14665=CARTESIAN_POINT('',(0.0101294082070402,0.0110569529089348,0.001));
#14666=CARTESIAN_POINT('',(0.0101294082070402,0.0110569529089348,0.001));
#14667=CARTESIAN_POINT('',(0.0100107774020989,0.0105929746496089,0.001));
#14668=CARTESIAN_POINT('',(0.0100107774020989,0.0105929746496089,0.001));
#14669=CARTESIAN_POINT('',(0.00989214659715763,0.010128996390283,0.001));
#14670=CARTESIAN_POINT('',(0.00989214659715763,0.010128996390283,0.001));
#14671=CARTESIAN_POINT('',(0.00906963968289808,0.010128996390283,0.001));
#14672=CARTESIAN_POINT('',(0.00906963968289808,0.010128996390283,0.001));
#14673=CARTESIAN_POINT('',(0.00824713276863854,0.010128996390283,0.001));
#14674=CARTESIAN_POINT('',(0.00824713276863854,0.010128996390283,0.001));
#14675=CARTESIAN_POINT('',(0.00812916102372471,0.0105929746496089,0.001));
#14676=CARTESIAN_POINT('',(0.00812916102372471,0.0105929746496089,0.001));
#14677=CARTESIAN_POINT('',(0.00801118927881087,0.0110569529089348,0.001));
#14678=CARTESIAN_POINT('',(0.00801118927881087,0.0110569529089348,0.001));
#14679=CARTESIAN_POINT('',(0.00907425310309025,0.0068297418928605,0.001));
#14680=CARTESIAN_POINT('',(0.00907425310309025,0.0068297418928605,0.));
#14681=CARTESIAN_POINT('',(0.00909072960377653,0.0068297418928605,0.));
#14682=CARTESIAN_POINT('',(0.00905777660240396,0.0068297418928605,0.));
#14683=CARTESIAN_POINT('',(0.00909072960377653,0.0068297418928605,0.001));
#14684=CARTESIAN_POINT('',(0.00909072960377653,0.0068297418928605,0.001));
#14685=CARTESIAN_POINT('',(0.00907425310309025,0.0068297418928605,0.001));
#14686=CARTESIAN_POINT('',(0.00905777660240396,0.0068297418928605,0.001));
#14687=CARTESIAN_POINT('',(0.00905777660240396,0.0068297418928605,0.001));
#14688=CARTESIAN_POINT('',(0.00875394992974878,0.00804900294364589,0.001));
#14689=CARTESIAN_POINT('',(0.00875394992974878,0.00804900294364589,0.));
#14690=CARTESIAN_POINT('',(0.00845012325709361,0.00926826399443129,0.));
#14691=CARTESIAN_POINT('',(0.00875394992974878,0.00804900294364589,0.001));
#14692=CARTESIAN_POINT('',(0.00845012325709361,0.00926826399443129,0.001));
#14693=CARTESIAN_POINT('',(0.00845012325709361,0.00926826399443129,0.001));
#14694=CARTESIAN_POINT('',(0.00907425310309025,0.00926826399443129,0.001));
#14695=CARTESIAN_POINT('',(0.00907425310309025,0.00926826399443129,0.));
#14696=CARTESIAN_POINT('',(0.00969838294908687,0.00926826399443129,0.));
#14697=CARTESIAN_POINT('',(0.00907425310309025,0.00926826399443129,0.001));
#14698=CARTESIAN_POINT('',(0.00969838294908687,0.00926826399443129,0.001));
#14699=CARTESIAN_POINT('',(0.00969838294908687,0.00926826399443129,0.001));
#14700=CARTESIAN_POINT('',(0.0093945562764317,0.0080490029436459,0.001));
#14701=CARTESIAN_POINT('',(0.0093945562764317,0.0080490029436459,0.));
#14702=CARTESIAN_POINT('',(0.0093945562764317,0.0080490029436459,0.001));
#14703=CARTESIAN_POINT('',(0.00801118927881087,0.0110569529089348,0.001));
#14704=CARTESIAN_POINT('',(0.00801118927881087,0.0110569529089348,0.));
#14705=CARTESIAN_POINT('',(0.00799976557166838,0.0111237376583832,0.001));
#14706=CARTESIAN_POINT('',(0.00799976557166838,0.0111237376583832,0.));
#14707=CARTESIAN_POINT('',(0.00798153157757555,0.0111698718603049,0.001));
#14708=CARTESIAN_POINT('',(0.00798153157757555,0.0111698718603049,0.));
#14709=CARTESIAN_POINT('',(0.00795648729653239,0.0111953555146997,0.001));
#14710=CARTESIAN_POINT('',(0.00795648729653239,0.0111953555146997,0.));
#14711=CARTESIAN_POINT('',(0.00801118927881087,0.0110569529089348,0.001));
#14712=CARTESIAN_POINT('',(0.00799405371809713,0.0111571300331075,0.001));
#14713=CARTESIAN_POINT('',(0.00795648729653239,0.0111953555146997,0.001));
#14714=CARTESIAN_POINT('',(0.00543415728104759,0.0101126253995156,0.001));
#14715=CARTESIAN_POINT('',(0.0054341572810476,0.00944668416563343,0.));
#14716=CARTESIAN_POINT('',(-0.00200915937856272,0.0102133560737968,0.001));
#14717=CARTESIAN_POINT('',(-0.00200915937856272,0.0102133560737968,0.));
#14718=CARTESIAN_POINT('',(-0.00200915937856272,0.0102748683430256,0.001));
#14719=CARTESIAN_POINT('',(-0.00200915937856272,0.0102748683430256,0.));
#14720=CARTESIAN_POINT('',(-0.00197840324394831,0.01030562447764,0.001));
#14721=CARTESIAN_POINT('',(-0.00197840324394831,0.01030562447764,0.));
#14722=CARTESIAN_POINT('',(-0.0019168909747195,0.01030562447764,0.001));
#14723=CARTESIAN_POINT('',(-0.0019168909747195,0.01030562447764,0.));
#14724=CARTESIAN_POINT('',(-0.00200915937856272,0.0102133560737968,0.));
#14725=CARTESIAN_POINT('',(-0.00200915937856272,0.01030562447764,0.));
#14726=CARTESIAN_POINT('',(-0.0019168909747195,0.01030562447764,0.));
#14727=CARTESIAN_POINT('',(-0.00200915937856272,0.0102133560737968,0.));
#14728=CARTESIAN_POINT('',(-0.0019168909747195,0.01030562447764,0.));
#14729=CARTESIAN_POINT('',(-0.00200915937856272,0.0102133560737968,0.001));
#14730=CARTESIAN_POINT('',(-0.00200915937856272,0.0102133560737968,0.001));
#14731=CARTESIAN_POINT('',(-0.00200915937856272,0.0102133560737968,0.001));
#14732=CARTESIAN_POINT('',(-0.00200915937856272,0.01030562447764,0.001));
#14733=CARTESIAN_POINT('',(-0.0019168909747195,0.01030562447764,0.001));
#14734=CARTESIAN_POINT('',(-0.0019168909747195,0.01030562447764,0.001));
#14735=CARTESIAN_POINT('',(-0.0019168909747195,0.01030562447764,0.001));
#14736=CARTESIAN_POINT('',(-0.00148652477679363,0.01030562447764,0.001));
#14737=CARTESIAN_POINT('',(-0.00148652477679363,0.01030562447764,0.));
#14738=CARTESIAN_POINT('',(-0.00105615857886776,0.01030562447764,0.));
#14739=CARTESIAN_POINT('',(-0.00148652477679363,0.01030562447764,0.001));
#14740=CARTESIAN_POINT('',(-0.00105615857886776,0.01030562447764,0.001));
#14741=CARTESIAN_POINT('',(-0.00105615857886776,0.01030562447764,0.001));
#14742=CARTESIAN_POINT('',(-0.00105615857886776,0.01030562447764,0.001));
#14743=CARTESIAN_POINT('',(-0.00105615857886776,0.01030562447764,0.));
#14744=CARTESIAN_POINT('',(-0.000876015504697663,0.01030562447764,0.001));
#14745=CARTESIAN_POINT('',(-0.000876015504697663,0.01030562447764,0.));
#14746=CARTESIAN_POINT('',(-0.000747938172696242,0.0102676186827237,0.001));
#14747=CARTESIAN_POINT('',(-0.000747938172696242,0.0102676186827237,0.));
#14748=CARTESIAN_POINT('',(-0.000671926582863493,0.0101916070928909,0.001));
#14749=CARTESIAN_POINT('',(-0.000671926582863493,0.0101916070928909,0.));
#14750=CARTESIAN_POINT('',(-0.00105615857886776,0.01030562447764,0.));
#14751=CARTESIAN_POINT('',(-0.000785943967612616,0.01030562447764,0.));
#14752=CARTESIAN_POINT('',(-0.000671926582863493,0.0101916070928909,0.));
#14753=CARTESIAN_POINT('',(-0.000671926582863493,0.0101916070928909,0.));
#14754=CARTESIAN_POINT('',(-0.00105615857886776,0.01030562447764,0.001));
#14755=CARTESIAN_POINT('',(-0.000785943967612616,0.01030562447764,0.001));
#14756=CARTESIAN_POINT('',(-0.000671926582863493,0.0101916070928909,0.001));
#14757=CARTESIAN_POINT('',(-0.000671926582863493,0.0101916070928909,0.001));
#14758=CARTESIAN_POINT('',(-0.000671926582863493,0.0101916070928909,0.001));
#14759=CARTESIAN_POINT('',(-0.000671926582863493,0.0101916070928909,0.001));
#14760=CARTESIAN_POINT('',(-0.000671926582863493,0.0101916070928909,0.));
#14761=CARTESIAN_POINT('',(-0.000595914993030747,0.0101155955030582,0.001));
#14762=CARTESIAN_POINT('',(-0.000595914993030747,0.0101155955030582,0.));
#14763=CARTESIAN_POINT('',(-0.000557909198114374,0.00998751817105676,0.001));
#14764=CARTESIAN_POINT('',(-0.000557909198114374,0.00998751817105676,0.));
#14765=CARTESIAN_POINT('',(-0.000557909198114374,0.00980737509688667,0.001));
#14766=CARTESIAN_POINT('',(-0.000557909198114374,0.00980737509688667,0.));
#14767=CARTESIAN_POINT('',(-0.000671926582863493,0.0101916070928909,0.));
#14768=CARTESIAN_POINT('',(-0.000557909198114374,0.0100775897081418,0.));
#14769=CARTESIAN_POINT('',(-0.000557909198114374,0.00980737509688667,0.));
#14770=CARTESIAN_POINT('',(-0.000557909198114374,0.00980737509688667,0.));
#14771=CARTESIAN_POINT('',(-0.000671926582863493,0.0101916070928909,0.001));
#14772=CARTESIAN_POINT('',(-0.000557909198114374,0.0100775897081418,0.001));
#14773=CARTESIAN_POINT('',(-0.000557909198114374,0.00980737509688667,0.001));
#14774=CARTESIAN_POINT('',(-0.000557909198114374,0.00980737509688667,0.001));
#14775=CARTESIAN_POINT('',(-0.000557909198114374,0.00980737509688667,0.001));
#14776=CARTESIAN_POINT('',(-0.000557909198114374,0.00907384128633307,0.001));
#14777=CARTESIAN_POINT('',(-0.000557909198114374,0.00907384128633307,0.));
#14778=CARTESIAN_POINT('',(-0.000557909198114374,0.00834030747577948,0.));
#14779=CARTESIAN_POINT('',(-0.000557909198114374,0.00907384128633307,0.001));
#14780=CARTESIAN_POINT('',(-0.000557909198114374,0.00834030747577948,0.001));
#14781=CARTESIAN_POINT('',(-0.000557909198114374,0.00834030747577948,0.001));
#14782=CARTESIAN_POINT('',(-0.000557909198114374,0.00834030747577948,0.001));
#14783=CARTESIAN_POINT('',(-0.000557909198114374,0.00834030747577948,0.));
#14784=CARTESIAN_POINT('',(-0.000557909198114374,0.00816016440160939,0.001));
#14785=CARTESIAN_POINT('',(-0.000557909198114374,0.00816016440160939,0.));
#14786=CARTESIAN_POINT('',(-0.000595914993030747,0.00803208706960797,0.001));
#14787=CARTESIAN_POINT('',(-0.000595914993030747,0.00803208706960797,0.));
#14788=CARTESIAN_POINT('',(-0.000671926582863493,0.00795607547977522,0.001));
#14789=CARTESIAN_POINT('',(-0.000671926582863493,0.00795607547977522,0.));
#14790=CARTESIAN_POINT('',(-0.000557909198114374,0.00834030747577948,0.));
#14791=CARTESIAN_POINT('',(-0.000557909198114374,0.00807009286452434,0.));
#14792=CARTESIAN_POINT('',(-0.000671926582863493,0.00795607547977522,0.));
#14793=CARTESIAN_POINT('',(-0.000671926582863493,0.00795607547977522,0.));
#14794=CARTESIAN_POINT('',(-0.000557909198114374,0.00834030747577948,0.001));
#14795=CARTESIAN_POINT('',(-0.000557909198114374,0.00807009286452434,0.001));
#14796=CARTESIAN_POINT('',(-0.000671926582863493,0.00795607547977522,0.001));
#14797=CARTESIAN_POINT('',(-0.000671926582863493,0.00795607547977522,0.001));
#14798=CARTESIAN_POINT('',(-0.000671926582863493,0.00795607547977522,0.001));
#14799=CARTESIAN_POINT('',(-0.000671926582863493,0.00795607547977522,0.001));
#14800=CARTESIAN_POINT('',(-0.000671926582863493,0.00795607547977522,0.));
#14801=CARTESIAN_POINT('',(-0.000747938172696242,0.00788006388994247,0.001));
#14802=CARTESIAN_POINT('',(-0.000747938172696242,0.00788006388994247,0.));
#14803=CARTESIAN_POINT('',(-0.000876015504697663,0.0078420580950261,0.001));
#14804=CARTESIAN_POINT('',(-0.000876015504697663,0.0078420580950261,0.));
#14805=CARTESIAN_POINT('',(-0.00105615857886776,0.0078420580950261,0.001));
#14806=CARTESIAN_POINT('',(-0.00105615857886776,0.0078420580950261,0.));
#14807=CARTESIAN_POINT('',(-0.000671926582863493,0.00795607547977522,0.));
#14808=CARTESIAN_POINT('',(-0.000785943967612616,0.0078420580950261,0.));
#14809=CARTESIAN_POINT('',(-0.00105615857886776,0.0078420580950261,0.));
#14810=CARTESIAN_POINT('',(-0.00105615857886776,0.0078420580950261,0.));
#14811=CARTESIAN_POINT('',(-0.000671926582863493,0.00795607547977522,0.001));
#14812=CARTESIAN_POINT('',(-0.000785943967612616,0.0078420580950261,0.001));
#14813=CARTESIAN_POINT('',(-0.00105615857886776,0.0078420580950261,0.001));
#14814=CARTESIAN_POINT('',(-0.00105615857886776,0.0078420580950261,0.001));
#14815=CARTESIAN_POINT('',(-0.00105615857886776,0.0078420580950261,0.001));
#14816=CARTESIAN_POINT('',(-0.0012420135066091,0.0078420580950261,0.001));
#14817=CARTESIAN_POINT('',(-0.0012420135066091,0.0078420580950261,0.));
#14818=CARTESIAN_POINT('',(-0.00142786843435044,0.0078420580950261,0.));
#14819=CARTESIAN_POINT('',(-0.0012420135066091,0.0078420580950261,0.001));
#14820=CARTESIAN_POINT('',(-0.00142786843435044,0.0078420580950261,0.001));
#14821=CARTESIAN_POINT('',(-0.00142786843435044,0.0078420580950261,0.001));
#14822=CARTESIAN_POINT('',(-0.00142786843435044,0.0078420580950261,0.001));
#14823=CARTESIAN_POINT('',(-0.00142786843435044,0.0078420580950261,0.));
#14824=CARTESIAN_POINT('',(-0.00181539573049196,0.0078420580950261,0.001));
#14825=CARTESIAN_POINT('',(-0.00181539573049196,0.0078420580950261,0.));
#14826=CARTESIAN_POINT('',(-0.00200915937856272,0.00805603291727204,0.001));
#14827=CARTESIAN_POINT('',(-0.00200915937856272,0.00805603291727204,0.));
#14828=CARTESIAN_POINT('',(-0.00200915937856272,0.00848398256176393,0.001));
#14829=CARTESIAN_POINT('',(-0.00200915937856272,0.00848398256176393,0.));
#14830=CARTESIAN_POINT('',(-0.00142786843435044,0.0078420580950261,0.));
#14831=CARTESIAN_POINT('',(-0.00200915937856272,0.0078420580950261,0.));
#14832=CARTESIAN_POINT('',(-0.00200915937856272,0.00848398256176393,0.));
#14833=CARTESIAN_POINT('',(-0.00200915937856272,0.00848398256176393,0.));
#14834=CARTESIAN_POINT('',(-0.00142786843435044,0.0078420580950261,0.001));
#14835=CARTESIAN_POINT('',(-0.00200915937856272,0.0078420580950261,0.001));
#14836=CARTESIAN_POINT('',(-0.00200915937856272,0.00848398256176393,0.001));
#14837=CARTESIAN_POINT('',(-0.00200915937856272,0.00848398256176393,0.001));
#14838=CARTESIAN_POINT('',(-0.00200915937856272,0.00848398256176393,0.001));
#14839=CARTESIAN_POINT('',(-0.00290416289584194,0.0112335809962918,0.001));
#14840=CARTESIAN_POINT('',(-0.00290416289584194,0.0112335809962918,0.));
#14841=CARTESIAN_POINT('',(-0.00302191495407996,0.0112335809962918,0.001));
#14842=CARTESIAN_POINT('',(-0.00302191495407996,0.0112335809962918,0.));
#14843=CARTESIAN_POINT('',(-0.00308079098319896,0.0111747049671728,0.001));
#14844=CARTESIAN_POINT('',(-0.00308079098319896,0.0111747049671728,0.));
#14845=CARTESIAN_POINT('',(-0.00308079098319896,0.0110569529089348,0.001));
#14846=CARTESIAN_POINT('',(-0.00308079098319896,0.0110569529089348,0.));
#14847=CARTESIAN_POINT('',(-0.00290416289584194,0.0112335809962918,0.001));
#14848=CARTESIAN_POINT('',(-0.00290416289584194,0.0112335809962918,0.001));
#14849=CARTESIAN_POINT('',(-0.00290416289584194,0.0112335809962918,0.001));
#14850=CARTESIAN_POINT('',(-0.00308079098319896,0.0112335809962918,0.001));
#14851=CARTESIAN_POINT('',(-0.00308079098319896,0.0110569529089348,0.001));
#14852=CARTESIAN_POINT('',(-0.00308079098319896,0.0110569529089348,0.001));
#14853=CARTESIAN_POINT('',(-0.00308079098319896,0.0110569529089348,0.001));
#14854=CARTESIAN_POINT('',(-0.00308079098319896,0.00826846993278727,0.001));
#14855=CARTESIAN_POINT('',(-0.00308079098319896,0.00826846993278727,0.001));
#14856=CARTESIAN_POINT('',(-0.00308079098319896,0.00547998695663969,0.001));
#14857=CARTESIAN_POINT('',(-0.00308079098319896,0.00547998695663969,0.001));
#14858=CARTESIAN_POINT('',(-0.00308079098319896,0.00547998695663969,0.001));
#14859=CARTESIAN_POINT('',(-0.00308079098319896,0.00547998695663969,0.));
#14860=CARTESIAN_POINT('',(-0.00308079098319896,0.00536223489840168,0.001));
#14861=CARTESIAN_POINT('',(-0.00308079098319896,0.00536223489840168,0.));
#14862=CARTESIAN_POINT('',(-0.00302191495407996,0.00530335886928268,0.001));
#14863=CARTESIAN_POINT('',(-0.00302191495407996,0.00530335886928268,0.));
#14864=CARTESIAN_POINT('',(-0.00290416289584194,0.00530335886928268,0.001));
#14865=CARTESIAN_POINT('',(-0.00290416289584194,0.00530335886928268,0.));
#14866=CARTESIAN_POINT('',(-0.00308079098319896,0.00547998695663969,0.001));
#14867=CARTESIAN_POINT('',(-0.00308079098319896,0.00530335886928268,0.001));
#14868=CARTESIAN_POINT('',(-0.00290416289584194,0.00530335886928268,0.001));
#14869=CARTESIAN_POINT('',(-0.00290416289584194,0.00530335886928268,0.001));
#14870=CARTESIAN_POINT('',(-0.00290416289584194,0.00530335886928268,0.001));
#14871=CARTESIAN_POINT('',(-0.0025456342409083,0.00530335886928268,0.001));
#14872=CARTESIAN_POINT('',(-0.0025456342409083,0.00530335886928268,0.001));
#14873=CARTESIAN_POINT('',(-0.00218710558597464,0.00530335886928268,0.001));
#14874=CARTESIAN_POINT('',(-0.00218710558597464,0.00530335886928268,0.001));
#14875=CARTESIAN_POINT('',(-0.00218710558597464,0.00530335886928268,0.001));
#14876=CARTESIAN_POINT('',(-0.00218710558597464,0.00530335886928268,0.));
#14877=CARTESIAN_POINT('',(-0.00206847478103336,0.00530335886928268,0.001));
#14878=CARTESIAN_POINT('',(-0.00206847478103336,0.00530335886928268,0.));
#14879=CARTESIAN_POINT('',(-0.00200915937856272,0.00536223489840168,0.001));
#14880=CARTESIAN_POINT('',(-0.00200915937856272,0.00536223489840168,0.));
#14881=CARTESIAN_POINT('',(-0.00200915937856272,0.00547998695663969,0.001));
#14882=CARTESIAN_POINT('',(-0.00200915937856272,0.00547998695663969,0.));
#14883=CARTESIAN_POINT('',(-0.00218710558597464,0.00530335886928268,0.001));
#14884=CARTESIAN_POINT('',(-0.00200915937856272,0.00530335886928268,0.001));
#14885=CARTESIAN_POINT('',(-0.00200915937856272,0.00547998695663969,0.001));
#14886=CARTESIAN_POINT('',(-0.00200915937856272,0.00547998695663969,0.001));
#14887=CARTESIAN_POINT('',(-0.00200915937856272,0.00547998695663969,0.001));
#14888=CARTESIAN_POINT('',(-0.00200915937856272,0.00642903339616995,0.001));
#14889=CARTESIAN_POINT('',(-0.00200915937856272,0.00642903339616995,0.001));
#14890=CARTESIAN_POINT('',(-0.00200915937856272,0.0073780798357002,0.001));
#14891=CARTESIAN_POINT('',(-0.00200915937856272,0.0073780798357002,0.001));
#14892=CARTESIAN_POINT('',(-0.00199268287787643,0.0073780798357002,0.001));
#14893=CARTESIAN_POINT('',(-0.00199268287787643,0.0073780798357002,0.001));
#14894=CARTESIAN_POINT('',(-0.0019765642103114,0.0073780798357002,0.001));
#14895=CARTESIAN_POINT('',(-0.0019765642103114,0.0073780798357002,0.001));
#14896=CARTESIAN_POINT('',(-0.00136771951472586,0.00762983296546445,0.001));
#14897=CARTESIAN_POINT('',(-0.00136771951472586,0.00762983296546445,0.001));
#14898=CARTESIAN_POINT('',(-0.00164650777045815,0.00703243907954045,0.001));
#14899=CARTESIAN_POINT('',(-0.00164667636346436,0.00703207332128813,0.001));
#14900=CARTESIAN_POINT('',(-0.00115124334757072,0.00801279958999645,0.001));
#14901=CARTESIAN_POINT('',(-0.00115124334757072,0.00801279958999645,0.001));
#14902=CARTESIAN_POINT('',(-0.00114842703054295,0.00691412023620507,0.001));
#14903=CARTESIAN_POINT('',(-0.00114842698271098,0.0069141015763743,0.001));
#14904=CARTESIAN_POINT('',(-0.00101397873711086,0.0069141015763743,0.001));
#14905=CARTESIAN_POINT('',(-0.00101397873711086,0.0069141015763743,0.001));
#14906=CARTESIAN_POINT('',(-0.000879530491510738,0.0069141015763743,0.001));
#14907=CARTESIAN_POINT('',(-0.000879530491510738,0.0069141015763743,0.001));
#14908=CARTESIAN_POINT('',(-0.000879530491510738,0.0069141015763743,0.001));
#14909=CARTESIAN_POINT('',(-0.000879530491510738,0.0069141015763743,0.));
#14910=CARTESIAN_POINT('',(-0.000434884659656749,0.0069141015763743,0.001));
#14911=CARTESIAN_POINT('',(-0.000434884659656749,0.0069141015763743,0.));
#14912=CARTESIAN_POINT('',(-9.17340720303015E-5,0.00703229300796395,0.001));
#14913=CARTESIAN_POINT('',(-9.17340720303015E-5,0.00703229300796395,0.));
#14914=CARTESIAN_POINT('',(0.000149921271368605,0.00726867587114324,0.001));
#14915=CARTESIAN_POINT('',(0.000149921271368605,0.00726867587114324,0.));
#14916=CARTESIAN_POINT('',(-0.000879530491510738,0.0069141015763743,0.001));
#14917=CARTESIAN_POINT('',(-0.000212561743729755,0.0069141015763743,0.001));
#14918=CARTESIAN_POINT('',(0.000149921271368605,0.00726867587114324,0.001));
#14919=CARTESIAN_POINT('',(0.000149921271368605,0.00726867587114324,0.001));
#14920=CARTESIAN_POINT('',(0.000149921271368605,0.00726867587114324,0.001));
#14921=CARTESIAN_POINT('',(0.000149921271368605,0.00726867587114324,0.001));
#14922=CARTESIAN_POINT('',(0.000149921271368605,0.00726867587114324,0.));
#14923=CARTESIAN_POINT('',(0.000391576614767512,0.00750505873432253,0.001));
#14924=CARTESIAN_POINT('',(0.000391576614767512,0.00750505873432253,0.));
#14925=CARTESIAN_POINT('',(0.000512404286466966,0.00784513370848754,0.001));
#14926=CARTESIAN_POINT('',(0.000512404286466966,0.00784513370848754,0.));
#14927=CARTESIAN_POINT('',(0.000512404286466966,0.00828890079363826,0.001));
#14928=CARTESIAN_POINT('',(0.000512404286466966,0.00828890079363826,0.));
#14929=CARTESIAN_POINT('',(0.000149921271368605,0.00726867587114324,0.001));
#14930=CARTESIAN_POINT('',(0.000512404286466966,0.00762325016591218,0.001));
#14931=CARTESIAN_POINT('',(0.000512404286466966,0.00828890079363826,0.001));
#14932=CARTESIAN_POINT('',(0.000512404286466966,0.00828890079363826,0.001));
#14933=CARTESIAN_POINT('',(0.000512404286466966,0.00828890079363826,0.001));
#14934=CARTESIAN_POINT('',(0.000512404286466966,0.00907384128633308,0.001));
#14935=CARTESIAN_POINT('',(0.000512404286466966,0.00907384128633308,0.001));
#14936=CARTESIAN_POINT('',(0.000512404286466966,0.00985878177902789,0.001));
#14937=CARTESIAN_POINT('',(0.000512404286466966,0.00985878177902789,0.001));
#14938=CARTESIAN_POINT('',(0.000512404286466966,0.00985878177902789,0.001));
#14939=CARTESIAN_POINT('',(0.000512404286466966,0.00985878177902789,0.));
#14940=CARTESIAN_POINT('',(0.000512404286466966,0.0103025488641786,0.001));
#14941=CARTESIAN_POINT('',(0.000512404286466966,0.0103025488641786,0.));
#14942=CARTESIAN_POINT('',(0.000391576614767512,0.0106426238383436,0.001));
#14943=CARTESIAN_POINT('',(0.000391576614767512,0.0106426238383436,0.));
#14944=CARTESIAN_POINT('',(0.000149921271368605,0.0108790067015229,0.001));
#14945=CARTESIAN_POINT('',(0.000149921271368605,0.0108790067015229,0.));
#14946=CARTESIAN_POINT('',(0.000512404286466966,0.00985878177902789,0.001));
#14947=CARTESIAN_POINT('',(0.000512404286466966,0.010524432406754,0.001));
#14948=CARTESIAN_POINT('',(0.000149921271368605,0.0108790067015229,0.001));
#14949=CARTESIAN_POINT('',(0.000149921271368605,0.0108790067015229,0.001));
#14950=CARTESIAN_POINT('',(0.000149921271368605,0.0108790067015229,0.001));
#14951=CARTESIAN_POINT('',(0.000149921271368605,0.0108790067015229,0.001));
#14952=CARTESIAN_POINT('',(0.000149921271368605,0.0108790067015229,0.));
#14953=CARTESIAN_POINT('',(-9.17340720303015E-5,0.0111153895647022,0.001));
#14954=CARTESIAN_POINT('',(-9.17340720303015E-5,0.0111153895647022,0.));
#14955=CARTESIAN_POINT('',(-0.000434884659656749,0.0112335809962918,0.001));
#14956=CARTESIAN_POINT('',(-0.000434884659656749,0.0112335809962918,0.));
#14957=CARTESIAN_POINT('',(-0.000879530491510738,0.0112335809962918,0.001));
#14958=CARTESIAN_POINT('',(-0.000879530491510738,0.0112335809962918,0.));
#14959=CARTESIAN_POINT('',(0.000149921271368605,0.0108790067015229,0.001));
#14960=CARTESIAN_POINT('',(-0.000212561743729755,0.0112335809962918,0.001));
#14961=CARTESIAN_POINT('',(-0.000879530491510738,0.0112335809962918,0.001));
#14962=CARTESIAN_POINT('',(-0.000879530491510738,0.0112335809962918,0.001));
#14963=CARTESIAN_POINT('',(-0.000879530491510738,0.0112335809962918,0.001));
#14964=CARTESIAN_POINT('',(-0.00189184669367634,0.0112335809962918,0.001));
#14965=CARTESIAN_POINT('',(-0.00189184669367634,0.0112335809962918,0.001));
#14966=CARTESIAN_POINT('',(-0.00200915937856272,0.00934866931778038,0.001));
#14967=CARTESIAN_POINT('',(-0.00200915937856272,0.00934866931778038,0.));
#14968=CARTESIAN_POINT('',(-0.00200915937856272,0.00934866931778038,0.001));
#14969=CARTESIAN_POINT('',(0.00543415728104759,0.0101126253995156,0.001));
#14970=CARTESIAN_POINT('',(-0.0057934820561896,0.0111953555146997,0.001));
#14971=CARTESIAN_POINT('',(-0.0057934820561896,0.0111953555146997,0.));
#14972=CARTESIAN_POINT('',(-0.00581896571058439,0.0112208391690944,0.001));
#14973=CARTESIAN_POINT('',(-0.00581896571058439,0.0112208391690944,0.));
#14974=CARTESIAN_POINT('',(-0.00586553928585764,0.0112335809962918,0.001));
#14975=CARTESIAN_POINT('',(-0.00586553928585764,0.0112335809962918,0.));
#14976=CARTESIAN_POINT('',(-0.00593320278200933,0.0112335809962918,0.001));
#14977=CARTESIAN_POINT('',(-0.00593320278200933,0.0112335809962918,0.));
#14978=CARTESIAN_POINT('',(-0.0057934820561896,0.0111953555146997,0.001));
#14979=CARTESIAN_POINT('',(-0.0057934820561896,0.0111953555146997,0.001));
#14980=CARTESIAN_POINT('',(-0.0057934820561896,0.0111953555146997,0.001));
#14981=CARTESIAN_POINT('',(-0.00583170753778179,0.0112335809962918,0.001));
#14982=CARTESIAN_POINT('',(-0.00593320278200933,0.0112335809962918,0.001));
#14983=CARTESIAN_POINT('',(-0.00593320278200933,0.0112335809962918,0.001));
#14984=CARTESIAN_POINT('',(-0.00593320278200933,0.0112335809962918,0.001));
#14985=CARTESIAN_POINT('',(-0.00686511366082585,0.0112335809962918,0.001));
#14986=CARTESIAN_POINT('',(-0.00686511366082585,0.0112335809962918,0.001));
#14987=CARTESIAN_POINT('',(-0.00779702453964236,0.0112335809962918,0.001));
#14988=CARTESIAN_POINT('',(-0.00779702453964236,0.0112335809962918,0.001));
#14989=CARTESIAN_POINT('',(-0.00779702453964236,0.0112335809962918,0.001));
#14990=CARTESIAN_POINT('',(-0.00779702453964236,0.0112335809962918,0.));
#14991=CARTESIAN_POINT('',(-0.00824167037149635,0.0112335809962918,0.001));
#14992=CARTESIAN_POINT('',(-0.00824167037149635,0.0112335809962918,0.));
#14993=CARTESIAN_POINT('',(-0.00858482095912279,0.0111153895647022,0.001));
#14994=CARTESIAN_POINT('',(-0.00858482095912279,0.0111153895647022,0.));
#14995=CARTESIAN_POINT('',(-0.0088264763025217,0.0108790067015229,0.001));
#14996=CARTESIAN_POINT('',(-0.0088264763025217,0.0108790067015229,0.));
#14997=CARTESIAN_POINT('',(-0.00779702453964236,0.0112335809962918,0.001));
#14998=CARTESIAN_POINT('',(-0.00846399328742334,0.0112335809962918,0.001));
#14999=CARTESIAN_POINT('',(-0.0088264763025217,0.0108790067015229,0.001));
#15000=CARTESIAN_POINT('',(-0.0088264763025217,0.0108790067015229,0.001));
#15001=CARTESIAN_POINT('',(-0.0088264763025217,0.0108790067015229,0.001));
#15002=CARTESIAN_POINT('',(-0.0088264763025217,0.0108790067015229,0.001));
#15003=CARTESIAN_POINT('',(-0.0088264763025217,0.0108790067015229,0.));
#15004=CARTESIAN_POINT('',(-0.00906813164592061,0.0106426238383436,0.001));
#15005=CARTESIAN_POINT('',(-0.00906813164592061,0.0106426238383436,0.));
#15006=CARTESIAN_POINT('',(-0.00918895931762006,0.0103025488641786,0.001));
#15007=CARTESIAN_POINT('',(-0.00918895931762006,0.0103025488641786,0.));
#15008=CARTESIAN_POINT('',(-0.00918895931762006,0.00985878177902789,0.001));
#15009=CARTESIAN_POINT('',(-0.00918895931762006,0.00985878177902789,0.));
#15010=CARTESIAN_POINT('',(-0.0088264763025217,0.0108790067015229,0.001));
#15011=CARTESIAN_POINT('',(-0.00918895931762006,0.010524432406754,0.001));
#15012=CARTESIAN_POINT('',(-0.00918895931762006,0.00985878177902789,0.001));
#15013=CARTESIAN_POINT('',(-0.00918895931762006,0.00985878177902789,0.001));
#15014=CARTESIAN_POINT('',(-0.00918895931762006,0.00985878177902789,0.001));
#15015=CARTESIAN_POINT('',(-0.00918895931762006,0.00908240906668995,0.001));
#15016=CARTESIAN_POINT('',(-0.00918895931762006,0.00908240906668995,0.001));
#15017=CARTESIAN_POINT('',(-0.00918895931762006,0.008306036354352,0.001));
#15018=CARTESIAN_POINT('',(-0.00918895931762006,0.008306036354352,0.001));
#15019=CARTESIAN_POINT('',(-0.00918895931762006,0.008306036354352,0.001));
#15020=CARTESIAN_POINT('',(-0.00918895931762006,0.008306036354352,0.));
#15021=CARTESIAN_POINT('',(-0.00918895931762006,0.00786226926920128,0.001));
#15022=CARTESIAN_POINT('',(-0.00918895931762006,0.00786226926920128,0.));
#15023=CARTESIAN_POINT('',(-0.00906813164592061,0.00752219429503627,0.001));
#15024=CARTESIAN_POINT('',(-0.00906813164592061,0.00752219429503627,0.));
#15025=CARTESIAN_POINT('',(-0.0088264763025217,0.00728581143185698,0.001));
#15026=CARTESIAN_POINT('',(-0.0088264763025217,0.00728581143185698,0.));
#15027=CARTESIAN_POINT('',(-0.00918895931762006,0.008306036354352,0.001));
#15028=CARTESIAN_POINT('',(-0.00918895931762006,0.00764038572662592,0.001));
#15029=CARTESIAN_POINT('',(-0.0088264763025217,0.00728581143185698,0.001));
#15030=CARTESIAN_POINT('',(-0.0088264763025217,0.00728581143185698,0.001));
#15031=CARTESIAN_POINT('',(-0.0088264763025217,0.00728581143185698,0.001));
#15032=CARTESIAN_POINT('',(-0.0088264763025217,0.00728581143185698,0.001));
#15033=CARTESIAN_POINT('',(-0.0088264763025217,0.00728581143185698,0.));
#15034=CARTESIAN_POINT('',(-0.00858482095912279,0.00704942856867769,0.001));
#15035=CARTESIAN_POINT('',(-0.00858482095912279,0.00704942856867769,0.));
#15036=CARTESIAN_POINT('',(-0.00824167037149635,0.00693123713708804,0.001));
#15037=CARTESIAN_POINT('',(-0.00824167037149635,0.00693123713708804,0.));
#15038=CARTESIAN_POINT('',(-0.00779702453964236,0.00693123713708804,0.001));
#15039=CARTESIAN_POINT('',(-0.00779702453964236,0.00693123713708804,0.));
#15040=CARTESIAN_POINT('',(-0.0088264763025217,0.00728581143185698,0.001));
#15041=CARTESIAN_POINT('',(-0.00846399328742334,0.00693123713708804,0.001));
#15042=CARTESIAN_POINT('',(-0.00779702453964236,0.00693123713708804,0.001));
#15043=CARTESIAN_POINT('',(-0.00779702453964236,0.00693123713708804,0.001));
#15044=CARTESIAN_POINT('',(-0.00779702453964236,0.00693123713708804,0.001));
#15045=CARTESIAN_POINT('',(-0.00746354016575187,0.00693123713708804,0.001));
#15046=CARTESIAN_POINT('',(-0.00746354016575187,0.00693123713708804,0.001));
#15047=CARTESIAN_POINT('',(-0.00713005579186138,0.00693123713708804,0.001));
#15048=CARTESIAN_POINT('',(-0.00713005579186138,0.00693123713708804,0.001));
#15049=CARTESIAN_POINT('',(-0.00713005579186138,0.00693123713708804,0.001));
#15050=CARTESIAN_POINT('',(-0.00713005579186138,0.00693123713708804,0.));
#15051=CARTESIAN_POINT('',(-0.00668628870671066,0.00693123713708804,0.001));
#15052=CARTESIAN_POINT('',(-0.00668628870671066,0.00693123713708804,0.));
#15053=CARTESIAN_POINT('',(-0.00634335780576003,0.00704942856867769,0.001));
#15054=CARTESIAN_POINT('',(-0.00634335780576003,0.00704942856867769,0.));
#15055=CARTESIAN_POINT('',(-0.00610126308900948,0.00728581143185698,0.001));
#15056=CARTESIAN_POINT('',(-0.00610126308900948,0.00728581143185698,0.));
#15057=CARTESIAN_POINT('',(-0.00713005579186138,0.00693123713708804,0.001));
#15058=CARTESIAN_POINT('',(-0.0064644051641353,0.00693123713708804,0.001));
#15059=CARTESIAN_POINT('',(-0.00610126308900948,0.00728581143185698,0.001));
#15060=CARTESIAN_POINT('',(-0.00610126308900948,0.00728581143185698,0.001));
#15061=CARTESIAN_POINT('',(-0.00610126308900948,0.00728581143185698,0.001));
#15062=CARTESIAN_POINT('',(-0.00610126308900948,0.00728581143185698,0.001));
#15063=CARTESIAN_POINT('',(-0.00610126308900948,0.00728581143185698,0.));
#15064=CARTESIAN_POINT('',(-0.00585916837225894,0.00752219429503627,0.001));
#15065=CARTESIAN_POINT('',(-0.00585916837225894,0.00752219429503627,0.));
#15066=CARTESIAN_POINT('',(-0.00573812101388367,0.00786226926920128,0.001));
#15067=CARTESIAN_POINT('',(-0.00573812101388367,0.00786226926920128,0.));
#15068=CARTESIAN_POINT('',(-0.00573812101388367,0.008306036354352,0.001));
#15069=CARTESIAN_POINT('',(-0.00573812101388367,0.008306036354352,0.));
#15070=CARTESIAN_POINT('',(-0.00610126308900948,0.00728581143185698,0.001));
#15071=CARTESIAN_POINT('',(-0.00573812101388367,0.00764038572662592,0.001));
#15072=CARTESIAN_POINT('',(-0.00573812101388367,0.008306036354352,0.001));
#15073=CARTESIAN_POINT('',(-0.00573812101388367,0.008306036354352,0.001));
#15074=CARTESIAN_POINT('',(-0.00573812101388367,0.008306036354352,0.001));
#15075=CARTESIAN_POINT('',(-0.00573812101388367,0.00884185215667013,0.001));
#15076=CARTESIAN_POINT('',(-0.00573812101388367,0.00884185215667013,0.001));
#15077=CARTESIAN_POINT('',(-0.00573812101388367,0.00937766795898825,0.001));
#15078=CARTESIAN_POINT('',(-0.00573812101388367,0.00937766795898825,0.001));
#15079=CARTESIAN_POINT('',(-0.00573812101388367,0.00937766795898825,0.001));
#15080=CARTESIAN_POINT('',(-0.00573812101388367,0.00937766795898825,0.));
#15081=CARTESIAN_POINT('',(-0.00573812101388367,0.00949542001722626,0.001));
#15082=CARTESIAN_POINT('',(-0.00573812101388367,0.00949542001722626,0.));
#15083=CARTESIAN_POINT('',(-0.00579743641635431,0.00955429604634527,0.001));
#15084=CARTESIAN_POINT('',(-0.00579743641635431,0.00955429604634527,0.));
#15085=CARTESIAN_POINT('',(-0.00591606722129559,0.00955429604634527,0.001));
#15086=CARTESIAN_POINT('',(-0.00591606722129559,0.00955429604634527,0.));
#15087=CARTESIAN_POINT('',(-0.00573812101388367,0.00937766795898825,0.001));
#15088=CARTESIAN_POINT('',(-0.00573812101388367,0.00955429604634527,0.001));
#15089=CARTESIAN_POINT('',(-0.00591606722129559,0.00955429604634527,0.001));
#15090=CARTESIAN_POINT('',(-0.00591606722129559,0.00955429604634527,0.001));
#15091=CARTESIAN_POINT('',(-0.00591606722129559,0.00955429604634527,0.001));
#15092=CARTESIAN_POINT('',(-0.00697451762538281,0.00955429604634527,0.001));
#15093=CARTESIAN_POINT('',(-0.00697451762538281,0.00955429604634527,0.001));
#15094=CARTESIAN_POINT('',(-0.00803296802947002,0.00955429604634527,0.001));
#15095=CARTESIAN_POINT('',(-0.00803296802947002,0.00955429604634527,0.001));
#15096=CARTESIAN_POINT('',(-0.00803296802947002,0.00955429604634527,0.001));
#15097=CARTESIAN_POINT('',(-0.00803296802947002,0.00955429604634527,0.));
#15098=CARTESIAN_POINT('',(-0.00810063152562171,0.00955429604634527,0.001));
#15099=CARTESIAN_POINT('',(-0.00810063152562171,0.00955429604634527,0.));
#15100=CARTESIAN_POINT('',(-0.00813446327369756,0.00958549155431131,0.001));
#15101=CARTESIAN_POINT('',(-0.00813446327369756,0.00958549155431131,0.));
#15102=CARTESIAN_POINT('',(-0.00813446327369756,0.00964788257024339,0.001));
#15103=CARTESIAN_POINT('',(-0.00813446327369756,0.00964788257024339,0.));
#15104=CARTESIAN_POINT('',(-0.00803296802947002,0.00955429604634527,0.001));
#15105=CARTESIAN_POINT('',(-0.00813446327369756,0.00955429604634527,0.001));
#15106=CARTESIAN_POINT('',(-0.00813446327369756,0.00964788257024339,0.001));
#15107=CARTESIAN_POINT('',(-0.00813446327369756,0.00964788257024339,0.001));
#15108=CARTESIAN_POINT('',(-0.00813446327369756,0.00964788257024339,0.001));
#15109=CARTESIAN_POINT('',(-0.00813446327369756,0.00974081003411406,0.001));
#15110=CARTESIAN_POINT('',(-0.00813446327369756,0.00974081003411406,0.001));
#15111=CARTESIAN_POINT('',(-0.00813446327369756,0.00983373749798473,0.001));
#15112=CARTESIAN_POINT('',(-0.00813446327369756,0.00983373749798473,0.001));
#15113=CARTESIAN_POINT('',(-0.00813446327369756,0.00983373749798473,0.001));
#15114=CARTESIAN_POINT('',(-0.00813446327369756,0.00983373749798473,0.));
#15115=CARTESIAN_POINT('',(-0.00813446327369756,0.0100077293452319,0.001));
#15116=CARTESIAN_POINT('',(-0.00813446327369756,0.0100077293452319,0.));
#15117=CARTESIAN_POINT('',(-0.00809645747878119,0.0101327310637719,0.001));
#15118=CARTESIAN_POINT('',(-0.00809645747878119,0.0101327310637719,0.));
#15119=CARTESIAN_POINT('',(-0.00802044588894844,0.0102087426536047,0.001));
#15120=CARTESIAN_POINT('',(-0.00802044588894844,0.0102087426536047,0.));
#15121=CARTESIAN_POINT('',(-0.00813446327369756,0.00983373749798473,0.001));
#15122=CARTESIAN_POINT('',(-0.00813446327369756,0.0100947252688555,0.001));
#15123=CARTESIAN_POINT('',(-0.00802044588894844,0.0102087426536047,0.001));
#15124=CARTESIAN_POINT('',(-0.00802044588894844,0.0102087426536047,0.001));
#15125=CARTESIAN_POINT('',(-0.00802044588894844,0.0102087426536047,0.001));
#15126=CARTESIAN_POINT('',(-0.00802044588894844,0.0102087426536047,0.001));
#15127=CARTESIAN_POINT('',(-0.00802044588894844,0.0102087426536047,0.));
#15128=CARTESIAN_POINT('',(-0.00794443429911569,0.0102847542434374,0.001));
#15129=CARTESIAN_POINT('',(-0.00794443429911569,0.0102847542434374,0.));
#15130=CARTESIAN_POINT('',(-0.00781635696711427,0.0103227600383538,0.001));
#15131=CARTESIAN_POINT('',(-0.00781635696711427,0.0103227600383538,0.));
#15132=CARTESIAN_POINT('',(-0.00763621389294418,0.0103227600383538,0.001));
#15133=CARTESIAN_POINT('',(-0.00763621389294418,0.0103227600383538,0.));
#15134=CARTESIAN_POINT('',(-0.00802044588894844,0.0102087426536047,0.001));
#15135=CARTESIAN_POINT('',(-0.00790642850419932,0.0103227600383538,0.001));
#15136=CARTESIAN_POINT('',(-0.00763621389294418,0.0103227600383538,0.001));
#15137=CARTESIAN_POINT('',(-0.00763621389294418,0.0103227600383538,0.001));
#15138=CARTESIAN_POINT('',(-0.00763621389294418,0.0103227600383538,0.001));
#15139=CARTESIAN_POINT('',(-0.00678470833747676,0.0103227600383538,0.001));
#15140=CARTESIAN_POINT('',(-0.00678470833747676,0.0103227600383538,0.001));
#15141=CARTESIAN_POINT('',(-0.00593320278200933,0.0103227600383538,0.001));
#15142=CARTESIAN_POINT('',(-0.00593320278200933,0.0103227600383538,0.001));
#15143=CARTESIAN_POINT('',(-0.00593320278200933,0.0103227600383538,0.001));
#15144=CARTESIAN_POINT('',(-0.00593320278200933,0.0103227600383538,0.));
#15145=CARTESIAN_POINT('',(-0.00581457197706805,0.0103227600383538,0.001));
#15146=CARTESIAN_POINT('',(-0.00581457197706805,0.0103227600383538,0.));
#15147=CARTESIAN_POINT('',(-0.00575525657459741,0.0103847116809342,0.001));
#15148=CARTESIAN_POINT('',(-0.00575525657459741,0.0103847116809342,0.));
#15149=CARTESIAN_POINT('',(-0.00575525657459741,0.0105086149660951,0.001));
#15150=CARTESIAN_POINT('',(-0.00575525657459741,0.0105086149660951,0.));
#15151=CARTESIAN_POINT('',(-0.00593320278200933,0.0103227600383538,0.001));
#15152=CARTESIAN_POINT('',(-0.00575525657459741,0.0103227600383538,0.001));
#15153=CARTESIAN_POINT('',(-0.00575525657459741,0.0105086149660951,0.001));
#15154=CARTESIAN_POINT('',(-0.00575525657459741,0.0105086149660951,0.001));
#15155=CARTESIAN_POINT('',(-0.00575525657459741,0.0105086149660951,0.001));
#15156=CARTESIAN_POINT('',(-0.00575525657459741,0.0107867382976797,0.001));
#15157=CARTESIAN_POINT('',(-0.00575525657459741,0.0107867382976797,0.001));
#15158=CARTESIAN_POINT('',(-0.00575525657459741,0.0110648616292642,0.001));
#15159=CARTESIAN_POINT('',(-0.00575525657459741,0.0110648616292642,0.001));
#15160=CARTESIAN_POINT('',(-0.00812655455336814,0.00874497033263475,0.001));
#15161=CARTESIAN_POINT('',(-0.00812655455336814,0.00874497033263475,0.));
#15162=CARTESIAN_POINT('',(-0.00812655455336814,0.00880648260186356,0.001));
#15163=CARTESIAN_POINT('',(-0.00812655455336814,0.00880648260186356,0.));
#15164=CARTESIAN_POINT('',(-0.0080953590454021,0.00883723873647796,0.001));
#15165=CARTESIAN_POINT('',(-0.0080953590454021,0.00883723873647796,0.));
#15166=CARTESIAN_POINT('',(-0.00803296802947002,0.00883723873647796,0.001));
#15167=CARTESIAN_POINT('',(-0.00803296802947002,0.00883723873647796,0.));
#15168=CARTESIAN_POINT('',(-0.00812655455336814,0.00874497033263475,0.));
#15169=CARTESIAN_POINT('',(-0.00812655455336814,0.00883723873647796,0.));
#15170=CARTESIAN_POINT('',(-0.00803296802947002,0.00883723873647796,0.));
#15171=CARTESIAN_POINT('',(-0.00812655455336814,0.00874497033263475,0.));
#15172=CARTESIAN_POINT('',(-0.00803296802947002,0.00883723873647796,0.));
#15173=CARTESIAN_POINT('',(-0.00812655455336814,0.00874497033263475,0.001));
#15174=CARTESIAN_POINT('',(-0.00812655455336814,0.00874497033263475,0.001));
#15175=CARTESIAN_POINT('',(-0.00812655455336814,0.00874497033263475,0.001));
#15176=CARTESIAN_POINT('',(-0.00812655455336814,0.00883723873647796,0.001));
#15177=CARTESIAN_POINT('',(-0.00803296802947002,0.00883723873647796,0.001));
#15178=CARTESIAN_POINT('',(-0.00803296802947002,0.00883723873647796,0.001));
#15179=CARTESIAN_POINT('',(-0.00803296802947002,0.00883723873647796,0.001));
#15180=CARTESIAN_POINT('',(-0.00745958580558716,0.00883723873647796,0.001));
#15181=CARTESIAN_POINT('',(-0.00745958580558716,0.00883723873647796,0.));
#15182=CARTESIAN_POINT('',(-0.0068862035817043,0.00883723873647796,0.));
#15183=CARTESIAN_POINT('',(-0.00745958580558716,0.00883723873647796,0.001));
#15184=CARTESIAN_POINT('',(-0.0068862035817043,0.00883723873647796,0.001));
#15185=CARTESIAN_POINT('',(-0.0068862035817043,0.00883723873647796,0.001));
#15186=CARTESIAN_POINT('',(-0.0068862035817043,0.00883723873647796,0.001));
#15187=CARTESIAN_POINT('',(-0.0068862035817043,0.00883723873647796,0.));
#15188=CARTESIAN_POINT('',(-0.00682381256577221,0.00883723873647796,0.001));
#15189=CARTESIAN_POINT('',(-0.00682381256577221,0.00883723873647796,0.));
#15190=CARTESIAN_POINT('',(-0.00679261705780617,0.00880648260186356,0.001));
#15191=CARTESIAN_POINT('',(-0.00679261705780617,0.00880648260186356,0.));
#15192=CARTESIAN_POINT('',(-0.00679261705780617,0.00874497033263475,0.001));
#15193=CARTESIAN_POINT('',(-0.00679261705780617,0.00874497033263475,0.));
#15194=CARTESIAN_POINT('',(-0.0068862035817043,0.00883723873647796,0.));
#15195=CARTESIAN_POINT('',(-0.00679261705780617,0.00883723873647796,0.));
#15196=CARTESIAN_POINT('',(-0.00679261705780617,0.00874497033263475,0.));
#15197=CARTESIAN_POINT('',(-0.00679261705780617,0.00874497033263475,0.));
#15198=CARTESIAN_POINT('',(-0.0068862035817043,0.00883723873647796,0.001));
#15199=CARTESIAN_POINT('',(-0.00679261705780617,0.00883723873647796,0.001));
#15200=CARTESIAN_POINT('',(-0.00679261705780617,0.00874497033263475,0.001));
#15201=CARTESIAN_POINT('',(-0.00679261705780617,0.00874497033263475,0.001));
#15202=CARTESIAN_POINT('',(-0.00679261705780617,0.00874497033263475,0.001));
#15203=CARTESIAN_POINT('',(-0.00679261705780617,0.00854263890420711,0.001));
#15204=CARTESIAN_POINT('',(-0.00679261705780617,0.00854263890420711,0.));
#15205=CARTESIAN_POINT('',(-0.00679261705780617,0.00834030747577948,0.));
#15206=CARTESIAN_POINT('',(-0.00679261705780617,0.00854263890420711,0.001));
#15207=CARTESIAN_POINT('',(-0.00679261705780617,0.00834030747577948,0.001));
#15208=CARTESIAN_POINT('',(-0.00679261705780617,0.00834030747577948,0.001));
#15209=CARTESIAN_POINT('',(-0.00679261705780617,0.00834030747577948,0.001));
#15210=CARTESIAN_POINT('',(-0.00679261705780617,0.00834030747577948,0.));
#15211=CARTESIAN_POINT('',(-0.00679261705780617,0.00816016440160939,0.001));
#15212=CARTESIAN_POINT('',(-0.00679261705780617,0.00816016440160939,0.));
#15213=CARTESIAN_POINT('',(-0.00682930473266764,0.00803362487633869,0.001));
#15214=CARTESIAN_POINT('',(-0.00682930473266764,0.00803362487633869,0.));
#15215=CARTESIAN_POINT('',(-0.00690268008239059,0.00796068889996738,0.001));
#15216=CARTESIAN_POINT('',(-0.00690268008239059,0.00796068889996738,0.));
#15217=CARTESIAN_POINT('',(-0.00679261705780617,0.00834030747577948,0.));
#15218=CARTESIAN_POINT('',(-0.00679261705780617,0.00807009286452434,0.));
#15219=CARTESIAN_POINT('',(-0.00690268008239059,0.00796068889996738,0.));
#15220=CARTESIAN_POINT('',(-0.00690268008239059,0.00796068889996738,0.));
#15221=CARTESIAN_POINT('',(-0.00679261705780617,0.00834030747577948,0.001));
#15222=CARTESIAN_POINT('',(-0.00679261705780617,0.00807009286452434,0.001));
#15223=CARTESIAN_POINT('',(-0.00690268008239059,0.00796068889996738,0.001));
#15224=CARTESIAN_POINT('',(-0.00690268008239059,0.00796068889996738,0.001));
#15225=CARTESIAN_POINT('',(-0.00690268008239059,0.00796068889996738,0.001));
#15226=CARTESIAN_POINT('',(-0.00690268008239059,0.00796068889996738,0.001));
#15227=CARTESIAN_POINT('',(-0.00690268008239059,0.00796068889996738,0.));
#15228=CARTESIAN_POINT('',(-0.00697605543211353,0.00788775292359607,0.001));
#15229=CARTESIAN_POINT('',(-0.00697605543211353,0.00788775292359607,0.));
#15230=CARTESIAN_POINT('',(-0.00710281464406004,0.00785128493541042,0.001));
#15231=CARTESIAN_POINT('',(-0.00710281464406004,0.00785128493541042,0.));
#15232=CARTESIAN_POINT('',(-0.00728295771823014,0.00785128493541042,0.001));
#15233=CARTESIAN_POINT('',(-0.00728295771823014,0.00785128493541042,0.));
#15234=CARTESIAN_POINT('',(-0.00690268008239059,0.00796068889996738,0.));
#15235=CARTESIAN_POINT('',(-0.007012743106975,0.00785128493541042,0.));
#15236=CARTESIAN_POINT('',(-0.00728295771823014,0.00785128493541042,0.));
#15237=CARTESIAN_POINT('',(-0.00728295771823014,0.00785128493541042,0.));
#15238=CARTESIAN_POINT('',(-0.00690268008239059,0.00796068889996738,0.001));
#15239=CARTESIAN_POINT('',(-0.007012743106975,0.00785128493541042,0.001));
#15240=CARTESIAN_POINT('',(-0.00728295771823014,0.00785128493541042,0.001));
#15241=CARTESIAN_POINT('',(-0.00728295771823014,0.00785128493541042,0.001));
#15242=CARTESIAN_POINT('',(-0.00728295771823014,0.00785128493541042,0.001));
#15243=CARTESIAN_POINT('',(-0.00745958580558716,0.00785128493541042,0.001));
#15244=CARTESIAN_POINT('',(-0.00745958580558716,0.00785128493541042,0.));
#15245=CARTESIAN_POINT('',(-0.00763621389294418,0.00785128493541042,0.));
#15246=CARTESIAN_POINT('',(-0.00745958580558716,0.00785128493541042,0.001));
#15247=CARTESIAN_POINT('',(-0.00763621389294418,0.00785128493541042,0.001));
#15248=CARTESIAN_POINT('',(-0.00763621389294418,0.00785128493541042,0.001));
#15249=CARTESIAN_POINT('',(-0.00763621389294418,0.00785128493541042,0.001));
#15250=CARTESIAN_POINT('',(-0.00763621389294418,0.00785128493541042,0.));
#15251=CARTESIAN_POINT('',(-0.00781635696711427,0.00785128493541042,0.001));
#15252=CARTESIAN_POINT('',(-0.00781635696711427,0.00785128493541042,0.));
#15253=CARTESIAN_POINT('',(-0.00794311617906079,0.00788775292359607,0.001));
#15254=CARTESIAN_POINT('',(-0.00794311617906079,0.00788775292359607,0.));
#15255=CARTESIAN_POINT('',(-0.00801649152878373,0.00796068889996738,0.001));
#15256=CARTESIAN_POINT('',(-0.00801649152878373,0.00796068889996738,0.));
#15257=CARTESIAN_POINT('',(-0.00763621389294418,0.00785128493541042,0.));
#15258=CARTESIAN_POINT('',(-0.00790642850419932,0.00785128493541042,0.));
#15259=CARTESIAN_POINT('',(-0.00801649152878373,0.00796068889996738,0.));
#15260=CARTESIAN_POINT('',(-0.00801649152878373,0.00796068889996738,0.));
#15261=CARTESIAN_POINT('',(-0.00763621389294418,0.00785128493541042,0.001));
#15262=CARTESIAN_POINT('',(-0.00790642850419932,0.00785128493541042,0.001));
#15263=CARTESIAN_POINT('',(-0.00801649152878373,0.00796068889996738,0.001));
#15264=CARTESIAN_POINT('',(-0.00801649152878373,0.00796068889996738,0.001));
#15265=CARTESIAN_POINT('',(-0.00801649152878373,0.00796068889996738,0.001));
#15266=CARTESIAN_POINT('',(-0.00801649152878373,0.00796068889996738,0.001));
#15267=CARTESIAN_POINT('',(-0.00801649152878373,0.00796068889996738,0.));
#15268=CARTESIAN_POINT('',(-0.00808986687850667,0.00803362487633869,0.001));
#15269=CARTESIAN_POINT('',(-0.00808986687850667,0.00803362487633869,0.));
#15270=CARTESIAN_POINT('',(-0.00812655455336814,0.00816016440160939,0.001));
#15271=CARTESIAN_POINT('',(-0.00812655455336814,0.00816016440160939,0.));
#15272=CARTESIAN_POINT('',(-0.00812655455336814,0.00834030747577948,0.001));
#15273=CARTESIAN_POINT('',(-0.00812655455336814,0.00834030747577948,0.));
#15274=CARTESIAN_POINT('',(-0.00801649152878373,0.00796068889996738,0.));
#15275=CARTESIAN_POINT('',(-0.00812655455336814,0.00807009286452434,0.));
#15276=CARTESIAN_POINT('',(-0.00812655455336814,0.00834030747577948,0.));
#15277=CARTESIAN_POINT('',(-0.00812655455336814,0.00834030747577948,0.));
#15278=CARTESIAN_POINT('',(-0.00801649152878373,0.00796068889996738,0.001));
#15279=CARTESIAN_POINT('',(-0.00812655455336814,0.00807009286452434,0.001));
#15280=CARTESIAN_POINT('',(-0.00812655455336814,0.00834030747577948,0.001));
#15281=CARTESIAN_POINT('',(-0.00812655455336814,0.00834030747577948,0.001));
#15282=CARTESIAN_POINT('',(-0.00812655455336814,0.00834030747577948,0.001));
#15283=CARTESIAN_POINT('',(-0.00812655455336814,0.00854263890420711,0.001));
#15284=CARTESIAN_POINT('',(-0.00812655455336814,0.00854263890420711,0.));
#15285=CARTESIAN_POINT('',(-0.00812655455336814,0.00854263890420711,0.001));
#15286=CARTESIAN_POINT('',(-0.00575525657459741,0.0110648616292642,0.001));
#15287=CARTESIAN_POINT('',(-0.00575525657459741,0.0110648616292642,0.));
#15288=CARTESIAN_POINT('',(-0.00575525657459741,0.0111263738984931,0.001));
#15289=CARTESIAN_POINT('',(-0.00575525657459741,0.0111263738984931,0.));
#15290=CARTESIAN_POINT('',(-0.00576799840179481,0.0111698718603049,0.001));
#15291=CARTESIAN_POINT('',(-0.00576799840179481,0.0111698718603049,0.));
#15292=CARTESIAN_POINT('',(-0.0057934820561896,0.0111953555146997,0.001));
#15293=CARTESIAN_POINT('',(-0.0057934820561896,0.0111953555146997,0.));
#15294=CARTESIAN_POINT('',(-0.00575525657459741,0.0110648616292642,0.001));
#15295=CARTESIAN_POINT('',(-0.00575525657459741,0.0111571300331075,0.001));
#15296=CARTESIAN_POINT('',(-0.0057934820561896,0.0111953555146997,0.001));
#15297=CARTESIAN_POINT('',(0.00543415728104759,0.0101126253995156,0.001));
#15298=CARTESIAN_POINT('',(0.0054341572810476,0.00944668416563343,0.));
#15299=CARTESIAN_POINT('',(0.0310506097184627,0.0110569529089348,0.001));
#15300=CARTESIAN_POINT('',(0.0310506097184627,0.0110569529089348,0.));
#15301=CARTESIAN_POINT('',(0.0310506097184626,0.0111747049671728,0.001));
#15302=CARTESIAN_POINT('',(0.0310506097184626,0.0111747049671728,0.));
#15303=CARTESIAN_POINT('',(0.0309943699294535,0.0112335809962918,0.001));
#15304=CARTESIAN_POINT('',(0.0309943699294535,0.0112335809962918,0.));
#15305=CARTESIAN_POINT('',(0.030881890351435,0.0112335809962918,0.001));
#15306=CARTESIAN_POINT('',(0.030881890351435,0.0112335809962918,0.));
#15307=CARTESIAN_POINT('',(0.0310506097184627,0.0110569529089348,0.001));
#15308=CARTESIAN_POINT('',(0.0310506097184627,0.0110569529089348,0.001));
#15309=CARTESIAN_POINT('',(0.0310506097184627,0.0110569529089348,0.001));
#15310=CARTESIAN_POINT('',(0.0310506097184627,0.0112335809962918,0.001));
#15311=CARTESIAN_POINT('',(0.030881890351435,0.0112335809962918,0.001));
#15312=CARTESIAN_POINT('',(0.030881890351435,0.0112335809962918,0.001));
#15313=CARTESIAN_POINT('',(0.030881890351435,0.0112335809962918,0.001));
#15314=CARTESIAN_POINT('',(0.029493909933622,0.0112335809962918,0.001));
#15315=CARTESIAN_POINT('',(0.029493909933622,0.0112335809962918,0.001));
#15316=CARTESIAN_POINT('',(0.0281059295158091,0.0112335809962918,0.001));
#15317=CARTESIAN_POINT('',(0.0281059295158091,0.0112335809962918,0.001));
#15318=CARTESIAN_POINT('',(0.0281059295158091,0.0112335809962918,0.001));
#15319=CARTESIAN_POINT('',(0.0281059295158091,0.0112335809962918,0.));
#15320=CARTESIAN_POINT('',(0.0279881774575711,0.0112335809962918,0.001));
#15321=CARTESIAN_POINT('',(0.0279881774575711,0.0112335809962918,0.));
#15322=CARTESIAN_POINT('',(0.0279293014284521,0.0111747049671728,0.001));
#15323=CARTESIAN_POINT('',(0.0279293014284521,0.0111747049671728,0.));
#15324=CARTESIAN_POINT('',(0.027929301428452,0.0110569529089348,0.001));
#15325=CARTESIAN_POINT('',(0.027929301428452,0.0110569529089348,0.));
#15326=CARTESIAN_POINT('',(0.0281059295158091,0.0112335809962918,0.001));
#15327=CARTESIAN_POINT('',(0.027929301428452,0.0112335809962918,0.001));
#15328=CARTESIAN_POINT('',(0.027929301428452,0.0110569529089348,0.001));
#15329=CARTESIAN_POINT('',(0.027929301428452,0.0110569529089348,0.001));
#15330=CARTESIAN_POINT('',(0.027929301428452,0.0110569529089348,0.001));
#15331=CARTESIAN_POINT('',(0.027929301428452,0.00852154898332867,0.001));
#15332=CARTESIAN_POINT('',(0.027929301428452,0.00852154898332867,0.001));
#15333=CARTESIAN_POINT('',(0.027929301428452,0.0059861450577225,0.001));
#15334=CARTESIAN_POINT('',(0.027929301428452,0.0059861450577225,0.001));
#15335=CARTESIAN_POINT('',(0.027929301428452,0.0059861450577225,0.001));
#15336=CARTESIAN_POINT('',(0.027929301428452,0.0059861450577225,0.));
#15337=CARTESIAN_POINT('',(0.0279293014284521,0.00586839299948449,0.001));
#15338=CARTESIAN_POINT('',(0.0279293014284521,0.00586839299948449,0.));
#15339=CARTESIAN_POINT('',(0.0279881774575711,0.00580951697036548,0.001));
#15340=CARTESIAN_POINT('',(0.0279881774575711,0.00580951697036548,0.));
#15341=CARTESIAN_POINT('',(0.0281059295158091,0.00580951697036548,0.001));
#15342=CARTESIAN_POINT('',(0.0281059295158091,0.00580951697036548,0.));
#15343=CARTESIAN_POINT('',(0.027929301428452,0.0059861450577225,0.001));
#15344=CARTESIAN_POINT('',(0.027929301428452,0.00580951697036548,0.001));
#15345=CARTESIAN_POINT('',(0.0281059295158091,0.00580951697036548,0.001));
#15346=CARTESIAN_POINT('',(0.0281059295158091,0.00580951697036548,0.001));
#15347=CARTESIAN_POINT('',(0.0281059295158091,0.00580951697036548,0.001));
#15348=CARTESIAN_POINT('',(0.0284644581707427,0.00580951697036548,0.001));
#15349=CARTESIAN_POINT('',(0.0284644581707427,0.00580951697036548,0.001));
#15350=CARTESIAN_POINT('',(0.0288229868256764,0.00580951697036548,0.001));
#15351=CARTESIAN_POINT('',(0.0288229868256764,0.00580951697036548,0.001));
#15352=CARTESIAN_POINT('',(0.0288229868256764,0.00580951697036548,0.001));
#15353=CARTESIAN_POINT('',(0.0288229868256764,0.00580951697036548,0.));
#15354=CARTESIAN_POINT('',(0.0289416176306177,0.00580951697036548,0.001));
#15355=CARTESIAN_POINT('',(0.0289416176306177,0.00580951697036548,0.));
#15356=CARTESIAN_POINT('',(0.0290009330330883,0.00586839299948449,0.001));
#15357=CARTESIAN_POINT('',(0.0290009330330883,0.00586839299948449,0.));
#15358=CARTESIAN_POINT('',(0.0290009330330883,0.0059861450577225,0.001));
#15359=CARTESIAN_POINT('',(0.0290009330330883,0.0059861450577225,0.));
#15360=CARTESIAN_POINT('',(0.0288229868256764,0.00580951697036548,0.001));
#15361=CARTESIAN_POINT('',(0.0290009330330883,0.00580951697036548,0.001));
#15362=CARTESIAN_POINT('',(0.0290009330330883,0.0059861450577225,0.001));
#15363=CARTESIAN_POINT('',(0.0290009330330883,0.00598614505772249,0.001));
#15364=CARTESIAN_POINT('',(0.0290009330330883,0.00598614505772249,0.001));
#15365=CARTESIAN_POINT('',(0.0290009330330883,0.0080951371455675,0.001));
#15366=CARTESIAN_POINT('',(0.0290009330330883,0.0080951371455675,0.001));
#15367=CARTESIAN_POINT('',(0.0290009330330883,0.0102041292334125,0.001));
#15368=CARTESIAN_POINT('',(0.0290009330330883,0.0102041292334125,0.001));
#15369=CARTESIAN_POINT('',(0.0290009330330883,0.0102041292334125,0.001));
#15370=CARTESIAN_POINT('',(0.0290009330330883,0.0102041292334125,0.));
#15371=CARTESIAN_POINT('',(0.0290009330330883,0.0102665202493446,0.001));
#15372=CARTESIAN_POINT('',(0.0290009330330883,0.0102665202493446,0.));
#15373=CARTESIAN_POINT('',(0.0290347647811642,0.0102977157573106,0.001));
#15374=CARTESIAN_POINT('',(0.0290347647811642,0.0102977157573106,0.));
#15375=CARTESIAN_POINT('',(0.0291024282773159,0.0102977157573106,0.001));
#15376=CARTESIAN_POINT('',(0.0291024282773159,0.0102977157573106,0.));
#15377=CARTESIAN_POINT('',(0.0290009330330883,0.0102041292334125,0.001));
#15378=CARTESIAN_POINT('',(0.0290009330330883,0.0102977157573106,0.001));
#15379=CARTESIAN_POINT('',(0.0291024282773159,0.0102977157573106,0.001));
#15380=CARTESIAN_POINT('',(0.0291024282773159,0.0102977157573106,0.001));
#15381=CARTESIAN_POINT('',(0.0291024282773159,0.0102977157573106,0.001));
#15382=CARTESIAN_POINT('',(0.0299921593143755,0.0102977157573106,0.001));
#15383=CARTESIAN_POINT('',(0.0299921593143755,0.0102977157573106,0.001));
#15384=CARTESIAN_POINT('',(0.030881890351435,0.0102977157573106,0.001));
#15385=CARTESIAN_POINT('',(0.030881890351435,0.0102977157573106,0.001));
#15386=CARTESIAN_POINT('',(0.030881890351435,0.0102977157573106,0.001));
#15387=CARTESIAN_POINT('',(0.030881890351435,0.0102977157573106,0.));
#15388=CARTESIAN_POINT('',(0.0309943699294535,0.0102977157573106,0.001));
#15389=CARTESIAN_POINT('',(0.0309943699294535,0.0102977157573106,0.));
#15390=CARTESIAN_POINT('',(0.0310506097184626,0.0103592280265394,0.001));
#15391=CARTESIAN_POINT('',(0.0310506097184626,0.0103592280265394,0.));
#15392=CARTESIAN_POINT('',(0.0310506097184627,0.0104822525649971,0.001));
#15393=CARTESIAN_POINT('',(0.0310506097184627,0.0104822525649971,0.));
#15394=CARTESIAN_POINT('',(0.030881890351435,0.0102977157573106,0.001));
#15395=CARTESIAN_POINT('',(0.0310506097184627,0.0102977157573106,0.001));
#15396=CARTESIAN_POINT('',(0.0310506097184627,0.0104822525649971,0.001));
#15397=CARTESIAN_POINT('',(0.0310506097184627,0.0104822525649971,0.001));
#15398=CARTESIAN_POINT('',(0.0310506097184627,0.0104822525649971,0.001));
#15399=CARTESIAN_POINT('',(0.0310506097184627,0.0107696027369659,0.001));
#15400=CARTESIAN_POINT('',(0.0310506097184627,0.0107696027369659,0.001));
#15401=CARTESIAN_POINT('',(0.00543415728104759,0.0101126253995156,0.001));
#15402=CARTESIAN_POINT('',(-0.0238708395491585,0.000397316024933228,0.001));
#15403=CARTESIAN_POINT('',(-0.0238708395491585,0.000397316024933228,0.));
#15404=CARTESIAN_POINT('',(-0.0238958838302017,0.000422799679328021,0.001));
#15405=CARTESIAN_POINT('',(-0.0238958838302017,0.000422799679328021,0.));
#15406=CARTESIAN_POINT('',(-0.0239365258652279,0.000435541506525418,0.001));
#15407=CARTESIAN_POINT('',(-0.0239365258652279,0.000435541506525418,0.));
#15408=CARTESIAN_POINT('',(-0.0239927656542371,0.000435541506525418,0.001));
#15409=CARTESIAN_POINT('',(-0.0239927656542371,0.000435541506525418,0.));
#15410=CARTESIAN_POINT('',(-0.0238708395491585,0.000397316024933228,0.001));
#15411=CARTESIAN_POINT('',(-0.0238708395491585,0.000397316024933228,0.001));
#15412=CARTESIAN_POINT('',(-0.0238708395491585,0.000397316024933228,0.001));
#15413=CARTESIAN_POINT('',(-0.0239084059707233,0.000435541506525418,0.001));
#15414=CARTESIAN_POINT('',(-0.0239927656542371,0.000435541506525418,0.001));
#15415=CARTESIAN_POINT('',(-0.0239927656542371,0.000435541506525418,0.001));
#15416=CARTESIAN_POINT('',(-0.0239927656542371,0.000435541506525418,0.001));
#15417=CARTESIAN_POINT('',(-0.0243980875711198,0.000435541506525418,0.001));
#15418=CARTESIAN_POINT('',(-0.0243980875711198,0.000435541506525418,0.001));
#15419=CARTESIAN_POINT('',(-0.0248034094880026,0.000435541506525418,0.001));
#15420=CARTESIAN_POINT('',(-0.0248034094880026,0.000435541506525418,0.001));
#15421=CARTESIAN_POINT('',(-0.0248034094880026,0.000435541506525418,0.001));
#15422=CARTESIAN_POINT('',(-0.0248034094880026,0.000435541506525418,0.));
#15423=CARTESIAN_POINT('',(-0.0249044653588785,0.000435541506525418,0.001));
#15424=CARTESIAN_POINT('',(-0.0249044653588785,0.000435541506525418,0.));
#15425=CARTESIAN_POINT('',(-0.0249378577336026,0.000376665477406412,0.001));
#15426=CARTESIAN_POINT('',(-0.0249378577336026,0.000376665477406412,0.));
#15427=CARTESIAN_POINT('',(-0.0249035866121751,0.000258913419168399,0.001));
#15428=CARTESIAN_POINT('',(-0.0249035866121751,0.000258913419168399,0.));
#15429=CARTESIAN_POINT('',(-0.0248034094880026,0.000435541506525418,0.001));
#15430=CARTESIAN_POINT('',(-0.0249549932943164,0.000435541506525418,0.001));
#15431=CARTESIAN_POINT('',(-0.0249035866121751,0.000258913419168399,0.001));
#15432=CARTESIAN_POINT('',(-0.0249035866121751,0.000258913419168398,0.001));
#15433=CARTESIAN_POINT('',(-0.0249035866121751,0.000258913419168398,0.001));
#15434=CARTESIAN_POINT('',(-0.0242372769244216,-0.00227649050643777,0.001));
#15435=CARTESIAN_POINT('',(-0.0242372769244216,-0.00227649050643777,0.001));
#15436=CARTESIAN_POINT('',(-0.0235709672366681,-0.00481189443204394,0.001));
#15437=CARTESIAN_POINT('',(-0.0235709672366681,-0.00481189443204394,0.001));
#15438=CARTESIAN_POINT('',(-0.0235709672366681,-0.00481189443204394,0.001));
#15439=CARTESIAN_POINT('',(-0.0235709672366681,-0.00481189443204394,0.));
#15440=CARTESIAN_POINT('',(-0.023531423635021,-0.00492964649028195,0.001));
#15441=CARTESIAN_POINT('',(-0.023531423635021,-0.00492964649028195,0.));
#15442=CARTESIAN_POINT('',(-0.0234470639515072,-0.00498852251940096,0.001));
#15443=CARTESIAN_POINT('',(-0.0234470639515072,-0.00498852251940096,0.));
#15444=CARTESIAN_POINT('',(-0.0233178881861267,-0.00498852251940096,0.001));
#15445=CARTESIAN_POINT('',(-0.0233178881861267,-0.00498852251940096,0.));
#15446=CARTESIAN_POINT('',(-0.0235709672366681,-0.00481189443204394,0.001));
#15447=CARTESIAN_POINT('',(-0.0235116518341974,-0.00498852251940096,0.001));
#15448=CARTESIAN_POINT('',(-0.0233178881861267,-0.00498852251940096,0.001));
#15449=CARTESIAN_POINT('',(-0.0233178881861267,-0.00498852251940096,0.001));
#15450=CARTESIAN_POINT('',(-0.0233178881861267,-0.00498852251940096,0.001));
#15451=CARTESIAN_POINT('',(-0.0227570281027655,-0.00498852251940096,0.001));
#15452=CARTESIAN_POINT('',(-0.0227570281027655,-0.00498852251940096,0.001));
#15453=CARTESIAN_POINT('',(-0.0221961680194041,-0.00498852251940096,0.001));
#15454=CARTESIAN_POINT('',(-0.0221961680194041,-0.00498852251940096,0.001));
#15455=CARTESIAN_POINT('',(-0.0221961680194041,-0.00498852251940096,0.001));
#15456=CARTESIAN_POINT('',(-0.0221961680194041,-0.00498852251940096,0.));
#15457=CARTESIAN_POINT('',(-0.0220555685468811,-0.00498852251940096,0.001));
#15458=CARTESIAN_POINT('',(-0.0220555685468811,-0.00498852251940096,0.));
#15459=CARTESIAN_POINT('',(-0.0219712088633674,-0.00492964649028195,0.001));
#15460=CARTESIAN_POINT('',(-0.0219712088633674,-0.00492964649028195,0.));
#15461=CARTESIAN_POINT('',(-0.0219430889688627,-0.00481189443204394,0.001));
#15462=CARTESIAN_POINT('',(-0.0219430889688627,-0.00481189443204394,0.));
#15463=CARTESIAN_POINT('',(-0.0221961680194041,-0.00498852251940096,0.001));
#15464=CARTESIAN_POINT('',(-0.0219852688106197,-0.00498852251940096,0.001));
#15465=CARTESIAN_POINT('',(-0.0219430889688627,-0.00481189443204394,0.001));
#15466=CARTESIAN_POINT('',(-0.0219430889688627,-0.00481189443204394,0.001));
#15467=CARTESIAN_POINT('',(-0.0219430889688627,-0.00481189443204394,0.001));
#15468=CARTESIAN_POINT('',(-0.0212767792811092,-0.00227649050643777,0.001));
#15469=CARTESIAN_POINT('',(-0.0212767792811092,-0.00227649050643777,0.001));
#15470=CARTESIAN_POINT('',(-0.0206104695933557,0.000258913419168399,0.001));
#15471=CARTESIAN_POINT('',(-0.0206104695933557,0.000258913419168399,0.001));
#15472=CARTESIAN_POINT('',(-0.0206104695933557,0.000258913419168399,0.001));
#15473=CARTESIAN_POINT('',(-0.0206104695933557,0.000258913419168399,0.));
#15474=CARTESIAN_POINT('',(-0.0205761984719282,0.000376665477406412,0.001));
#15475=CARTESIAN_POINT('',(-0.0205761984719282,0.000376665477406412,0.));
#15476=CARTESIAN_POINT('',(-0.020610030220004,0.000435541506525418,0.001));
#15477=CARTESIAN_POINT('',(-0.020610030220004,0.000435541506525418,0.));
#15478=CARTESIAN_POINT('',(-0.0207119648375832,0.000435541506525418,0.001));
#15479=CARTESIAN_POINT('',(-0.0207119648375832,0.000435541506525418,0.));
#15480=CARTESIAN_POINT('',(-0.0206104695933557,0.000258913419168399,0.001));
#15481=CARTESIAN_POINT('',(-0.0205590629112144,0.000435541506525418,0.001));
#15482=CARTESIAN_POINT('',(-0.0207119648375832,0.000435541506525418,0.001));
#15483=CARTESIAN_POINT('',(-0.0207119648375832,0.000435541506525418,0.001));
#15484=CARTESIAN_POINT('',(-0.0207119648375832,0.000435541506525418,0.001));
#15485=CARTESIAN_POINT('',(-0.0211166276944385,0.000435541506525418,0.001));
#15486=CARTESIAN_POINT('',(-0.0211166276944385,0.000435541506525418,0.001));
#15487=CARTESIAN_POINT('',(-0.0215212905512938,0.000435541506525418,0.001));
#15488=CARTESIAN_POINT('',(-0.0215212905512938,0.000435541506525418,0.001));
#15489=CARTESIAN_POINT('',(-0.0215212905512938,0.000435541506525418,0.001));
#15490=CARTESIAN_POINT('',(-0.0215212905512938,0.000435541506525418,0.));
#15491=CARTESIAN_POINT('',(-0.0215828028205226,0.000435541506525418,0.001));
#15492=CARTESIAN_POINT('',(-0.0215828028205226,0.000435541506525418,0.));
#15493=CARTESIAN_POINT('',(-0.0216249826622795,0.000422799679328021,0.001));
#15494=CARTESIAN_POINT('',(-0.0216249826622795,0.000422799679328021,0.));
#15495=CARTESIAN_POINT('',(-0.0216478300765644,0.000397316024933228,0.001));
#15496=CARTESIAN_POINT('',(-0.0216478300765644,0.000397316024933228,0.));
#15497=CARTESIAN_POINT('',(-0.0215212905512938,0.000435541506525418,0.001));
#15498=CARTESIAN_POINT('',(-0.021613558955137,0.000435541506525418,0.001));
#15499=CARTESIAN_POINT('',(-0.0216478300765644,0.000397316024933228,0.001));
#15500=CARTESIAN_POINT('',(-0.0216478300765644,0.000397316024933228,0.001));
#15501=CARTESIAN_POINT('',(-0.0216478300765644,0.000397316024933228,0.001));
#15502=CARTESIAN_POINT('',(-0.0216478300765644,0.000397316024933228,0.001));
#15503=CARTESIAN_POINT('',(-0.0216478300765644,0.000397316024933228,0.));
#15504=CARTESIAN_POINT('',(-0.0216706774908494,0.000371832370538433,0.001));
#15505=CARTESIAN_POINT('',(-0.0216706774908494,0.000371832370538433,0.));
#15506=CARTESIAN_POINT('',(-0.0216873736782115,0.000325698168616824,0.001));
#15507=CARTESIAN_POINT('',(-0.0216873736782115,0.000325698168616824,0.));
#15508=CARTESIAN_POINT('',(-0.0216979186386508,0.000258913419168399,0.001));
#15509=CARTESIAN_POINT('',(-0.0216979186386508,0.000258913419168399,0.));
#15510=CARTESIAN_POINT('',(-0.0216478300765644,0.000397316024933228,0.001));
#15511=CARTESIAN_POINT('',(-0.0216821011979919,0.000359090543341037,0.001));
#15512=CARTESIAN_POINT('',(-0.0216979186386508,0.000258913419168399,0.001));
#15513=CARTESIAN_POINT('',(-0.0216979186386508,0.000258913419168399,0.001));
#15514=CARTESIAN_POINT('',(-0.0216979186386508,0.000258913419168399,0.001));
#15515=CARTESIAN_POINT('',(-0.021816549443592,-0.000205064840157503,0.001));
#15516=CARTESIAN_POINT('',(-0.021816549443592,-0.000205064840157503,0.001));
#15517=CARTESIAN_POINT('',(-0.0219351802485333,-0.000669043099483404,0.001));
#15518=CARTESIAN_POINT('',(-0.0219351802485333,-0.000669043099483404,0.001));
#15519=CARTESIAN_POINT('',(-0.0227576871627929,-0.000669043099483404,0.001));
#15520=CARTESIAN_POINT('',(-0.0227576871627929,-0.000669043099483404,0.001));
#15521=CARTESIAN_POINT('',(-0.0235801940770524,-0.000669043099483404,0.001));
#15522=CARTESIAN_POINT('',(-0.0235801940770524,-0.000669043099483404,0.001));
#15523=CARTESIAN_POINT('',(-0.0236981658219663,-0.000205064840157503,0.001));
#15524=CARTESIAN_POINT('',(-0.0236981658219663,-0.000205064840157503,0.001));
#15525=CARTESIAN_POINT('',(-0.0238161375668801,0.000258913419168399,0.001));
#15526=CARTESIAN_POINT('',(-0.0238161375668801,0.000258913419168399,0.001));
#15527=CARTESIAN_POINT('',(-0.0227530737426007,-0.00396829759690594,0.001));
#15528=CARTESIAN_POINT('',(-0.0227530737426007,-0.00396829759690594,0.));
#15529=CARTESIAN_POINT('',(-0.0227365972419145,-0.00396829759690594,0.));
#15530=CARTESIAN_POINT('',(-0.022769550243287,-0.00396829759690594,0.));
#15531=CARTESIAN_POINT('',(-0.0227365972419145,-0.00396829759690594,0.001));
#15532=CARTESIAN_POINT('',(-0.0227365972419145,-0.00396829759690594,0.001));
#15533=CARTESIAN_POINT('',(-0.0227530737426007,-0.00396829759690594,0.001));
#15534=CARTESIAN_POINT('',(-0.022769550243287,-0.00396829759690594,0.001));
#15535=CARTESIAN_POINT('',(-0.022769550243287,-0.00396829759690594,0.001));
#15536=CARTESIAN_POINT('',(-0.0230733769159422,-0.00274903654612054,0.001));
#15537=CARTESIAN_POINT('',(-0.0230733769159422,-0.00274903654612054,0.));
#15538=CARTESIAN_POINT('',(-0.0233772035885974,-0.00152977549533515,0.));
#15539=CARTESIAN_POINT('',(-0.0230733769159422,-0.00274903654612054,0.001));
#15540=CARTESIAN_POINT('',(-0.0233772035885974,-0.00152977549533515,0.001));
#15541=CARTESIAN_POINT('',(-0.0233772035885974,-0.00152977549533515,0.001));
#15542=CARTESIAN_POINT('',(-0.0227530737426007,-0.00152977549533515,0.001));
#15543=CARTESIAN_POINT('',(-0.0227530737426007,-0.00152977549533515,0.));
#15544=CARTESIAN_POINT('',(-0.0221289438966041,-0.00152977549533515,0.));
#15545=CARTESIAN_POINT('',(-0.0227530737426007,-0.00152977549533515,0.001));
#15546=CARTESIAN_POINT('',(-0.0221289438966041,-0.00152977549533515,0.001));
#15547=CARTESIAN_POINT('',(-0.0221289438966041,-0.00152977549533515,0.001));
#15548=CARTESIAN_POINT('',(-0.0224327705692593,-0.00274903654612054,0.001));
#15549=CARTESIAN_POINT('',(-0.0224327705692593,-0.00274903654612054,0.));
#15550=CARTESIAN_POINT('',(-0.0224327705692593,-0.00274903654612054,0.001));
#15551=CARTESIAN_POINT('',(-0.0238161375668801,0.000258913419168399,0.001));
#15552=CARTESIAN_POINT('',(-0.0238161375668801,0.000258913419168399,0.));
#15553=CARTESIAN_POINT('',(-0.0238275612740226,0.000325698168616824,0.001));
#15554=CARTESIAN_POINT('',(-0.0238275612740226,0.000325698168616824,0.));
#15555=CARTESIAN_POINT('',(-0.0238457952681154,0.000371832370538433,0.001));
#15556=CARTESIAN_POINT('',(-0.0238457952681154,0.000371832370538433,0.));
#15557=CARTESIAN_POINT('',(-0.0238708395491585,0.000397316024933228,0.001));
#15558=CARTESIAN_POINT('',(-0.0238708395491585,0.000397316024933228,0.));
#15559=CARTESIAN_POINT('',(-0.0238161375668801,0.000258913419168399,0.001));
#15560=CARTESIAN_POINT('',(-0.0238332731275939,0.000359090543341037,0.001));
#15561=CARTESIAN_POINT('',(-0.0238708395491585,0.000397316024933228,0.001));
#15562=CARTESIAN_POINT('',(0.00543415728104759,0.0101126253995156,0.001));
#15563=CARTESIAN_POINT('',(0.0054341572810476,0.00944668416563343,0.));
#15564=CARTESIAN_POINT('',(-0.0163975580298934,0.0101064375339368,0.001));
#15565=CARTESIAN_POINT('',(-0.0159034628772966,0.0111195636115427,0.001));
#15566=CARTESIAN_POINT('',(-0.0159036235558492,0.011119211247584,0.001));
#15567=CARTESIAN_POINT('',(-0.0163975580298934,0.0101064375339368,0.001));
#15568=CARTESIAN_POINT('',(-0.0164003940869994,0.0112335607292842,0.001));
#15569=CARTESIAN_POINT('',(-0.0164003941379951,0.0112335809962918,0.001));
#15570=CARTESIAN_POINT('',(-0.0165018893822226,0.0112335809962918,0.001));
#15571=CARTESIAN_POINT('',(-0.0165018893822226,0.0112335809962918,0.001));
#15572=CARTESIAN_POINT('',(-0.0166033846264502,0.0112335809962918,0.001));
#15573=CARTESIAN_POINT('',(-0.0166033846264502,0.0112335809962918,0.001));
#15574=CARTESIAN_POINT('',(-0.0166033846264502,0.0112335809962918,0.001));
#15575=CARTESIAN_POINT('',(-0.0166033846264502,0.0112335809962918,0.));
#15576=CARTESIAN_POINT('',(-0.0170480304583042,0.0112335809962918,0.001));
#15577=CARTESIAN_POINT('',(-0.0170480304583042,0.0112335809962918,0.));
#15578=CARTESIAN_POINT('',(-0.0173911810459306,0.0111153895647022,0.001));
#15579=CARTESIAN_POINT('',(-0.0173911810459306,0.0111153895647022,0.));
#15580=CARTESIAN_POINT('',(-0.0176328363893295,0.0108790067015229,0.001));
#15581=CARTESIAN_POINT('',(-0.0176328363893295,0.0108790067015229,0.));
#15582=CARTESIAN_POINT('',(-0.0166033846264502,0.0112335809962918,0.001));
#15583=CARTESIAN_POINT('',(-0.0172703533742312,0.0112335809962918,0.001));
#15584=CARTESIAN_POINT('',(-0.0176328363893295,0.0108790067015229,0.001));
#15585=CARTESIAN_POINT('',(-0.0176328363893295,0.0108790067015229,0.001));
#15586=CARTESIAN_POINT('',(-0.0176328363893295,0.0108790067015229,0.001));
#15587=CARTESIAN_POINT('',(-0.0176328363893295,0.0108790067015229,0.001));
#15588=CARTESIAN_POINT('',(-0.0176328363893295,0.0108790067015229,0.));
#15589=CARTESIAN_POINT('',(-0.0178744917327284,0.0106426238383436,0.001));
#15590=CARTESIAN_POINT('',(-0.0178744917327284,0.0106426238383436,0.));
#15591=CARTESIAN_POINT('',(-0.0179953194044279,0.0103025488641786,0.001));
#15592=CARTESIAN_POINT('',(-0.0179953194044279,0.0103025488641786,0.));
#15593=CARTESIAN_POINT('',(-0.0179953194044279,0.00985878177902789,0.001));
#15594=CARTESIAN_POINT('',(-0.0179953194044279,0.00985878177902789,0.));
#15595=CARTESIAN_POINT('',(-0.0176328363893295,0.0108790067015229,0.001));
#15596=CARTESIAN_POINT('',(-0.0179953194044279,0.010524432406754,0.001));
#15597=CARTESIAN_POINT('',(-0.0179953194044279,0.00985878177902789,0.001));
#15598=CARTESIAN_POINT('',(-0.0179953194044279,0.00985878177902789,0.001));
#15599=CARTESIAN_POINT('',(-0.0179953194044279,0.00985878177902789,0.001));
#15600=CARTESIAN_POINT('',(-0.0179953194044279,0.00908240906668995,0.001));
#15601=CARTESIAN_POINT('',(-0.0179953194044279,0.00908240906668995,0.001));
#15602=CARTESIAN_POINT('',(-0.0179953194044279,0.008306036354352,0.001));
#15603=CARTESIAN_POINT('',(-0.0179953194044279,0.008306036354352,0.001));
#15604=CARTESIAN_POINT('',(-0.0179953194044279,0.008306036354352,0.001));
#15605=CARTESIAN_POINT('',(-0.0179953194044279,0.008306036354352,0.));
#15606=CARTESIAN_POINT('',(-0.0179953194044279,0.00786226926920128,0.001));
#15607=CARTESIAN_POINT('',(-0.0179953194044279,0.00786226926920128,0.));
#15608=CARTESIAN_POINT('',(-0.0178744917327284,0.00752219429503627,0.001));
#15609=CARTESIAN_POINT('',(-0.0178744917327284,0.00752219429503627,0.));
#15610=CARTESIAN_POINT('',(-0.0176328363893295,0.00728581143185698,0.001));
#15611=CARTESIAN_POINT('',(-0.0176328363893295,0.00728581143185698,0.));
#15612=CARTESIAN_POINT('',(-0.0179953194044279,0.008306036354352,0.001));
#15613=CARTESIAN_POINT('',(-0.0179953194044279,0.00764038572662592,0.001));
#15614=CARTESIAN_POINT('',(-0.0176328363893295,0.00728581143185698,0.001));
#15615=CARTESIAN_POINT('',(-0.0176328363893295,0.00728581143185698,0.001));
#15616=CARTESIAN_POINT('',(-0.0176328363893295,0.00728581143185698,0.001));
#15617=CARTESIAN_POINT('',(-0.0176328363893295,0.00728581143185698,0.001));
#15618=CARTESIAN_POINT('',(-0.0176328363893295,0.00728581143185698,0.));
#15619=CARTESIAN_POINT('',(-0.0173911810459306,0.00704942856867769,0.001));
#15620=CARTESIAN_POINT('',(-0.0173911810459306,0.00704942856867769,0.));
#15621=CARTESIAN_POINT('',(-0.0170480304583042,0.00693123713708804,0.001));
#15622=CARTESIAN_POINT('',(-0.0170480304583042,0.00693123713708804,0.));
#15623=CARTESIAN_POINT('',(-0.0166033846264502,0.00693123713708804,0.001));
#15624=CARTESIAN_POINT('',(-0.0166033846264502,0.00693123713708804,0.));
#15625=CARTESIAN_POINT('',(-0.0176328363893295,0.00728581143185698,0.001));
#15626=CARTESIAN_POINT('',(-0.0172703533742312,0.00693123713708804,0.001));
#15627=CARTESIAN_POINT('',(-0.0166033846264502,0.00693123713708804,0.001));
#15628=CARTESIAN_POINT('',(-0.0166033846264502,0.00693123713708804,0.001));
#15629=CARTESIAN_POINT('',(-0.0166033846264502,0.00693123713708804,0.001));
#15630=CARTESIAN_POINT('',(-0.0156292939058768,0.00693123713708804,0.001));
#15631=CARTESIAN_POINT('',(-0.0156292939058768,0.00693123713708804,0.001));
#15632=CARTESIAN_POINT('',(-0.0146552031853033,0.00693123713708804,0.001));
#15633=CARTESIAN_POINT('',(-0.0146552031853033,0.00693123713708804,0.001));
#15634=CARTESIAN_POINT('',(-0.0146552031853033,0.00693123713708804,0.001));
#15635=CARTESIAN_POINT('',(-0.0146552031853033,0.00693123713708804,0.));
#15636=CARTESIAN_POINT('',(-0.0145312999001424,0.00693123713708804,0.001));
#15637=CARTESIAN_POINT('',(-0.0145312999001424,0.00693123713708804,0.));
#15638=CARTESIAN_POINT('',(-0.014469348257562,0.00699011316620705,0.001));
#15639=CARTESIAN_POINT('',(-0.014469348257562,0.00699011316620705,0.));
#15640=CARTESIAN_POINT('',(-0.014469348257562,0.00710786522444506,0.001));
#15641=CARTESIAN_POINT('',(-0.014469348257562,0.00710786522444506,0.));
#15642=CARTESIAN_POINT('',(-0.0146552031853033,0.00693123713708804,0.001));
#15643=CARTESIAN_POINT('',(-0.014469348257562,0.00693123713708804,0.001));
#15644=CARTESIAN_POINT('',(-0.014469348257562,0.00710786522444506,0.001));
#15645=CARTESIAN_POINT('',(-0.014469348257562,0.00710786522444506,0.001));
#15646=CARTESIAN_POINT('',(-0.014469348257562,0.00710786522444506,0.001));
#15647=CARTESIAN_POINT('',(-0.014469348257562,0.00908240906668995,0.001));
#15648=CARTESIAN_POINT('',(-0.014469348257562,0.00908240906668995,0.001));
#15649=CARTESIAN_POINT('',(-0.014469348257562,0.0110569529089348,0.001));
#15650=CARTESIAN_POINT('',(-0.014469348257562,0.0110569529089348,0.001));
#15651=CARTESIAN_POINT('',(-0.014469348257562,0.0110569529089348,0.001));
#15652=CARTESIAN_POINT('',(-0.014469348257562,0.0110569529089348,0.));
#15653=CARTESIAN_POINT('',(-0.014469348257562,0.0111747049671728,0.001));
#15654=CARTESIAN_POINT('',(-0.014469348257562,0.0111747049671728,0.));
#15655=CARTESIAN_POINT('',(-0.0145312999001424,0.0112335809962918,0.001));
#15656=CARTESIAN_POINT('',(-0.0145312999001424,0.0112335809962918,0.));
#15657=CARTESIAN_POINT('',(-0.0146552031853033,0.0112335809962918,0.001));
#15658=CARTESIAN_POINT('',(-0.0146552031853033,0.0112335809962918,0.));
#15659=CARTESIAN_POINT('',(-0.014469348257562,0.0110569529089348,0.001));
#15660=CARTESIAN_POINT('',(-0.014469348257562,0.0112335809962918,0.001));
#15661=CARTESIAN_POINT('',(-0.0146552031853033,0.0112335809962918,0.001));
#15662=CARTESIAN_POINT('',(-0.0146552031853033,0.0112335809962918,0.001));
#15663=CARTESIAN_POINT('',(-0.0146552031853033,0.0112335809962918,0.001));
#15664=CARTESIAN_POINT('',(-0.0150091184200448,0.0112335809962918,0.001));
#15665=CARTESIAN_POINT('',(-0.0150091184200448,0.0112335809962918,0.001));
#15666=CARTESIAN_POINT('',(-0.0153630336547863,0.0112335809962918,0.001));
#15667=CARTESIAN_POINT('',(-0.0153630336547863,0.0112335809962918,0.001));
#15668=CARTESIAN_POINT('',(-0.0153630336547863,0.0112335809962918,0.001));
#15669=CARTESIAN_POINT('',(-0.0153630336547863,0.0112335809962918,0.));
#15670=CARTESIAN_POINT('',(-0.0154816644597276,0.0112335809962918,0.001));
#15671=CARTESIAN_POINT('',(-0.0154816644597276,0.0112335809962918,0.));
#15672=CARTESIAN_POINT('',(-0.0155409798621982,0.0111747049671728,0.001));
#15673=CARTESIAN_POINT('',(-0.0155409798621982,0.0111747049671728,0.));
#15674=CARTESIAN_POINT('',(-0.0155409798621983,0.0110569529089348,0.001));
#15675=CARTESIAN_POINT('',(-0.0155409798621983,0.0110569529089348,0.));
#15676=CARTESIAN_POINT('',(-0.0153630336547863,0.0112335809962918,0.001));
#15677=CARTESIAN_POINT('',(-0.0155409798621983,0.0112335809962918,0.001));
#15678=CARTESIAN_POINT('',(-0.0155409798621983,0.0110569529089348,0.001));
#15679=CARTESIAN_POINT('',(-0.0155409798621983,0.0110569529089348,0.001));
#15680=CARTESIAN_POINT('',(-0.0155409798621983,0.0110569529089348,0.001));
#15681=CARTESIAN_POINT('',(-0.0155409798621983,0.0109172321831151,0.001));
#15682=CARTESIAN_POINT('',(-0.0155409798621983,0.0109172321831151,0.001));
#15683=CARTESIAN_POINT('',(-0.0155409798621983,0.0107775114572954,0.001));
#15684=CARTESIAN_POINT('',(-0.0155409798621983,0.0107775114572954,0.001));
#15685=CARTESIAN_POINT('',(-0.0155574563628845,0.0107775114572954,0.001));
#15686=CARTESIAN_POINT('',(-0.0155574563628845,0.0107775114572954,0.001));
#15687=CARTESIAN_POINT('',(-0.0155736413154731,0.0107775114572954,0.001));
#15688=CARTESIAN_POINT('',(-0.0155736413154731,0.0107775114572954,0.001));
#15689=CARTESIAN_POINT('',(-0.0161222708064105,0.01030562447764,0.001));
#15690=CARTESIAN_POINT('',(-0.0161222708064105,0.01030562447764,0.));
#15691=CARTESIAN_POINT('',(-0.015734743510269,0.01030562447764,0.001));
#15692=CARTESIAN_POINT('',(-0.015734743510269,0.01030562447764,0.));
#15693=CARTESIAN_POINT('',(-0.0155409798621982,0.0100920890287457,0.001));
#15694=CARTESIAN_POINT('',(-0.0155409798621982,0.0100920890287457,0.));
#15695=CARTESIAN_POINT('',(-0.0155409798621983,0.00966501813095713,0.001));
#15696=CARTESIAN_POINT('',(-0.0155409798621983,0.00966501813095713,0.));
#15697=CARTESIAN_POINT('',(-0.0161222708064105,0.01030562447764,0.));
#15698=CARTESIAN_POINT('',(-0.0155409798621983,0.01030562447764,0.));
#15699=CARTESIAN_POINT('',(-0.0155409798621983,0.00966501813095713,0.));
#15700=CARTESIAN_POINT('',(-0.0161222708064105,0.01030562447764,0.));
#15701=CARTESIAN_POINT('',(-0.0155409798621983,0.00966501813095713,0.));
#15702=CARTESIAN_POINT('',(-0.0161222708064105,0.01030562447764,0.001));
#15703=CARTESIAN_POINT('',(-0.0161222708064105,0.01030562447764,0.001));
#15704=CARTESIAN_POINT('',(-0.0161222708064105,0.01030562447764,0.001));
#15705=CARTESIAN_POINT('',(-0.0155409798621983,0.01030562447764,0.001));
#15706=CARTESIAN_POINT('',(-0.0155409798621983,0.00966501813095713,0.001));
#15707=CARTESIAN_POINT('',(-0.0155409798621983,0.00966501813095713,0.001));
#15708=CARTESIAN_POINT('',(-0.0155409798621983,0.00966501813095713,0.001));
#15709=CARTESIAN_POINT('',(-0.0155409798621983,0.0088082400952701,0.001));
#15710=CARTESIAN_POINT('',(-0.0155409798621983,0.0088082400952701,0.));
#15711=CARTESIAN_POINT('',(-0.0155409798621983,0.00795146205958306,0.));
#15712=CARTESIAN_POINT('',(-0.0155409798621983,0.0088082400952701,0.001));
#15713=CARTESIAN_POINT('',(-0.0155409798621983,0.00795146205958306,0.001));
#15714=CARTESIAN_POINT('',(-0.0155409798621983,0.00795146205958306,0.001));
#15715=CARTESIAN_POINT('',(-0.0155409798621983,0.00795146205958306,0.001));
#15716=CARTESIAN_POINT('',(-0.0155409798621983,0.00795146205958306,0.));
#15717=CARTESIAN_POINT('',(-0.0155409798621982,0.00788994979035425,0.001));
#15718=CARTESIAN_POINT('',(-0.0155409798621982,0.00788994979035425,0.));
#15719=CARTESIAN_POINT('',(-0.0155743722369225,0.00785919365573984,0.001));
#15720=CARTESIAN_POINT('',(-0.0155743722369225,0.00785919365573984,0.));
#15721=CARTESIAN_POINT('',(-0.0156411569863709,0.00785919365573984,0.001));
#15722=CARTESIAN_POINT('',(-0.0156411569863709,0.00785919365573984,0.));
#15723=CARTESIAN_POINT('',(-0.0155409798621983,0.00795146205958306,0.));
#15724=CARTESIAN_POINT('',(-0.0155409798621983,0.00785919365573984,0.));
#15725=CARTESIAN_POINT('',(-0.0156411569863709,0.00785919365573984,0.));
#15726=CARTESIAN_POINT('',(-0.0156411569863709,0.00785919365573984,0.));
#15727=CARTESIAN_POINT('',(-0.0155409798621983,0.00795146205958306,0.001));
#15728=CARTESIAN_POINT('',(-0.0155409798621983,0.00785919365573984,0.001));
#15729=CARTESIAN_POINT('',(-0.0156411569863709,0.00785919365573984,0.001));
#15730=CARTESIAN_POINT('',(-0.0156411569863709,0.00785919365573984,0.001));
#15731=CARTESIAN_POINT('',(-0.0156411569863709,0.00785919365573984,0.001));
#15732=CARTESIAN_POINT('',(-0.0160379111228967,0.00785919365573984,0.001));
#15733=CARTESIAN_POINT('',(-0.0160379111228967,0.00785919365573984,0.));
#15734=CARTESIAN_POINT('',(-0.0164346652594226,0.00785919365573984,0.));
#15735=CARTESIAN_POINT('',(-0.0160379111228967,0.00785919365573984,0.001));
#15736=CARTESIAN_POINT('',(-0.0164346652594226,0.00785919365573984,0.001));
#15737=CARTESIAN_POINT('',(-0.0164346652594226,0.00785919365573984,0.001));
#15738=CARTESIAN_POINT('',(-0.0164346652594226,0.00785919365573984,0.001));
#15739=CARTESIAN_POINT('',(-0.0164346652594226,0.00785919365573984,0.));
#15740=CARTESIAN_POINT('',(-0.0166148083335927,0.00785919365573984,0.001));
#15741=CARTESIAN_POINT('',(-0.0166148083335927,0.00785919365573984,0.));
#15742=CARTESIAN_POINT('',(-0.0167413478588634,0.00789719945065621,0.001));
#15743=CARTESIAN_POINT('',(-0.0167413478588634,0.00789719945065621,0.));
#15744=CARTESIAN_POINT('',(-0.0168142838352346,0.00797321104048896,0.001));
#15745=CARTESIAN_POINT('',(-0.0168142838352346,0.00797321104048896,0.));
#15746=CARTESIAN_POINT('',(-0.0164346652594226,0.00785919365573984,0.));
#15747=CARTESIAN_POINT('',(-0.0167048798706777,0.00785919365573984,0.));
#15748=CARTESIAN_POINT('',(-0.0168142838352346,0.00797321104048896,0.));
#15749=CARTESIAN_POINT('',(-0.0168142838352346,0.00797321104048896,0.));
#15750=CARTESIAN_POINT('',(-0.0164346652594226,0.00785919365573984,0.001));
#15751=CARTESIAN_POINT('',(-0.0167048798706777,0.00785919365573984,0.001));
#15752=CARTESIAN_POINT('',(-0.0168142838352346,0.00797321104048896,0.001));
#15753=CARTESIAN_POINT('',(-0.0168142838352346,0.00797321104048896,0.001));
#15754=CARTESIAN_POINT('',(-0.0168142838352346,0.00797321104048896,0.001));
#15755=CARTESIAN_POINT('',(-0.0168142838352346,0.00797321104048896,0.001));
#15756=CARTESIAN_POINT('',(-0.0168142838352346,0.00797321104048896,0.));
#15757=CARTESIAN_POINT('',(-0.016887219811606,0.00804922263032171,0.001));
#15758=CARTESIAN_POINT('',(-0.016887219811606,0.00804922263032171,0.));
#15759=CARTESIAN_POINT('',(-0.0169236877997916,0.00817729996232313,0.001));
#15760=CARTESIAN_POINT('',(-0.0169236877997916,0.00817729996232313,0.));
#15761=CARTESIAN_POINT('',(-0.0169236877997916,0.00835744303649322,0.001));
#15762=CARTESIAN_POINT('',(-0.0169236877997916,0.00835744303649322,0.));
#15763=CARTESIAN_POINT('',(-0.0168142838352346,0.00797321104048896,0.));
#15764=CARTESIAN_POINT('',(-0.0169236877997916,0.00808722842523808,0.));
#15765=CARTESIAN_POINT('',(-0.0169236877997916,0.00835744303649322,0.));
#15766=CARTESIAN_POINT('',(-0.0169236877997916,0.00835744303649322,0.));
#15767=CARTESIAN_POINT('',(-0.0168142838352346,0.00797321104048896,0.001));
#15768=CARTESIAN_POINT('',(-0.0169236877997916,0.00808722842523808,0.001));
#15769=CARTESIAN_POINT('',(-0.0169236877997916,0.00835744303649322,0.001));
#15770=CARTESIAN_POINT('',(-0.0169236877997916,0.00835744303649322,0.001));
#15771=CARTESIAN_POINT('',(-0.0169236877997916,0.00835744303649322,0.001));
#15772=CARTESIAN_POINT('',(-0.0169236877997916,0.00908240906668994,0.001));
#15773=CARTESIAN_POINT('',(-0.0169236877997916,0.00908240906668994,0.));
#15774=CARTESIAN_POINT('',(-0.0169236877997916,0.00980737509688667,0.));
#15775=CARTESIAN_POINT('',(-0.0169236877997916,0.00908240906668994,0.001));
#15776=CARTESIAN_POINT('',(-0.0169236877997916,0.00980737509688667,0.001));
#15777=CARTESIAN_POINT('',(-0.0169236877997916,0.00980737509688667,0.001));
#15778=CARTESIAN_POINT('',(-0.0169236877997916,0.00980737509688667,0.001));
#15779=CARTESIAN_POINT('',(-0.0169236877997916,0.00980737509688667,0.));
#15780=CARTESIAN_POINT('',(-0.0169236877997916,0.00998751817105676,0.001));
#15781=CARTESIAN_POINT('',(-0.0169236877997916,0.00998751817105676,0.));
#15782=CARTESIAN_POINT('',(-0.016887219811606,0.0101155955030582,0.001));
#15783=CARTESIAN_POINT('',(-0.016887219811606,0.0101155955030582,0.));
#15784=CARTESIAN_POINT('',(-0.0168142838352346,0.0101916070928909,0.001));
#15785=CARTESIAN_POINT('',(-0.0168142838352346,0.0101916070928909,0.));
#15786=CARTESIAN_POINT('',(-0.0169236877997916,0.00980737509688667,0.));
#15787=CARTESIAN_POINT('',(-0.0169236877997916,0.0100775897081418,0.));
#15788=CARTESIAN_POINT('',(-0.0168142838352346,0.0101916070928909,0.));
#15789=CARTESIAN_POINT('',(-0.0168142838352346,0.0101916070928909,0.));
#15790=CARTESIAN_POINT('',(-0.0169236877997916,0.00980737509688667,0.001));
#15791=CARTESIAN_POINT('',(-0.0169236877997916,0.0100775897081418,0.001));
#15792=CARTESIAN_POINT('',(-0.0168142838352346,0.0101916070928909,0.001));
#15793=CARTESIAN_POINT('',(-0.0168142838352346,0.0101916070928909,0.001));
#15794=CARTESIAN_POINT('',(-0.0168142838352346,0.0101916070928909,0.001));
#15795=CARTESIAN_POINT('',(-0.0168142838352346,0.0101916070928909,0.001));
#15796=CARTESIAN_POINT('',(-0.0168142838352346,0.0101916070928909,0.));
#15797=CARTESIAN_POINT('',(-0.0167413478588634,0.0102676186827237,0.001));
#15798=CARTESIAN_POINT('',(-0.0167413478588634,0.0102676186827237,0.));
#15799=CARTESIAN_POINT('',(-0.0166148083335927,0.01030562447764,0.001));
#15800=CARTESIAN_POINT('',(-0.0166148083335927,0.01030562447764,0.));
#15801=CARTESIAN_POINT('',(-0.0164346652594226,0.01030562447764,0.001));
#15802=CARTESIAN_POINT('',(-0.0164346652594226,0.01030562447764,0.));
#15803=CARTESIAN_POINT('',(-0.0168142838352346,0.0101916070928909,0.));
#15804=CARTESIAN_POINT('',(-0.0167048798706777,0.01030562447764,0.));
#15805=CARTESIAN_POINT('',(-0.0164346652594226,0.01030562447764,0.));
#15806=CARTESIAN_POINT('',(-0.0164346652594226,0.01030562447764,0.));
#15807=CARTESIAN_POINT('',(-0.0168142838352346,0.0101916070928909,0.001));
#15808=CARTESIAN_POINT('',(-0.0167048798706777,0.01030562447764,0.001));
#15809=CARTESIAN_POINT('',(-0.0164346652594226,0.01030562447764,0.001));
#15810=CARTESIAN_POINT('',(-0.0164346652594226,0.01030562447764,0.001));
#15811=CARTESIAN_POINT('',(-0.0164346652594226,0.01030562447764,0.001));
#15812=CARTESIAN_POINT('',(-0.0162784680329165,0.01030562447764,0.001));
#15813=CARTESIAN_POINT('',(-0.0162784680329165,0.01030562447764,0.));
#15814=CARTESIAN_POINT('',(-0.0162784680329165,0.01030562447764,0.001));
#15815=CARTESIAN_POINT('',(-0.0161677520802963,0.0105332288047044,0.001));
#15816=CARTESIAN_POINT('',(-0.0161677520802963,0.0105332288047044,0.001));
#15817=CARTESIAN_POINT('',(0.00543415728104759,0.0101126253995156,0.001));
#15818=CARTESIAN_POINT('',(0.0054341572810476,0.00944668416563343,0.));
#15819=CARTESIAN_POINT('',(-0.0119611235187193,0.0101022505404262,0.001));
#15820=CARTESIAN_POINT('',(-0.0114660117124652,0.0111195636115427,0.001));
#15821=CARTESIAN_POINT('',(-0.0114661814971645,0.0111191893673433,0.001));
#15822=CARTESIAN_POINT('',(-0.0119611235187193,0.0101022505404262,0.001));
#15823=CARTESIAN_POINT('',(-0.0119636020019299,0.0112335667269612,0.001));
#15824=CARTESIAN_POINT('',(-0.0119636020331911,0.0112335809962918,0.001));
#15825=CARTESIAN_POINT('',(-0.0121369348204109,0.0112335809962918,0.001));
#15826=CARTESIAN_POINT('',(-0.0121369348204109,0.0112335809962918,0.001));
#15827=CARTESIAN_POINT('',(-0.0123102676076307,0.0112335809962918,0.001));
#15828=CARTESIAN_POINT('',(-0.0123102676076307,0.0112335809962918,0.001));
#15829=CARTESIAN_POINT('',(-0.0123102676076307,0.0112335809962918,0.001));
#15830=CARTESIAN_POINT('',(-0.0123102676076307,0.0112335809962918,0.));
#15831=CARTESIAN_POINT('',(-0.0127426109856389,0.0112335809962918,0.001));
#15832=CARTESIAN_POINT('',(-0.0127426109856389,0.0112335809962918,0.));
#15833=CARTESIAN_POINT('',(-0.0130699441326065,0.0111153895647022,0.001));
#15834=CARTESIAN_POINT('',(-0.0130699441326065,0.0111153895647022,0.));
#15835=CARTESIAN_POINT('',(-0.0132922670485335,0.0108790067015229,0.001));
#15836=CARTESIAN_POINT('',(-0.0132922670485335,0.0108790067015229,0.));
#15837=CARTESIAN_POINT('',(-0.0123102676076307,0.0112335809962918,0.001));
#15838=CARTESIAN_POINT('',(-0.012958782674643,0.0112335809962918,0.001));
#15839=CARTESIAN_POINT('',(-0.0132922670485335,0.0108790067015229,0.001));
#15840=CARTESIAN_POINT('',(-0.0132922670485335,0.0108790067015229,0.001));
#15841=CARTESIAN_POINT('',(-0.0132922670485335,0.0108790067015229,0.001));
#15842=CARTESIAN_POINT('',(-0.0132922670485335,0.0108790067015229,0.001));
#15843=CARTESIAN_POINT('',(-0.0132922670485335,0.0108790067015229,0.));
#15844=CARTESIAN_POINT('',(-0.0135145899644605,0.0106426238383436,0.001));
#15845=CARTESIAN_POINT('',(-0.0135145899644605,0.0106426238383436,0.));
#15846=CARTESIAN_POINT('',(-0.013625751422424,0.0103025488641786,0.001));
#15847=CARTESIAN_POINT('',(-0.013625751422424,0.0103025488641786,0.));
#15848=CARTESIAN_POINT('',(-0.013625751422424,0.00985878177902789,0.001));
#15849=CARTESIAN_POINT('',(-0.013625751422424,0.00985878177902789,0.));
#15850=CARTESIAN_POINT('',(-0.0132922670485335,0.0108790067015229,0.001));
#15851=CARTESIAN_POINT('',(-0.013625751422424,0.010524432406754,0.001));
#15852=CARTESIAN_POINT('',(-0.013625751422424,0.00985878177902789,0.001));
#15853=CARTESIAN_POINT('',(-0.013625751422424,0.00985878177902789,0.001));
#15854=CARTESIAN_POINT('',(-0.013625751422424,0.00985878177902789,0.001));
#15855=CARTESIAN_POINT('',(-0.013625751422424,0.00908240906668995,0.001));
#15856=CARTESIAN_POINT('',(-0.013625751422424,0.00908240906668995,0.001));
#15857=CARTESIAN_POINT('',(-0.013625751422424,0.008306036354352,0.001));
#15858=CARTESIAN_POINT('',(-0.013625751422424,0.008306036354352,0.001));
#15859=CARTESIAN_POINT('',(-0.013625751422424,0.008306036354352,0.001));
#15860=CARTESIAN_POINT('',(-0.013625751422424,0.008306036354352,0.));
#15861=CARTESIAN_POINT('',(-0.013625751422424,0.00786226926920128,0.001));
#15862=CARTESIAN_POINT('',(-0.013625751422424,0.00786226926920128,0.));
#15863=CARTESIAN_POINT('',(-0.0135145899644605,0.00752219429503627,0.001));
#15864=CARTESIAN_POINT('',(-0.0135145899644605,0.00752219429503627,0.));
#15865=CARTESIAN_POINT('',(-0.0132922670485335,0.00728581143185698,0.001));
#15866=CARTESIAN_POINT('',(-0.0132922670485335,0.00728581143185698,0.));
#15867=CARTESIAN_POINT('',(-0.013625751422424,0.008306036354352,0.001));
#15868=CARTESIAN_POINT('',(-0.013625751422424,0.00764038572662592,0.001));
#15869=CARTESIAN_POINT('',(-0.0132922670485335,0.00728581143185698,0.001));
#15870=CARTESIAN_POINT('',(-0.0132922670485335,0.00728581143185698,0.001));
#15871=CARTESIAN_POINT('',(-0.0132922670485335,0.00728581143185698,0.001));
#15872=CARTESIAN_POINT('',(-0.0132922670485335,0.00728581143185698,0.001));
#15873=CARTESIAN_POINT('',(-0.0132922670485335,0.00728581143185698,0.));
#15874=CARTESIAN_POINT('',(-0.0130699441326065,0.00704942856867769,0.001));
#15875=CARTESIAN_POINT('',(-0.0130699441326065,0.00704942856867769,0.));
#15876=CARTESIAN_POINT('',(-0.0127426109856389,0.00693123713708804,0.001));
#15877=CARTESIAN_POINT('',(-0.0127426109856389,0.00693123713708804,0.));
#15878=CARTESIAN_POINT('',(-0.0123102676076307,0.00693123713708804,0.001));
#15879=CARTESIAN_POINT('',(-0.0123102676076307,0.00693123713708804,0.));
#15880=CARTESIAN_POINT('',(-0.0132922670485335,0.00728581143185698,0.001));
#15881=CARTESIAN_POINT('',(-0.012958782674643,0.00693123713708804,0.001));
#15882=CARTESIAN_POINT('',(-0.0123102676076307,0.00693123713708804,0.001));
#15883=CARTESIAN_POINT('',(-0.0123102676076307,0.00693123713708804,0.001));
#15884=CARTESIAN_POINT('',(-0.0123102676076307,0.00693123713708804,0.001));
#15885=CARTESIAN_POINT('',(-0.0121369348204109,0.00693123713708804,0.001));
#15886=CARTESIAN_POINT('',(-0.0121369348204109,0.00693123713708804,0.001));
#15887=CARTESIAN_POINT('',(-0.0119636020019299,0.00693125140641867,0.00099999975));
#15888=CARTESIAN_POINT('',(-0.0119636020331911,0.00693123713708804,0.001));
#15889=CARTESIAN_POINT('',(-0.0119611235187193,0.0080625675929535,0.001));
#15890=CARTESIAN_POINT('',(-0.0119611235187193,0.0080625675929535,0.001));
#15891=CARTESIAN_POINT('',(-0.0114661810236682,0.00704562897669288,0.00099999975));
#15892=CARTESIAN_POINT('',(-0.0114660117124652,0.00704525452183716,0.001));
#15893=CARTESIAN_POINT('',(-0.01172647103108,0.00762690155777566,0.001));
#15894=CARTESIAN_POINT('',(-0.01172647103108,0.00762690155777566,0.001));
#15895=CARTESIAN_POINT('',(-0.011136810363986,0.00738730667608452,0.001));
#15896=CARTESIAN_POINT('',(-0.011136810363986,0.00738730667608452,0.001));
#15897=CARTESIAN_POINT('',(-0.0111200051980531,0.00738730667608452,0.001));
#15898=CARTESIAN_POINT('',(-0.0111200051980531,0.00738730667608452,0.001));
#15899=CARTESIAN_POINT('',(-0.0111028696373394,0.00738730667608452,0.001));
#15900=CARTESIAN_POINT('',(-0.0111028696373394,0.00738730667608452,0.001));
#15901=CARTESIAN_POINT('',(-0.0111028696373394,0.00643364681636211,0.001));
#15902=CARTESIAN_POINT('',(-0.0111028696373394,0.00643364681636211,0.001));
#15903=CARTESIAN_POINT('',(-0.0111028696373394,0.00547998695663969,0.001));
#15904=CARTESIAN_POINT('',(-0.0111028696373394,0.00547998695663969,0.001));
#15905=CARTESIAN_POINT('',(-0.0111028696373394,0.00547998695663969,0.001));
#15906=CARTESIAN_POINT('',(-0.0111028696373394,0.00547998695663969,0.));
#15907=CARTESIAN_POINT('',(-0.0111028696373394,0.00536223489840168,0.001));
#15908=CARTESIAN_POINT('',(-0.0111028696373394,0.00536223489840168,0.));
#15909=CARTESIAN_POINT('',(-0.0110439936082204,0.00530335886928268,0.001));
#15910=CARTESIAN_POINT('',(-0.0110439936082204,0.00530335886928268,0.));
#15911=CARTESIAN_POINT('',(-0.0109262415499824,0.00530335886928268,0.001));
#15912=CARTESIAN_POINT('',(-0.0109262415499824,0.00530335886928268,0.));
#15913=CARTESIAN_POINT('',(-0.0111028696373394,0.00547998695663969,0.001));
#15914=CARTESIAN_POINT('',(-0.0111028696373394,0.00530335886928268,0.001));
#15915=CARTESIAN_POINT('',(-0.0109262415499824,0.00530335886928268,0.001));
#15916=CARTESIAN_POINT('',(-0.0109262415499824,0.00530335886928268,0.001));
#15917=CARTESIAN_POINT('',(-0.0109262415499824,0.00530335886928268,0.001));
#15918=CARTESIAN_POINT('',(-0.0105677128950487,0.00530335886928268,0.001));
#15919=CARTESIAN_POINT('',(-0.0105677128950487,0.00530335886928268,0.001));
#15920=CARTESIAN_POINT('',(-0.0102091842401151,0.00530335886928268,0.001));
#15921=CARTESIAN_POINT('',(-0.0102091842401151,0.00530335886928268,0.001));
#15922=CARTESIAN_POINT('',(-0.0102091842401151,0.00530335886928268,0.001));
#15923=CARTESIAN_POINT('',(-0.0102091842401151,0.00530335886928268,0.));
#15924=CARTESIAN_POINT('',(-0.0100914321818771,0.00530335886928268,0.001));
#15925=CARTESIAN_POINT('',(-0.0100914321818771,0.00530335886928268,0.));
#15926=CARTESIAN_POINT('',(-0.0100325561527581,0.00536223489840168,0.001));
#15927=CARTESIAN_POINT('',(-0.0100325561527581,0.00536223489840168,0.));
#15928=CARTESIAN_POINT('',(-0.0100325561527581,0.00547998695663969,0.001));
#15929=CARTESIAN_POINT('',(-0.0100325561527581,0.00547998695663969,0.));
#15930=CARTESIAN_POINT('',(-0.0102091842401151,0.00530335886928268,0.001));
#15931=CARTESIAN_POINT('',(-0.0100325561527581,0.00530335886928268,0.001));
#15932=CARTESIAN_POINT('',(-0.0100325561527581,0.00547998695663969,0.001));
#15933=CARTESIAN_POINT('',(-0.0100325561527581,0.00547998695663969,0.001));
#15934=CARTESIAN_POINT('',(-0.0100325561527581,0.00547998695663969,0.001));
#15935=CARTESIAN_POINT('',(-0.0100325561527581,0.00826846993278727,0.001));
#15936=CARTESIAN_POINT('',(-0.0100325561527581,0.00826846993278727,0.001));
#15937=CARTESIAN_POINT('',(-0.0100325561527581,0.0110569529089348,0.001));
#15938=CARTESIAN_POINT('',(-0.0100325561527581,0.0110569529089348,0.001));
#15939=CARTESIAN_POINT('',(-0.0100325561527581,0.0110569529089348,0.001));
#15940=CARTESIAN_POINT('',(-0.0100325561527581,0.0110569529089348,0.));
#15941=CARTESIAN_POINT('',(-0.0100325561527581,0.0111747049671728,0.001));
#15942=CARTESIAN_POINT('',(-0.0100325561527581,0.0111747049671728,0.));
#15943=CARTESIAN_POINT('',(-0.0100914321818771,0.0112335809962918,0.001));
#15944=CARTESIAN_POINT('',(-0.0100914321818771,0.0112335809962918,0.));
#15945=CARTESIAN_POINT('',(-0.0102091842401151,0.0112335809962918,0.001));
#15946=CARTESIAN_POINT('',(-0.0102091842401151,0.0112335809962918,0.));
#15947=CARTESIAN_POINT('',(-0.0100325561527581,0.0110569529089348,0.001));
#15948=CARTESIAN_POINT('',(-0.0100325561527581,0.0112335809962918,0.001));
#15949=CARTESIAN_POINT('',(-0.0102091842401151,0.0112335809962918,0.001));
#15950=CARTESIAN_POINT('',(-0.0102091842401151,0.0112335809962918,0.001));
#15951=CARTESIAN_POINT('',(-0.0102091842401151,0.0112335809962918,0.001));
#15952=CARTESIAN_POINT('',(-0.0105677128950487,0.0112335809962918,0.001));
#15953=CARTESIAN_POINT('',(-0.0105677128950487,0.0112335809962918,0.001));
#15954=CARTESIAN_POINT('',(-0.0109262415499824,0.0112335809962918,0.001));
#15955=CARTESIAN_POINT('',(-0.0109262415499824,0.0112335809962918,0.001));
#15956=CARTESIAN_POINT('',(-0.0109262415499824,0.0112335809962918,0.001));
#15957=CARTESIAN_POINT('',(-0.0109262415499824,0.0112335809962918,0.));
#15958=CARTESIAN_POINT('',(-0.0110439936082204,0.0112335809962918,0.001));
#15959=CARTESIAN_POINT('',(-0.0110439936082204,0.0112335809962918,0.));
#15960=CARTESIAN_POINT('',(-0.0111028696373394,0.0111747049671728,0.001));
#15961=CARTESIAN_POINT('',(-0.0111028696373394,0.0111747049671728,0.));
#15962=CARTESIAN_POINT('',(-0.0111028696373394,0.0110569529089348,0.001));
#15963=CARTESIAN_POINT('',(-0.0111028696373394,0.0110569529089348,0.));
#15964=CARTESIAN_POINT('',(-0.0109262415499824,0.0112335809962918,0.001));
#15965=CARTESIAN_POINT('',(-0.0111028696373394,0.0112335809962918,0.001));
#15966=CARTESIAN_POINT('',(-0.0111028696373394,0.0110569529089348,0.001));
#15967=CARTESIAN_POINT('',(-0.0111028696373394,0.0110569529089348,0.001));
#15968=CARTESIAN_POINT('',(-0.0111028696373394,0.0110569529089348,0.001));
#15969=CARTESIAN_POINT('',(-0.0111028696373394,0.0109172321831151,0.001));
#15970=CARTESIAN_POINT('',(-0.0111028696373394,0.0109172321831151,0.001));
#15971=CARTESIAN_POINT('',(-0.0111028696373394,0.0107775114572954,0.001));
#15972=CARTESIAN_POINT('',(-0.0111028696373394,0.0107775114572954,0.001));
#15973=CARTESIAN_POINT('',(-0.0111200051980531,0.0107775114572954,0.001));
#15974=CARTESIAN_POINT('',(-0.0111200051980531,0.0107775114572954,0.001));
#15975=CARTESIAN_POINT('',(-0.011136810363986,0.0107775114572954,0.001));
#15976=CARTESIAN_POINT('',(-0.011136810363986,0.0107775114572954,0.001));
#15977=CARTESIAN_POINT('',(-0.0116854787016066,0.01030562447764,0.001));
#15978=CARTESIAN_POINT('',(-0.0116854787016066,0.01030562447764,0.));
#15979=CARTESIAN_POINT('',(-0.0112970726587618,0.01030562447764,0.001));
#15980=CARTESIAN_POINT('',(-0.0112970726587618,0.01030562447764,0.));
#15981=CARTESIAN_POINT('',(-0.0111028696373394,0.0100920890287457,0.001));
#15982=CARTESIAN_POINT('',(-0.0111028696373394,0.0100920890287457,0.));
#15983=CARTESIAN_POINT('',(-0.0111028696373394,0.00966501813095713,0.001));
#15984=CARTESIAN_POINT('',(-0.0111028696373394,0.00966501813095713,0.));
#15985=CARTESIAN_POINT('',(-0.0116854787016066,0.01030562447764,0.));
#15986=CARTESIAN_POINT('',(-0.0111028696373394,0.01030562447764,0.));
#15987=CARTESIAN_POINT('',(-0.0111028696373394,0.00966501813095713,0.));
#15988=CARTESIAN_POINT('',(-0.0116854787016066,0.01030562447764,0.));
#15989=CARTESIAN_POINT('',(-0.0111028696373394,0.00966501813095713,0.));
#15990=CARTESIAN_POINT('',(-0.0116854787016066,0.01030562447764,0.001));
#15991=CARTESIAN_POINT('',(-0.0116854787016066,0.01030562447764,0.001));
#15992=CARTESIAN_POINT('',(-0.0116854787016066,0.01030562447764,0.001));
#15993=CARTESIAN_POINT('',(-0.0111028696373394,0.01030562447764,0.001));
#15994=CARTESIAN_POINT('',(-0.0111028696373394,0.00966501813095713,0.001));
#15995=CARTESIAN_POINT('',(-0.0111028696373394,0.00966501813095713,0.001));
#15996=CARTESIAN_POINT('',(-0.0111028696373394,0.00966501813095713,0.001));
#15997=CARTESIAN_POINT('',(-0.0111028696373394,0.00908240906668995,0.001));
#15998=CARTESIAN_POINT('',(-0.0111028696373394,0.00908240906668995,0.));
#15999=CARTESIAN_POINT('',(-0.0111028696373394,0.00849980000242276,0.));
#16000=CARTESIAN_POINT('',(-0.0111028696373394,0.00908240906668995,0.001));
#16001=CARTESIAN_POINT('',(-0.0111028696373394,0.00849980000242276,0.001));
#16002=CARTESIAN_POINT('',(-0.0111028696373394,0.00849980000242276,0.001));
#16003=CARTESIAN_POINT('',(-0.0111028696373394,0.00849980000242276,0.001));
#16004=CARTESIAN_POINT('',(-0.0111028696373394,0.00849980000242276,0.));
#16005=CARTESIAN_POINT('',(-0.0111028696373394,0.00807272910463415,0.001));
#16006=CARTESIAN_POINT('',(-0.0111028696373394,0.00807272910463415,0.));
#16007=CARTESIAN_POINT('',(-0.0112970726587618,0.00785919365573984,0.001));
#16008=CARTESIAN_POINT('',(-0.0112970726587618,0.00785919365573984,0.));
#16009=CARTESIAN_POINT('',(-0.0116854787016066,0.00785919365573984,0.001));
#16010=CARTESIAN_POINT('',(-0.0116854787016066,0.00785919365573984,0.));
#16011=CARTESIAN_POINT('',(-0.0111028696373394,0.00849980000242276,0.));
#16012=CARTESIAN_POINT('',(-0.0111028696373394,0.00785919365573984,0.));
#16013=CARTESIAN_POINT('',(-0.0116854787016066,0.00785919365573984,0.));
#16014=CARTESIAN_POINT('',(-0.0116854787016066,0.00785919365573984,0.));
#16015=CARTESIAN_POINT('',(-0.0111028696373394,0.00849980000242276,0.001));
#16016=CARTESIAN_POINT('',(-0.0111028696373394,0.00785919365573984,0.001));
#16017=CARTESIAN_POINT('',(-0.0116854787016066,0.00785919365573984,0.001));
#16018=CARTESIAN_POINT('',(-0.0116854787016066,0.00785919365573984,0.001));
#16019=CARTESIAN_POINT('',(-0.0116854787016066,0.00785919365573984,0.001));
#16020=CARTESIAN_POINT('',(-0.0118752879895126,0.00785919365573984,0.001));
#16021=CARTESIAN_POINT('',(-0.0118752879895126,0.00785919365573984,0.));
#16022=CARTESIAN_POINT('',(-0.0120650972774187,0.00785919365573984,0.));
#16023=CARTESIAN_POINT('',(-0.0118752879895126,0.00785919365573984,0.001));
#16024=CARTESIAN_POINT('',(-0.0120650972774187,0.00785919365573984,0.001));
#16025=CARTESIAN_POINT('',(-0.0120650972774187,0.00785919365573984,0.001));
#16026=CARTESIAN_POINT('',(-0.0120650972774187,0.00785919365573984,0.001));
#16027=CARTESIAN_POINT('',(-0.0120650972774187,0.00785919365573984,0.));
#16028=CARTESIAN_POINT('',(-0.0122452403515888,0.00785919365573984,0.001));
#16029=CARTESIAN_POINT('',(-0.0122452403515888,0.00785919365573984,0.));
#16030=CARTESIAN_POINT('',(-0.0123717798768595,0.00789719945065621,0.001));
#16031=CARTESIAN_POINT('',(-0.0123717798768595,0.00789719945065621,0.));
#16032=CARTESIAN_POINT('',(-0.0124447158532308,0.00797321104048896,0.001));
#16033=CARTESIAN_POINT('',(-0.0124447158532308,0.00797321104048896,0.));
#16034=CARTESIAN_POINT('',(-0.0120650972774187,0.00785919365573984,0.));
#16035=CARTESIAN_POINT('',(-0.0123353118886738,0.00785919365573984,0.));
#16036=CARTESIAN_POINT('',(-0.0124447158532308,0.00797321104048896,0.));
#16037=CARTESIAN_POINT('',(-0.0124447158532308,0.00797321104048896,0.));
#16038=CARTESIAN_POINT('',(-0.0120650972774187,0.00785919365573984,0.001));
#16039=CARTESIAN_POINT('',(-0.0123353118886738,0.00785919365573984,0.001));
#16040=CARTESIAN_POINT('',(-0.0124447158532308,0.00797321104048896,0.001));
#16041=CARTESIAN_POINT('',(-0.0124447158532308,0.00797321104048896,0.001));
#16042=CARTESIAN_POINT('',(-0.0124447158532308,0.00797321104048896,0.001));
#16043=CARTESIAN_POINT('',(-0.0124447158532308,0.00797321104048896,0.001));
#16044=CARTESIAN_POINT('',(-0.0124447158532308,0.00797321104048896,0.));
#16045=CARTESIAN_POINT('',(-0.0125176518296021,0.00804922263032171,0.001));
#16046=CARTESIAN_POINT('',(-0.0125176518296021,0.00804922263032171,0.));
#16047=CARTESIAN_POINT('',(-0.0125541198177877,0.00817729996232313,0.001));
#16048=CARTESIAN_POINT('',(-0.0125541198177877,0.00817729996232313,0.));
#16049=CARTESIAN_POINT('',(-0.0125541198177877,0.00835744303649322,0.001));
#16050=CARTESIAN_POINT('',(-0.0125541198177877,0.00835744303649322,0.));
#16051=CARTESIAN_POINT('',(-0.0124447158532308,0.00797321104048896,0.));
#16052=CARTESIAN_POINT('',(-0.0125541198177877,0.00808722842523808,0.));
#16053=CARTESIAN_POINT('',(-0.0125541198177877,0.00835744303649322,0.));
#16054=CARTESIAN_POINT('',(-0.0125541198177877,0.00835744303649322,0.));
#16055=CARTESIAN_POINT('',(-0.0124447158532308,0.00797321104048896,0.001));
#16056=CARTESIAN_POINT('',(-0.0125541198177877,0.00808722842523808,0.001));
#16057=CARTESIAN_POINT('',(-0.0125541198177877,0.00835744303649322,0.001));
#16058=CARTESIAN_POINT('',(-0.0125541198177877,0.00835744303649322,0.001));
#16059=CARTESIAN_POINT('',(-0.0125541198177877,0.00835744303649322,0.001));
#16060=CARTESIAN_POINT('',(-0.0125541198177877,0.00908240906668994,0.001));
#16061=CARTESIAN_POINT('',(-0.0125541198177877,0.00908240906668994,0.));
#16062=CARTESIAN_POINT('',(-0.0125541198177877,0.00980737509688667,0.));
#16063=CARTESIAN_POINT('',(-0.0125541198177877,0.00908240906668994,0.001));
#16064=CARTESIAN_POINT('',(-0.0125541198177877,0.00980737509688667,0.001));
#16065=CARTESIAN_POINT('',(-0.0125541198177877,0.00980737509688667,0.001));
#16066=CARTESIAN_POINT('',(-0.0125541198177877,0.00980737509688667,0.001));
#16067=CARTESIAN_POINT('',(-0.0125541198177877,0.00980737509688667,0.));
#16068=CARTESIAN_POINT('',(-0.0125541198177877,0.00998751817105676,0.001));
#16069=CARTESIAN_POINT('',(-0.0125541198177877,0.00998751817105676,0.));
#16070=CARTESIAN_POINT('',(-0.0125176518296021,0.0101155955030582,0.001));
#16071=CARTESIAN_POINT('',(-0.0125176518296021,0.0101155955030582,0.));
#16072=CARTESIAN_POINT('',(-0.0124447158532308,0.0101916070928909,0.001));
#16073=CARTESIAN_POINT('',(-0.0124447158532308,0.0101916070928909,0.));
#16074=CARTESIAN_POINT('',(-0.0125541198177877,0.00980737509688667,0.));
#16075=CARTESIAN_POINT('',(-0.0125541198177877,0.0100775897081418,0.));
#16076=CARTESIAN_POINT('',(-0.0124447158532308,0.0101916070928909,0.));
#16077=CARTESIAN_POINT('',(-0.0124447158532308,0.0101916070928909,0.));
#16078=CARTESIAN_POINT('',(-0.0125541198177877,0.00980737509688667,0.001));
#16079=CARTESIAN_POINT('',(-0.0125541198177877,0.0100775897081418,0.001));
#16080=CARTESIAN_POINT('',(-0.0124447158532308,0.0101916070928909,0.001));
#16081=CARTESIAN_POINT('',(-0.0124447158532308,0.0101916070928909,0.001));
#16082=CARTESIAN_POINT('',(-0.0124447158532308,0.0101916070928909,0.001));
#16083=CARTESIAN_POINT('',(-0.0124447158532308,0.0101916070928909,0.001));
#16084=CARTESIAN_POINT('',(-0.0124447158532308,0.0101916070928909,0.));
#16085=CARTESIAN_POINT('',(-0.0123717798768595,0.0102676186827237,0.001));
#16086=CARTESIAN_POINT('',(-0.0123717798768595,0.0102676186827237,0.));
#16087=CARTESIAN_POINT('',(-0.0122452403515888,0.01030562447764,0.001));
#16088=CARTESIAN_POINT('',(-0.0122452403515888,0.01030562447764,0.));
#16089=CARTESIAN_POINT('',(-0.0120650972774187,0.01030562447764,0.001));
#16090=CARTESIAN_POINT('',(-0.0120650972774187,0.01030562447764,0.));
#16091=CARTESIAN_POINT('',(-0.0124447158532308,0.0101916070928909,0.));
#16092=CARTESIAN_POINT('',(-0.0123353118886738,0.01030562447764,0.));
#16093=CARTESIAN_POINT('',(-0.0120650972774187,0.01030562447764,0.));
#16094=CARTESIAN_POINT('',(-0.0120650972774187,0.01030562447764,0.));
#16095=CARTESIAN_POINT('',(-0.0124447158532308,0.0101916070928909,0.001));
#16096=CARTESIAN_POINT('',(-0.0123353118886738,0.01030562447764,0.001));
#16097=CARTESIAN_POINT('',(-0.0120650972774187,0.01030562447764,0.001));
#16098=CARTESIAN_POINT('',(-0.0120650972774187,0.01030562447764,0.001));
#16099=CARTESIAN_POINT('',(-0.0120650972774187,0.01030562447764,0.001));
#16100=CARTESIAN_POINT('',(-0.0118752879895126,0.01030562447764,0.001));
#16101=CARTESIAN_POINT('',(-0.0118752879895126,0.01030562447764,0.));
#16102=CARTESIAN_POINT('',(-0.0118752879895126,0.01030562447764,0.001));
#16103=CARTESIAN_POINT('',(-0.01172647103108,0.0105379165756042,0.001));
#16104=CARTESIAN_POINT('',(-0.01172647103108,0.0105379165756042,0.001));
#16105=CARTESIAN_POINT('',(0.00543415728104759,0.0101126253995156,0.001));
#16106=CARTESIAN_POINT('',(0.0054341572810476,0.00944668416563343,0.));
#16107=CARTESIAN_POINT('',(0.0054341572810476,0.00944668416563343,0.));
#16108=CARTESIAN_POINT('',(0.0054341572810476,0.00944668416563343,0.));
#16109=CARTESIAN_POINT('',(0.,0.,0.));
#16110=CARTESIAN_POINT('',(0.0192841572810476,-0.00963737460048436,0.013));
#16111=CARTESIAN_POINT('',(0.0192841572810476,-0.00963737460048436,0.));
#16112=CARTESIAN_POINT('',(0.0127841572810476,-0.00963737460048436,0.));
#16113=CARTESIAN_POINT('',(0.0257841572810476,-0.00963737460048437,0.));
#16114=CARTESIAN_POINT('',(0.0127841572810476,-0.00963737460048436,0.013));
#16115=CARTESIAN_POINT('',(0.0127841572810476,-0.00963737460048436,0.013));
#16116=CARTESIAN_POINT('',(0.0192841572810476,-0.00963737460048436,0.013));
#16117=CARTESIAN_POINT('',(0.0257841572810476,-0.00963737460048437,0.013));
#16118=CARTESIAN_POINT('',(0.0257841572810476,-0.00963737460048437,0.013));
#16119=CARTESIAN_POINT('',(0.0127841572810476,-0.0149703452174255,0.013));
#16120=CARTESIAN_POINT('',(0.0127841572810476,-0.0149703452174255,0.));
#16121=CARTESIAN_POINT('',(0.0127841572810476,-0.0203033158343666,0.));
#16122=CARTESIAN_POINT('',(0.0127841572810476,-0.0203033158343666,0.013));
#16123=CARTESIAN_POINT('',(0.0127841572810476,-0.0203033158343666,0.013));
#16124=CARTESIAN_POINT('',(0.0127841572810476,-0.0149703452174255,0.013));
#16125=CARTESIAN_POINT('',(0.021422182248603,-0.0203033158343666,0.013));
#16126=CARTESIAN_POINT('',(0.021422182248603,-0.0203033158343666,0.));
#16127=CARTESIAN_POINT('',(0.0277083424985945,-0.0203033158343666,0.));
#16128=CARTESIAN_POINT('',(0.0277083424985945,-0.0203033158343666,0.013));
#16129=CARTESIAN_POINT('',(0.0277083424985945,-0.0203033158343666,0.013));
#16130=CARTESIAN_POINT('',(0.021422182248603,-0.0203033158343666,0.013));
#16131=CARTESIAN_POINT('',(0.0388221822486029,-0.00971866164927492,0.013));
#16132=CARTESIAN_POINT('',(0.0388221822486029,-0.00971866164927492,0.));
#16133=CARTESIAN_POINT('',(0.0315599099221064,-0.0184916427282315,0.));
#16134=CARTESIAN_POINT('',(0.0464357247045594,-0.000521338703088884,0.));
#16135=CARTESIAN_POINT('',(0.0464357247045594,-0.000521338703088884,0.013));
#16136=CARTESIAN_POINT('',(0.0464357247045594,-0.000521338703088884,0.013));
#16137=CARTESIAN_POINT('',(0.0388221822486029,-0.00971866164927492,0.013));
#16138=CARTESIAN_POINT('',(0.0315599099221064,-0.0184916427282315,0.013));
#16139=CARTESIAN_POINT('',(0.0315599099221064,-0.0184916427282315,0.013));
#16140=CARTESIAN_POINT('',(0.0475841572810476,0.00536430896766617,0.013));
#16141=CARTESIAN_POINT('',(0.0475841572810476,0.00536430896766617,0.013));
#16142=CARTESIAN_POINT('',(0.0475841572810476,0.00266698819077606,0.013));
#16143=CARTESIAN_POINT('',(0.0475841572810476,0.00986262539951565,0.013));
#16144=CARTESIAN_POINT('',(0.0475841572810476,0.00266698819077606,0.013));
#16145=CARTESIAN_POINT('',(0.0475841572810476,0.00266698819077606,0.));
#16146=CARTESIAN_POINT('',(0.0475841572810476,0.00536430896766617,0.));
#16147=CARTESIAN_POINT('',(0.0475841572810476,0.00986262539951565,0.));
#16148=CARTESIAN_POINT('',(0.0475841572810476,0.00986262539951565,0.013));
#16149=CARTESIAN_POINT('',(0.0425847464927451,0.00986262539951565,0.013));
#16150=CARTESIAN_POINT('',(0.0425847464927451,0.00986262539951565,0.));
#16151=CARTESIAN_POINT('',(0.0375841572810476,0.00986262539951565,0.));
#16152=CARTESIAN_POINT('',(0.0375841572810476,0.00986262539951565,0.013));
#16153=CARTESIAN_POINT('',(0.0375841572810476,0.00986262539951565,0.013));
#16154=CARTESIAN_POINT('',(0.0425847464927451,0.00986262539951565,0.013));
#16155=CARTESIAN_POINT('',(0.0375841572810476,0.00661262539951565,0.013));
#16156=CARTESIAN_POINT('',(0.0375841572810476,0.00661262539951565,0.));
#16157=CARTESIAN_POINT('',(0.0375841572810476,0.00336262539951565,0.));
#16158=CARTESIAN_POINT('',(0.0375841572810476,0.00336262539951565,0.013));
#16159=CARTESIAN_POINT('',(0.0375841572810476,0.00336262539951565,0.013));
#16160=CARTESIAN_POINT('',(0.0375841572810476,0.00661262539951565,0.013));
#16161=CARTESIAN_POINT('',(0.0316841572810476,-0.00313737460048436,0.013));
#16162=CARTESIAN_POINT('',(0.0316841572810476,-0.00313737460048436,0.));
#16163=CARTESIAN_POINT('',(0.0316841572810476,-0.00313737460048436,0.013));
#16164=CARTESIAN_POINT('',(0.0054341572810476,0.00944668416563343,0.013));
#16165=CARTESIAN_POINT('',(0.0425841572810476,0.00266698819077606,0.013));
#16166=CARTESIAN_POINT('',(0.0277083424985945,-0.0153033158343666,0.013));
#16167=CARTESIAN_POINT('',(0.0054341572810476,0.00944668416563343,0.));
#16168=CARTESIAN_POINT('',(0.0425841572810476,0.00266698819077606,0.));
#16169=CARTESIAN_POINT('',(0.0277083424985945,-0.0153033158343666,0.));
#16170=CARTESIAN_POINT('',(0.0425841572810476,0.00266698819077606,0.013));
#16171=CARTESIAN_POINT('',(0.0277083424985945,-0.0153033158343666,0.013));
#16172=CARTESIAN_POINT('',(0.,0.,0.));
#16173=CARTESIAN_POINT('',(-0.0054658427189524,-0.00963737460048436,0.013));
#16174=CARTESIAN_POINT('',(-0.0054658427189524,-0.00963737460048436,0.));
#16175=CARTESIAN_POINT('',(-0.0087158427189524,-0.00963737460048436,0.));
#16176=CARTESIAN_POINT('',(-0.0022158427189524,-0.00963737460048436,0.));
#16177=CARTESIAN_POINT('',(-0.0087158427189524,-0.00963737460048436,0.013));
#16178=CARTESIAN_POINT('',(-0.0087158427189524,-0.00963737460048436,0.013));
#16179=CARTESIAN_POINT('',(-0.0054658427189524,-0.00963737460048436,0.013));
#16180=CARTESIAN_POINT('',(-0.0022158427189524,-0.00963737460048436,0.013));
#16181=CARTESIAN_POINT('',(-0.0022158427189524,-0.00963737460048436,0.013));
#16182=CARTESIAN_POINT('',(-0.0087158427189524,-0.0149703452174255,0.013));
#16183=CARTESIAN_POINT('',(-0.0087158427189524,-0.0149703452174255,0.));
#16184=CARTESIAN_POINT('',(-0.0087158427189524,-0.0203033158343666,0.));
#16185=CARTESIAN_POINT('',(-0.0087158427189524,-0.0203033158343666,0.013));
#16186=CARTESIAN_POINT('',(-0.0087158427189524,-0.0203033158343666,0.013));
#16187=CARTESIAN_POINT('',(-0.0087158427189524,-0.0149703452174255,0.013));
#16188=CARTESIAN_POINT('',(-0.0054658427189524,-0.0203033158343666,0.013));
#16189=CARTESIAN_POINT('',(-0.0054658427189524,-0.0203033158343666,0.));
#16190=CARTESIAN_POINT('',(-0.0022158427189524,-0.0203033158343666,0.));
#16191=CARTESIAN_POINT('',(-0.0022158427189524,-0.0203033158343666,0.013));
#16192=CARTESIAN_POINT('',(-0.0022158427189524,-0.0203033158343666,0.013));
#16193=CARTESIAN_POINT('',(-0.0054658427189524,-0.0203033158343666,0.013));
#16194=CARTESIAN_POINT('',(-0.0022158427189524,-0.0149703452174255,0.013));
#16195=CARTESIAN_POINT('',(-0.0022158427189524,-0.0149703452174255,0.));
#16196=CARTESIAN_POINT('',(-0.0022158427189524,-0.0149703452174255,0.013));
#16197=CARTESIAN_POINT('',(0.0054341572810476,0.00944668416563343,0.013));
#16198=CARTESIAN_POINT('',(0.0054341572810476,0.00944668416563343,0.));
#16199=MECHANICAL_DESIGN_GEOMETRIC_PRESENTATION_REPRESENTATION('',(#9281),
#16203);
#16200=MECHANICAL_DESIGN_GEOMETRIC_PRESENTATION_REPRESENTATION('',(#9282),
#16204);
#16201=MECHANICAL_DESIGN_GEOMETRIC_PRESENTATION_REPRESENTATION('',(#9283),
#16205);
#16202=MECHANICAL_DESIGN_GEOMETRIC_PRESENTATION_REPRESENTATION('',(#9284),
#16206);
#16203=(
GEOMETRIC_REPRESENTATION_CONTEXT(3)
GLOBAL_UNCERTAINTY_ASSIGNED_CONTEXT((#16207))
GLOBAL_UNIT_ASSIGNED_CONTEXT((#16219,#16215,#16211))
REPRESENTATION_CONTEXT('Part 2','TOP_LEVEL_ASSEMBLY_PART')
);
#16204=(
GEOMETRIC_REPRESENTATION_CONTEXT(3)
GLOBAL_UNCERTAINTY_ASSIGNED_CONTEXT((#16208))
GLOBAL_UNIT_ASSIGNED_CONTEXT((#16220,#16216,#16212))
REPRESENTATION_CONTEXT('Part 4','TOP_LEVEL_ASSEMBLY_PART')
);
#16205=(
GEOMETRIC_REPRESENTATION_CONTEXT(3)
GLOBAL_UNCERTAINTY_ASSIGNED_CONTEXT((#16209))
GLOBAL_UNIT_ASSIGNED_CONTEXT((#16221,#16217,#16213))
REPRESENTATION_CONTEXT('Part 1','TOP_LEVEL_ASSEMBLY_PART')
);
#16206=(
GEOMETRIC_REPRESENTATION_CONTEXT(3)
GLOBAL_UNCERTAINTY_ASSIGNED_CONTEXT((#16210))
GLOBAL_UNIT_ASSIGNED_CONTEXT((#16222,#16218,#16214))
REPRESENTATION_CONTEXT('Part 3','TOP_LEVEL_ASSEMBLY_PART')
);
#16207=UNCERTAINTY_MEASURE_WITH_UNIT(LENGTH_MEASURE(1.E-8),#16219,
'DISTANCE_ACCURACY_VALUE','Maximum Tolerance applied to model');
#16208=UNCERTAINTY_MEASURE_WITH_UNIT(LENGTH_MEASURE(2.E-5),#16220,
'DISTANCE_ACCURACY_VALUE','Maximum Tolerance applied to model');
#16209=UNCERTAINTY_MEASURE_WITH_UNIT(LENGTH_MEASURE(1.E-8),#16221,
'DISTANCE_ACCURACY_VALUE','Maximum Tolerance applied to model');
#16210=UNCERTAINTY_MEASURE_WITH_UNIT(LENGTH_MEASURE(1.E-8),#16222,
'DISTANCE_ACCURACY_VALUE','Maximum Tolerance applied to model');
#16211=(
NAMED_UNIT(*)
SI_UNIT($,.STERADIAN.)
SOLID_ANGLE_UNIT()
);
#16212=(
NAMED_UNIT(*)
SI_UNIT($,.STERADIAN.)
SOLID_ANGLE_UNIT()
);
#16213=(
NAMED_UNIT(*)
SI_UNIT($,.STERADIAN.)
SOLID_ANGLE_UNIT()
);
#16214=(
NAMED_UNIT(*)
SI_UNIT($,.STERADIAN.)
SOLID_ANGLE_UNIT()
);
#16215=(
NAMED_UNIT(*)
PLANE_ANGLE_UNIT()
SI_UNIT($,.RADIAN.)
);
#16216=(
NAMED_UNIT(*)
PLANE_ANGLE_UNIT()
SI_UNIT($,.RADIAN.)
);
#16217=(
NAMED_UNIT(*)
PLANE_ANGLE_UNIT()
SI_UNIT($,.RADIAN.)
);
#16218=(
NAMED_UNIT(*)
PLANE_ANGLE_UNIT()
SI_UNIT($,.RADIAN.)
);
#16219=(
LENGTH_UNIT()
NAMED_UNIT(*)
SI_UNIT($,.METRE.)
);
#16220=(
LENGTH_UNIT()
NAMED_UNIT(*)
SI_UNIT($,.METRE.)
);
#16221=(
LENGTH_UNIT()
NAMED_UNIT(*)
SI_UNIT($,.METRE.)
);
#16222=(
LENGTH_UNIT()
NAMED_UNIT(*)
SI_UNIT($,.METRE.)
);
#16223=PRODUCT_DEFINITION_SHAPE('','',#16227);
#16224=PRODUCT_DEFINITION_SHAPE('','',#16228);
#16225=PRODUCT_DEFINITION_SHAPE('','',#16229);
#16226=PRODUCT_DEFINITION_SHAPE('','',#16230);
#16227=PRODUCT_DEFINITION('','',#16235,#16231);
#16228=PRODUCT_DEFINITION('','',#16236,#16232);
#16229=PRODUCT_DEFINITION('','',#16237,#16233);
#16230=PRODUCT_DEFINITION('','',#16238,#16234);
#16231=PRODUCT_DEFINITION_CONTEXT('',#16259,'design');
#16232=PRODUCT_DEFINITION_CONTEXT('',#16260,'design');
#16233=PRODUCT_DEFINITION_CONTEXT('',#16261,'design');
#16234=PRODUCT_DEFINITION_CONTEXT('',#16262,'design');
#16235=PRODUCT_DEFINITION_FORMATION_WITH_SPECIFIED_SOURCE('','',#16243,
 .NOT_KNOWN.);
#16236=PRODUCT_DEFINITION_FORMATION_WITH_SPECIFIED_SOURCE('','',#16244,
 .NOT_KNOWN.);
#16237=PRODUCT_DEFINITION_FORMATION_WITH_SPECIFIED_SOURCE('','',#16245,
 .NOT_KNOWN.);
#16238=PRODUCT_DEFINITION_FORMATION_WITH_SPECIFIED_SOURCE('','',#16246,
 .NOT_KNOWN.);
#16239=PRODUCT_RELATED_PRODUCT_CATEGORY('','',(#16243));
#16240=PRODUCT_RELATED_PRODUCT_CATEGORY('','',(#16244));
#16241=PRODUCT_RELATED_PRODUCT_CATEGORY('','',(#16245));
#16242=PRODUCT_RELATED_PRODUCT_CATEGORY('','',(#16246));
#16243=PRODUCT('Part 2','Part 2','Part 2',(#16251));
#16244=PRODUCT('Part 4','Part 4','Part 4',(#16252));
#16245=PRODUCT('Part 1','Part 1','Part 1',(#16253));
#16246=PRODUCT('Part 3','Part 3','Part 3',(#16254));
#16247=PRODUCT_CATEGORY('','');
#16248=PRODUCT_CATEGORY('','');
#16249=PRODUCT_CATEGORY('','');
#16250=PRODUCT_CATEGORY('','');
#16251=PRODUCT_CONTEXT('',#16259,'mechanical');
#16252=PRODUCT_CONTEXT('',#16260,'mechanical');
#16253=PRODUCT_CONTEXT('',#16261,'mechanical');
#16254=PRODUCT_CONTEXT('',#16262,'mechanical');
#16255=APPLICATION_PROTOCOL_DEFINITION('international standard',
'ap242_managed_model_based_3d_engineering',2020,#16259);
#16256=APPLICATION_PROTOCOL_DEFINITION('international standard',
'ap242_managed_model_based_3d_engineering',2020,#16260);
#16257=APPLICATION_PROTOCOL_DEFINITION('international standard',
'ap242_managed_model_based_3d_engineering',2020,#16261);
#16258=APPLICATION_PROTOCOL_DEFINITION('international standard',
'ap242_managed_model_based_3d_engineering',2020,#16262);
#16259=APPLICATION_CONTEXT('managed model based 3d engineering');
#16260=APPLICATION_CONTEXT('managed model based 3d engineering');
#16261=APPLICATION_CONTEXT('managed model based 3d engineering');
#16262=APPLICATION_CONTEXT('managed model based 3d engineering');
ENDSEC;
END-ISO-10303-21;
